# This file uses centimeters as units for non-parametric coordinates.

mtllib pillow.mtl
g default
v -0.311527 2.927919 2.154016
v -0.311527 2.910155 2.154016
v -0.311527 2.910155 2.080370
v -0.311527 2.927919 2.080370
vt 0.375000 0.125000
vt 0.375000 0.250000
vt 0.367857 0.125000
vt 0.367857 0.250000
vn -1.000000 0.000000 0.000000
vn -1.000000 0.000000 0.000000
vn -1.000000 0.000000 0.000000
vn -1.000000 0.000000 0.000000
s off
g pCube1
usemtl initialShadingGroup
f 4/3/1 1/1/2 2/2/3 3/4/4
g default
v -0.298894 0.605878 2.158857
v -0.228030 0.609623 2.153628
v -0.160577 0.614403 2.142192
v -0.092541 0.623621 2.136729
v -0.024026 0.633803 2.133522
v 0.044685 0.642836 2.130190
v 0.113545 0.650365 2.126469
v 0.182512 0.656566 2.122584
v 0.251553 0.661575 2.118662
v 0.320649 0.665563 2.114848
v 0.389729 0.668724 2.111223
v 0.458835 0.671158 2.107921
v 0.527965 0.672948 2.105014
v 0.597109 0.674212 2.102640
v 0.666261 0.675010 2.100873
v 0.735413 0.675310 2.099677
v 0.804559 0.675115 2.099077
v 0.873709 0.674401 2.099032
v 0.942860 0.673176 2.099548
v 1.012004 0.671420 2.100598
v 1.081129 0.669042 2.102075
v 1.150258 0.665957 2.103850
v 1.219383 0.662048 2.105822
v 1.288460 0.657190 2.107966
v 1.357470 0.651242 2.110161
v 1.426381 0.644114 2.112336
v 1.495149 0.635827 2.114524
v 1.563712 0.626801 2.117223
v 1.631869 0.618149 2.121865
v 1.699622 0.611308 2.130009
v 1.770432 0.605913 2.133052
v -0.299041 0.587782 2.157808
v -0.230164 0.588933 2.155551
v -0.161276 0.593732 2.149359
v -0.092776 0.603609 2.146289
v -0.024144 0.613919 2.143341
v 0.044596 0.622864 2.139668
v 0.113463 0.630249 2.135600
v 0.182418 0.636279 2.131418
v 0.251444 0.641124 2.127264
v 0.320525 0.644965 2.123280
v 0.389648 0.647972 2.119542
v 0.458808 0.650275 2.116150
v 0.527981 0.651951 2.113172
v 0.597181 0.653123 2.110728
v 0.666397 0.653848 2.108881
v 0.735617 0.654121 2.107643
v 0.804833 0.653921 2.107035
v 0.874040 0.653261 2.107023
v 0.943232 0.652121 2.107586
v 1.012430 0.650465 2.108692
v 1.081598 0.648215 2.110240
v 1.150733 0.645272 2.112123
v 1.219834 0.641516 2.114257
v 1.288888 0.636820 2.116598
v 1.357877 0.631038 2.119020
v 1.426780 0.624036 2.121402
v 1.495575 0.615733 2.123622
v 1.564282 0.606396 2.125699
v 1.632945 0.597224 2.128404
v 1.701546 0.590417 2.132827
v 1.770164 0.587818 2.132149
v -0.299934 0.571091 2.158997
v -0.230212 0.571505 2.158985
v -0.160412 0.578297 2.158109
v -0.091559 0.588988 2.156304
v -0.022953 0.599160 2.153226
v 0.045700 0.607702 2.149387
v 0.114407 0.614752 2.145122
v 0.183189 0.620493 2.140740
v 0.252051 0.625112 2.136448
v 0.321001 0.628763 2.132372
v 0.390024 0.631625 2.128593
v 0.459118 0.633816 2.125191
v 0.528256 0.635428 2.122223
v 0.597422 0.636542 2.119771
v 0.666611 0.637214 2.117891
v 0.735783 0.637449 2.116622
v 0.804970 0.637245 2.116014
v 0.874141 0.636619 2.116021
v 0.943289 0.635541 2.116608
v 1.012410 0.633971 2.117715
v 1.081485 0.631842 2.119289
v 1.150519 0.629067 2.121252
v 1.219488 0.625533 2.123542
v 1.288380 0.621092 2.126078
v 1.357194 0.615595 2.128725
v 1.425933 0.608892 2.131300
v 1.494619 0.600832 2.133533
v 1.563288 0.591361 2.135107
v 1.632203 0.581049 2.135710
v 1.701896 0.572792 2.135018
v 1.771532 0.571091 2.132917
v -0.302099 0.574050 2.084879
v -0.233100 0.571091 2.086125
v -0.163496 0.571091 2.085749
v -0.094166 0.571091 2.085604
v -0.025155 0.571091 2.085850
v 0.043758 0.571091 2.086239
v 0.112701 0.571091 2.086653
v 0.181701 0.571091 2.087032
v 0.250759 0.571091 2.087333
v 0.319876 0.571091 2.087529
v 0.389051 0.571091 2.087583
v 0.458266 0.571091 2.087473
v 0.527517 0.571091 2.087190
v 0.596806 0.571091 2.086731
v 0.666151 0.571091 2.086095
v 0.735529 0.571091 2.085259
v 0.804842 0.571091 2.084236
v 0.874095 0.571091 2.083051
v 0.943301 0.571091 2.081700
v 1.012474 0.571091 2.080189
v 1.081612 0.571091 2.078528
v 1.150703 0.571091 2.076730
v 1.219737 0.571091 2.074820
v 1.288706 0.571091 2.072837
v 1.357622 0.571091 2.070815
v 1.426499 0.571091 2.068796
v 1.495367 0.571091 2.066839
v 1.564358 0.571091 2.065049
v 1.633625 0.571091 2.063560
v 1.703119 0.571091 2.062170
v 1.771947 0.576170 2.058964
v -0.303472 0.582466 2.011591
v -0.235696 0.571091 2.013166
v -0.166137 0.571091 2.012722
v -0.096664 0.571091 2.012547
v -0.027323 0.571091 2.012588
v 0.041879 0.571091 2.012841
v 0.111039 0.571091 2.013176
v 0.180226 0.571091 2.013480
v 0.249454 0.571091 2.013723
v 0.318704 0.571091 2.013858
v 0.387970 0.571091 2.013856
v 0.457253 0.571091 2.013700
v 0.526556 0.571091 2.013382
v 0.595889 0.571091 2.012902
v 0.665256 0.571091 2.012253
v 0.734677 0.571091 2.011415
v 0.804014 0.571091 2.010398
v 0.873308 0.571091 2.009223
v 0.942565 0.571091 2.007899
v 1.011800 0.571091 2.006427
v 1.081021 0.571091 2.004810
v 1.150222 0.571091 2.003061
v 1.219401 0.571091 2.001203
v 1.288556 0.571091 1.999268
v 1.357673 0.571091 1.997311
v 1.426778 0.571091 1.995366
v 1.495943 0.571091 1.993538
v 1.565231 0.571091 1.991912
v 1.634635 0.571091 1.990468
v 1.704122 0.571091 1.989222
v 1.771175 0.586149 1.986012
v -0.303346 0.593477 1.938896
v -0.238137 0.571091 1.940288
v -0.168573 0.571091 1.939777
v -0.098977 0.571091 1.939516
v -0.029449 0.571091 1.939450
v 0.039999 0.571091 1.939519
v 0.109378 0.571091 1.939687
v 0.178719 0.571091 1.939893
v 0.248069 0.571091 1.940033
v 0.317435 0.571091 1.940070
v 0.386798 0.571091 1.939979
v 0.456159 0.571091 1.939750
v 0.525531 0.571091 1.939377
v 0.594920 0.571091 1.938857
v 0.664351 0.571091 1.938196
v 0.733819 0.571091 1.937351
v 0.803219 0.571091 1.936331
v 0.872568 0.571091 1.935180
v 0.941894 0.571091 1.933895
v 1.011206 0.571091 1.932480
v 1.080515 0.571091 1.930936
v 1.149826 0.571091 1.929270
v 1.219138 0.571091 1.927499
v 1.288432 0.571091 1.925662
v 1.357723 0.571091 1.923799
v 1.427062 0.571091 1.922012
v 1.496467 0.571091 1.920335
v 1.565934 0.571091 1.918797
v 1.635477 0.571091 1.917465
v 1.705012 0.571091 1.916349
v 1.768827 0.597067 1.913536
v -0.301834 0.603270 1.866608
v -0.240615 0.571091 1.867611
v -0.170939 0.571091 1.866950
v -0.101205 0.571091 1.866590
v -0.031537 0.571091 1.866402
v 0.038081 0.571091 1.866341
v 0.107654 0.571091 1.866355
v 0.177174 0.571091 1.866400
v 0.246643 0.571091 1.866434
v 0.316099 0.571091 1.866376
v 0.385557 0.571091 1.866200
v 0.455007 0.571091 1.865898
v 0.524457 0.571091 1.865470
v 0.593925 0.571091 1.864918
v 0.663430 0.571091 1.864244
v 0.732959 0.571091 1.863391
v 0.802436 0.571091 1.862367
v 0.871865 0.571091 1.861231
v 0.941269 0.571091 1.859986
v 1.010668 0.571091 1.858626
v 1.080073 0.571091 1.857152
v 1.149490 0.571091 1.855566
v 1.218907 0.571091 1.853886
v 1.288341 0.571091 1.852148
v 1.357828 0.571091 1.850438
v 1.427362 0.571091 1.848784
v 1.496935 0.571091 1.847217
v 1.566573 0.571091 1.845771
v 1.636278 0.571091 1.844579
v 1.705934 0.571091 1.843627
v 1.765188 0.606523 1.841320
v -0.299434 0.611367 1.794324
v -0.243052 0.571091 1.795015
v -0.173251 0.571091 1.794232
v -0.103392 0.571091 1.793761
v -0.033592 0.571091 1.793452
v 0.036159 0.571091 1.793267
v 0.105878 0.571091 1.793147
v 0.175557 0.571091 1.793048
v 0.245181 0.571091 1.792932
v 0.314742 0.571091 1.792772
v 0.384278 0.571091 1.792516
v 0.453817 0.571091 1.792147
v 0.523361 0.571091 1.791672
v 0.592912 0.571091 1.791086
v 0.662499 0.571091 1.790397
v 0.732094 0.571091 1.789535
v 0.801656 0.571091 1.788508
v 0.871174 0.571091 1.787387
v 0.940669 0.571091 1.786176
v 1.010163 0.571091 1.784866
v 1.079664 0.571091 1.783455
v 1.149170 0.571091 1.781947
v 1.218709 0.571091 1.780365
v 1.288313 0.571091 1.778774
v 1.357967 0.571091 1.777191
v 1.427654 0.571091 1.775647
v 1.497373 0.571091 1.774185
v 1.567167 0.571091 1.772862
v 1.637060 0.571091 1.771821
v 1.706803 0.571091 1.770949
v 1.760824 0.614263 1.769065
v -0.296605 0.617942 1.721995
v -0.245401 0.571091 1.722439
v -0.175483 0.571091 1.721567
v -0.105505 0.571091 1.720981
v -0.035605 0.571091 1.720566
v 0.034259 0.571091 1.720276
v 0.104096 0.571091 1.720051
v 0.173904 0.571091 1.719827
v 0.243660 0.571091 1.719572
v 0.313357 0.571091 1.719270
v 0.383003 0.571091 1.718921
v 0.452623 0.571091 1.718499
v 0.522248 0.571091 1.717969
v 0.591892 0.571091 1.717357
v 0.661562 0.571091 1.716653
v 0.731220 0.571091 1.715781
v 0.800869 0.571091 1.714755
v 0.870482 0.571091 1.713648
v 0.940076 0.571091 1.712462
v 1.009659 0.571091 1.711199
v 1.079247 0.571091 1.709848
v 1.148874 0.571091 1.708429
v 1.218567 0.571091 1.706981
v 1.288320 0.571091 1.705513
v 1.358109 0.571091 1.704040
v 1.427925 0.571091 1.702597
v 1.497780 0.571091 1.701244
v 1.567712 0.571091 1.700040
v 1.637723 0.571091 1.699116
v 1.707556 0.571091 1.698272
v 1.756151 0.620488 1.696742
v -0.293705 0.623201 1.649633
v -0.247648 0.571091 1.649865
v -0.177618 0.571091 1.648937
v -0.107546 0.571091 1.648237
v -0.037547 0.571091 1.647722
v 0.032419 0.571091 1.647343
v 0.102357 0.571091 1.647025
v 0.172258 0.571091 1.646703
v 0.242117 0.571091 1.646340
v 0.311936 0.571091 1.645925
v 0.381708 0.571091 1.645460
v 0.451439 0.571091 1.644940
v 0.521152 0.571091 1.644369
v 0.590880 0.571091 1.643726
v 0.660621 0.571091 1.642998
v 0.730344 0.571091 1.642116
v 0.800075 0.571091 1.641096
v 0.869773 0.571091 1.640006
v 0.939457 0.571091 1.638849
v 1.009142 0.571091 1.637627
v 1.078852 0.571091 1.636361
v 1.148617 0.571091 1.635060
v 1.218446 0.571091 1.633725
v 1.288321 0.571091 1.632357
v 1.358227 0.571091 1.630973
v 1.428159 0.571091 1.629618
v 1.498125 0.571091 1.628357
v 1.568157 0.571091 1.627245
v 1.638255 0.571091 1.626429
v 1.708158 0.571091 1.625619
v 1.751459 0.625405 1.624356
v -0.290947 0.627312 1.577218
v -0.249761 0.571091 1.577329
v -0.179655 0.571091 1.576317
v -0.109506 0.571091 1.575520
v -0.039414 0.571091 1.574925
v 0.030647 0.571091 1.574467
v 0.100675 0.571091 1.574062
v 0.170664 0.571091 1.573649
v 0.240612 0.571091 1.573198
v 0.310520 0.571091 1.572695
v 0.380391 0.571091 1.572141
v 0.450231 0.571091 1.571543
v 0.520058 0.571091 1.570899
v 0.589870 0.571091 1.570204
v 0.659671 0.571091 1.569430
v 0.729459 0.571091 1.568545
v 0.799263 0.571091 1.567541
v 0.869055 0.571091 1.566475
v 0.938842 0.571091 1.565360
v 1.008644 0.571091 1.564208
v 1.078484 0.571091 1.563028
v 1.148366 0.571091 1.561818
v 1.218295 0.571091 1.560568
v 1.288270 0.571091 1.559280
v 1.358283 0.571091 1.557974
v 1.428324 0.571091 1.556693
v 1.498391 0.571091 1.555503
v 1.568508 0.571091 1.554465
v 1.638671 0.571091 1.553736
v 1.708600 0.571091 1.553010
v 1.746825 0.629214 1.551895
v -0.288249 0.630481 1.504713
v -0.251735 0.571091 1.504813
v -0.181602 0.571091 1.503694
v -0.111374 0.571091 1.502832
v -0.041198 0.571091 1.502175
v 0.028948 0.571091 1.501647
v 0.099058 0.571091 1.501164
v 0.169126 0.571091 1.500669
v 0.239152 0.571091 1.500135
v 0.309140 0.571091 1.499555
v 0.379097 0.571091 1.498931
v 0.449030 0.571091 1.498269
v 0.518942 0.571091 1.497566
v 0.588836 0.571091 1.496815
v 0.658712 0.571091 1.495998
v 0.728584 0.571091 1.495105
v 0.798464 0.571091 1.494133
v 0.868356 0.571091 1.493092
v 0.938248 0.571091 1.492024
v 1.008159 0.571091 1.490932
v 1.078099 0.571091 1.489814
v 1.148074 0.571091 1.488667
v 1.218090 0.571091 1.487487
v 1.288154 0.571091 1.486274
v 1.358264 0.571091 1.485039
v 1.428406 0.571091 1.483821
v 1.498568 0.571091 1.482685
v 1.568764 0.571091 1.481697
v 1.638987 0.571091 1.481025
v 1.708902 0.571091 1.480385
v 1.742092 0.632162 1.479349
v -0.285365 0.633030 1.432140
v -0.253587 0.571091 1.432248
v -0.183454 0.571091 1.431077
v -0.113145 0.571091 1.430179
v -0.042895 0.571091 1.429473
v 0.027327 0.571091 1.428885
v 0.097508 0.571091 1.428328
v 0.167644 0.571091 1.427756
v 0.237738 0.571091 1.427147
v 0.307799 0.571091 1.426501
v 0.377832 0.571091 1.425817
v 0.447842 0.571091 1.425099
v 0.517831 0.571091 1.424345
v 0.587804 0.571091 1.423550
v 0.657765 0.571091 1.422707
v 0.727722 0.571091 1.421809
v 0.797685 0.571091 1.420856
v 0.867665 0.571091 1.419849
v 0.937652 0.571091 1.418816
v 1.007653 0.571091 1.417765
v 1.077678 0.571091 1.416693
v 1.147733 0.571091 1.415600
v 1.217826 0.571091 1.414480
v 1.287968 0.571091 1.413333
v 1.358161 0.571091 1.412165
v 1.428394 0.571091 1.411002
v 1.498647 0.571091 1.409908
v 1.568920 0.571091 1.408948
v 1.639195 0.571091 1.408310
v 1.709101 0.571091 1.407671
v 1.737169 0.634548 1.406769
v -0.282424 0.635146 1.359549
v -0.255338 0.571091 1.359627
v -0.185184 0.571091 1.358488
v -0.114819 0.571091 1.357566
v -0.044502 0.571091 1.356822
v 0.025783 0.571091 1.356177
v 0.096022 0.571091 1.355550
v 0.166217 0.571091 1.354904
v 0.236373 0.571091 1.354230
v 0.306497 0.571091 1.353523
v 0.376596 0.571091 1.352787
v 0.446675 0.571091 1.352021
v 0.516739 0.571091 1.351230
v 0.586789 0.571091 1.350404
v 0.656830 0.571091 1.349542
v 0.726868 0.571091 1.348640
v 0.796911 0.571091 1.347699
v 0.866965 0.571091 1.346722
v 0.937036 0.571091 1.345713
v 1.007116 0.571091 1.344692
v 1.077215 0.571091 1.343657
v 1.147342 0.571091 1.342607
v 1.217504 0.571091 1.341539
v 1.287711 0.571091 1.340451
v 1.357972 0.571091 1.339345
v 1.428284 0.571091 1.338236
v 1.498621 0.571091 1.337175
v 1.568966 0.571091 1.336229
v 1.639278 0.571091 1.335613
v 1.709207 0.571091 1.334944
v 1.732501 0.636499 1.334175
v -0.279975 0.636777 1.286997
v -0.257000 0.571091 1.287016
v -0.186794 0.571091 1.285933
v -0.116398 0.571091 1.284994
v -0.046026 0.571091 1.284220
v 0.024309 0.571091 1.283518
v 0.094596 0.571091 1.282822
v 0.164841 0.571091 1.282109
v 0.235051 0.571091 1.281374
v 0.305231 0.571091 1.280613
v 0.375392 0.571091 1.279833
v 0.445540 0.571091 1.279035
v 0.515672 0.571091 1.278212
v 0.585792 0.571091 1.277363
v 0.655905 0.571091 1.276486
v 0.726016 0.571091 1.275580
v 0.796131 0.571091 1.274645
v 0.866254 0.571091 1.273684
v 0.936391 0.571091 1.272701
v 1.006541 0.571091 1.271702
v 1.076706 0.571091 1.270696
v 1.146897 0.571091 1.269682
v 1.217121 0.571091 1.268656
v 1.287386 0.571091 1.267620
v 1.357701 0.571091 1.266571
v 1.428073 0.571091 1.265515
v 1.498484 0.571091 1.264487
v 1.568902 0.571091 1.263544
v 1.639248 0.571091 1.262927
v 1.709200 0.571091 1.262208
v 1.728045 0.637855 1.261576
v -0.278391 0.637895 1.214482
v -0.258576 0.571091 1.214463
v -0.188333 0.571091 1.213395
v -0.117891 0.571091 1.212466
v -0.047477 0.571091 1.211662
v 0.022896 0.571091 1.210899
v 0.093223 0.571091 1.210136
v 0.163512 0.571091 1.209365
v 0.233765 0.571091 1.208568
v 0.304007 0.571091 1.207770
v 0.374231 0.571091 1.206959
v 0.444438 0.571091 1.206130
v 0.514630 0.571091 1.205281
v 0.584812 0.571091 1.204412
v 0.654987 0.571091 1.203522
v 0.725161 0.571091 1.202611
v 0.795338 0.571091 1.201679
v 0.865522 0.571091 1.200727
v 0.935718 0.571091 1.199759
v 1.005927 0.571091 1.198781
v 1.076150 0.571091 1.197800
v 1.146397 0.571091 1.196814
v 1.216674 0.571091 1.195826
v 1.286989 0.571091 1.194832
v 1.357351 0.571091 1.193833
v 1.427766 0.571091 1.192830
v 1.498235 0.571091 1.191840
v 1.568723 0.571091 1.190896
v 1.639139 0.571091 1.190233
v 1.709092 0.571091 1.189452
v 1.724771 0.638713 1.188969
v -0.277665 0.638557 1.141987
v -0.260064 0.571091 1.141968
v -0.189807 0.571091 1.140896
v -0.119317 0.571091 1.139972
v -0.048870 0.571091 1.139132
v 0.021529 0.571091 1.138308
v 0.091890 0.571091 1.137482
v 0.162229 0.571091 1.136661
v 0.232545 0.571091 1.135835
v 0.302840 0.571091 1.135000
v 0.373114 0.571091 1.134155
v 0.443371 0.571091 1.133296
v 0.513614 0.571091 1.132423
v 0.583847 0.571091 1.131535
v 0.654073 0.571091 1.130633
v 0.724298 0.571091 1.129716
v 0.794526 0.571091 1.128784
v 0.864761 0.571091 1.127839
v 0.935008 0.571091 1.126882
v 1.005269 0.571091 1.125918
v 1.075545 0.571091 1.124952
v 1.145837 0.571091 1.123998
v 1.216161 0.571091 1.123038
v 1.286520 0.571091 1.122081
v 1.356921 0.571091 1.121124
v 1.427371 0.571091 1.120168
v 1.497872 0.571091 1.119221
v 1.568420 0.571091 1.118290
v 1.638900 0.571091 1.117576
v 1.708852 0.571091 1.116691
v 1.722445 0.639215 1.116330
v -0.277687 0.638898 1.069524
v -0.261462 0.571091 1.069469
v -0.191189 0.571091 1.068456
v -0.120662 0.571091 1.067525
v -0.050188 0.571091 1.066637
v 0.020249 0.571091 1.065763
v 0.090657 0.571091 1.064897
v 0.161039 0.571091 1.064031
v 0.231396 0.571091 1.063163
v 0.301730 0.571091 1.062289
v 0.372044 0.571091 1.061409
v 0.442340 0.571091 1.060521
v 0.512622 0.571091 1.059625
v 0.582894 0.571091 1.058719
v 0.653160 0.571091 1.057805
v 0.723424 0.571091 1.056881
v 0.793691 0.571091 1.055948
v 0.863965 0.571091 1.055007
v 0.934252 0.571091 1.054060
v 1.004554 0.571091 1.053109
v 1.074877 0.571091 1.052158
v 1.145221 0.571091 1.051211
v 1.215587 0.571091 1.050273
v 1.285977 0.571091 1.049355
v 1.356407 0.571091 1.048437
v 1.426884 0.571091 1.047521
v 1.497407 0.571091 1.046618
v 1.567990 0.571091 1.045710
v 1.638507 0.571091 1.044960
v 1.708472 0.571091 1.044020
v 1.720853 0.639507 1.043683
v -0.278256 0.639107 0.997093
v -0.262722 0.571091 0.996987
v -0.192410 0.571091 0.996092
v -0.121855 0.571091 0.995152
v -0.051362 0.571091 0.994210
v 0.019098 0.571091 0.993282
v 0.089530 0.571091 0.992364
v 0.159938 0.571091 0.991450
v 0.230322 0.571091 0.990537
v 0.300683 0.571091 0.989624
v 0.371024 0.571091 0.988709
v 0.441347 0.571091 0.987792
v 0.511655 0.571091 0.986872
v 0.581954 0.571091 0.985948
v 0.652246 0.571091 0.985021
v 0.722536 0.571091 0.984090
v 0.792829 0.571091 0.983155
v 0.863130 0.571091 0.982218
v 0.933444 0.571091 0.981280
v 1.003775 0.571091 0.980342
v 1.074128 0.571091 0.979407
v 1.144505 0.571091 0.978477
v 1.214911 0.571091 0.977557
v 1.285345 0.571091 0.976648
v 1.355808 0.571091 0.975752
v 1.426306 0.571091 0.974871
v 1.496843 0.571091 0.974004
v 1.567426 0.571091 0.973140
v 1.637991 0.571091 0.972351
v 1.707949 0.571091 0.971442
v 1.719630 0.639608 0.971081
v -0.279104 0.639232 0.924682
v -0.263810 0.571091 0.924585
v -0.193459 0.571091 0.923776
v -0.122895 0.571091 0.922819
v -0.052396 0.571091 0.921822
v 0.018071 0.571091 0.920835
v 0.088514 0.571091 0.919862
v 0.158933 0.571091 0.918899
v 0.229328 0.571091 0.917941
v 0.299702 0.571091 0.916988
v 0.370055 0.571091 0.916039
v 0.440391 0.571091 0.915093
v 0.510713 0.571091 0.914149
v 0.581025 0.571091 0.913207
v 0.651330 0.571091 0.912266
v 0.721633 0.571091 0.911327
v 0.791939 0.571091 0.910391
v 0.862253 0.571091 0.909457
v 0.932580 0.571091 0.908527
v 1.002925 0.571091 0.907603
v 1.073293 0.571091 0.906685
v 1.143687 0.571091 0.905775
v 1.214110 0.571091 0.904875
v 1.284565 0.571091 0.903985
v 1.355053 0.571091 0.903106
v 1.425575 0.571091 0.902240
v 1.496129 0.571091 0.901391
v 1.566713 0.571091 0.900554
v 1.637303 0.571091 0.899771
v 1.707246 0.571091 0.898797
v 1.718583 0.639653 0.898559
v -0.280012 0.639213 0.852269
v -0.264688 0.571091 0.852193
v -0.194348 0.571091 0.851462
v -0.123782 0.571091 0.850488
v -0.053290 0.571091 0.849439
v 0.017172 0.571091 0.848397
v 0.087610 0.571091 0.847371
v 0.158025 0.571091 0.846358
v 0.228417 0.571091 0.845357
v 0.298788 0.571091 0.844366
v 0.369140 0.571091 0.843383
v 0.439474 0.571091 0.842408
v 0.509795 0.571091 0.841440
v 0.580106 0.571091 0.840479
v 0.650410 0.571091 0.839525
v 0.720713 0.571091 0.838578
v 0.791018 0.571091 0.837639
v 0.861331 0.571091 0.836709
v 0.931657 0.571091 0.835788
v 1.002000 0.571091 0.834876
v 1.072367 0.571091 0.833976
v 1.142759 0.571091 0.833086
v 1.213181 0.571091 0.832207
v 1.283633 0.571091 0.831338
v 1.354118 0.571091 0.830480
v 1.424637 0.571091 0.829631
v 1.495188 0.571091 0.828796
v 1.565774 0.571091 0.827973
v 1.636341 0.571091 0.827201
v 1.706299 0.571091 0.826156
v 1.717766 0.639734 0.826024
v -0.281127 0.639092 0.779841
v -0.265392 0.571091 0.779733
v -0.195078 0.571091 0.779098
v -0.124525 0.571091 0.778121
v -0.054046 0.571091 0.777032
v 0.016399 0.571091 0.775941
v 0.086817 0.571091 0.774866
v 0.157212 0.571091 0.773808
v 0.227586 0.571091 0.772766
v 0.297940 0.571091 0.771737
v 0.368276 0.571091 0.770722
v 0.438595 0.571091 0.769719
v 0.508901 0.571091 0.768728
v 0.579197 0.571091 0.767749
v 0.649487 0.571091 0.766782
v 0.719775 0.571091 0.765827
v 0.790066 0.571091 0.764885
v 0.860364 0.571091 0.763958
v 0.930674 0.571091 0.763045
v 1.001002 0.571091 0.762147
v 1.071350 0.571091 0.761263
v 1.141724 0.571091 0.760392
v 1.212123 0.571091 0.759532
v 1.282551 0.571091 0.758681
v 1.353009 0.571091 0.757839
v 1.423497 0.571091 0.757004
v 1.494022 0.571091 0.756180
v 1.564594 0.571091 0.755366
v 1.635170 0.571091 0.754585
v 1.705151 0.571091 0.753592
v 1.717106 0.639744 0.753400
v -0.282634 0.638867 0.707366
v -0.265945 0.571091 0.707223
v -0.195655 0.571091 0.706657
v -0.125125 0.571091 0.705686
v -0.054667 0.571091 0.704571
v 0.015746 0.571091 0.703443
v 0.086132 0.571091 0.702324
v 0.156492 0.571091 0.701226
v 0.226833 0.571091 0.700147
v 0.297156 0.571091 0.699085
v 0.367461 0.571091 0.698040
v 0.437751 0.571091 0.697010
v 0.508029 0.571091 0.695997
v 0.578297 0.571091 0.695000
v 0.648560 0.571091 0.694020
v 0.718821 0.571091 0.693058
v 0.789083 0.571091 0.692113
v 0.859353 0.571091 0.691188
v 0.929634 0.571091 0.690283
v 0.999931 0.571091 0.689397
v 1.070247 0.571091 0.688529
v 1.140585 0.571091 0.687674
v 1.210944 0.571091 0.686829
v 1.281326 0.571091 0.685989
v 1.351738 0.571091 0.685158
v 1.422197 0.571091 0.684346
v 1.492704 0.571091 0.683551
v 1.563267 0.571091 0.682755
v 1.633826 0.571091 0.681947
v 1.703798 0.571091 0.680955
v 1.716574 0.639549 0.680700
v -0.284543 0.638432 0.634850
v -0.266384 0.571091 0.634678
v -0.196114 0.571091 0.634140
v -0.125604 0.571091 0.633170
v -0.055171 0.571091 0.632042
v 0.015212 0.571091 0.630876
v 0.085552 0.571091 0.629719
v 0.155860 0.571091 0.628593
v 0.226151 0.571091 0.627484
v 0.296429 0.571091 0.626392
v 0.366692 0.571091 0.625319
v 0.436941 0.571091 0.624266
v 0.507178 0.571091 0.623232
v 0.577406 0.571091 0.622218
v 0.647628 0.571091 0.621226
v 0.717849 0.571091 0.620255
v 0.788072 0.571091 0.619308
v 0.858301 0.571091 0.618386
v 0.928540 0.571091 0.617488
v 0.998794 0.571091 0.616613
v 1.069064 0.571091 0.615757
v 1.139351 0.571091 0.614916
v 1.209655 0.571091 0.614079
v 1.279991 0.571091 0.613261
v 1.350368 0.571091 0.612461
v 1.420794 0.571091 0.611681
v 1.491277 0.571091 0.610914
v 1.561813 0.571091 0.610117
v 1.632325 0.571091 0.609258
v 1.702287 0.571091 0.608185
v 1.716441 0.639189 0.607961
v -0.287293 0.637643 0.562334
v -0.266740 0.571091 0.562090
v -0.196470 0.571091 0.561543
v -0.126000 0.571091 0.560592
v -0.055608 0.571091 0.559466
v 0.014737 0.571091 0.558271
v 0.085039 0.571091 0.557073
v 0.155304 0.571091 0.555900
v 0.225539 0.571091 0.554759
v 0.295756 0.571091 0.553646
v 0.365965 0.571091 0.552548
v 0.436161 0.571091 0.551472
v 0.506347 0.571091 0.550418
v 0.576523 0.571091 0.549388
v 0.646693 0.571091 0.548383
v 0.716861 0.571091 0.547405
v 0.787032 0.571091 0.546456
v 0.857209 0.571091 0.545536
v 0.927395 0.571091 0.544645
v 0.997595 0.571091 0.543781
v 1.067808 0.571091 0.542937
v 1.138035 0.571091 0.542106
v 1.208287 0.571091 0.541293
v 1.278575 0.571091 0.540503
v 1.348906 0.571091 0.539737
v 1.419292 0.571091 0.538992
v 1.489732 0.571091 0.538248
v 1.560220 0.571091 0.537429
v 1.630669 0.571091 0.536506
v 1.700638 0.571091 0.535373
v 1.716952 0.638606 0.535213
v -0.290959 0.636424 0.489813
v -0.267004 0.571091 0.489446
v -0.196727 0.571091 0.488882
v -0.126309 0.571091 0.487954
v -0.055964 0.571091 0.486831
v 0.014332 0.571091 0.485617
v 0.084585 0.571091 0.484382
v 0.154799 0.571091 0.483164
v 0.224982 0.571091 0.481981
v 0.295140 0.571091 0.480832
v 0.365281 0.571091 0.479715
v 0.435415 0.571091 0.478616
v 0.505537 0.571091 0.477542
v 0.575650 0.571091 0.476495
v 0.645756 0.571091 0.475478
v 0.715859 0.571091 0.474493
v 0.785965 0.571091 0.473542
v 0.856079 0.571091 0.472626
v 0.926203 0.571091 0.471744
v 0.996340 0.571091 0.470891
v 1.066489 0.571091 0.470060
v 1.136653 0.571091 0.469247
v 1.206845 0.571091 0.468460
v 1.277075 0.571091 0.467702
v 1.347353 0.571091 0.466974
v 1.417685 0.571091 0.466264
v 1.488063 0.571091 0.465531
v 1.558484 0.571091 0.464683
v 1.628877 0.571091 0.463702
v 1.698868 0.571091 0.462556
v 1.718426 0.637660 0.462454
v -0.295343 0.634739 0.417272
v -0.267145 0.571091 0.416725
v -0.196869 0.571091 0.416173
v -0.126508 0.571091 0.415260
v -0.056223 0.571091 0.414138
v 0.014012 0.571091 0.412906
v 0.084205 0.571091 0.411636
v 0.154360 0.571091 0.410375
v 0.224481 0.571091 0.409146
v 0.294574 0.571091 0.407958
v 0.364646 0.571091 0.406808
v 0.434704 0.571091 0.405687
v 0.504753 0.571091 0.404591
v 0.574791 0.571091 0.403525
v 0.644819 0.571091 0.402493
v 0.714845 0.571091 0.401501
v 0.784874 0.571091 0.400550
v 0.854913 0.571091 0.399643
v 0.924966 0.571091 0.398774
v 0.995032 0.571091 0.397936
v 1.065105 0.571091 0.397116
v 1.135198 0.571091 0.396326
v 1.205322 0.571091 0.395570
v 1.275487 0.571091 0.394851
v 1.345702 0.571091 0.394165
v 1.415964 0.571091 0.393485
v 1.486266 0.571091 0.392755
v 1.556613 0.571091 0.391884
v 1.626961 0.571091 0.390864
v 1.696969 0.571091 0.389722
v 1.720841 0.636214 0.389703
v -0.300043 0.632592 0.344697
v -0.267152 0.571091 0.343983
v -0.196880 0.571091 0.343456
v -0.126582 0.571091 0.342525
v -0.056370 0.571091 0.341392
v 0.013792 0.571091 0.340138
v 0.083913 0.571091 0.338832
v 0.153997 0.571091 0.337526
v 0.224047 0.571091 0.336249
v 0.294067 0.571091 0.335016
v 0.364062 0.571091 0.333826
v 0.434038 0.571091 0.332674
v 0.504001 0.571091 0.331552
v 0.573951 0.571091 0.330461
v 0.643888 0.571091 0.329411
v 0.713821 0.571091 0.328410
v 0.783760 0.571091 0.327466
v 0.853712 0.571091 0.326572
v 0.923683 0.571091 0.325725
v 0.993657 0.571091 0.324896
v 1.063649 0.571091 0.324097
v 1.133666 0.571091 0.323335
v 1.203715 0.571091 0.322618
v 1.273806 0.571091 0.321945
v 1.343943 0.571091 0.321301
v 1.414121 0.571091 0.320648
v 1.484339 0.571091 0.319925
v 1.554616 0.571091 0.319048
v 1.624918 0.571091 0.318021
v 1.694936 0.571091 0.316880
v 1.723798 0.634233 0.316973
v -0.304584 0.630009 0.272138
v -0.266989 0.571091 0.271309
v -0.196737 0.571091 0.270737
v -0.126525 0.571091 0.269771
v -0.056395 0.571091 0.268603
v 0.013681 0.571091 0.267316
v 0.083717 0.571091 0.265969
v 0.153718 0.571091 0.264614
v 0.223687 0.571091 0.263286
v 0.293626 0.571091 0.261998
v 0.363536 0.571091 0.260758
v 0.433420 0.571091 0.259566
v 0.503282 0.571091 0.258412
v 0.573132 0.571091 0.257284
v 0.642964 0.571091 0.256210
v 0.712793 0.571091 0.255202
v 0.782626 0.571091 0.254263
v 0.852479 0.571091 0.253396
v 0.922342 0.571091 0.252567
v 0.992214 0.571091 0.251764
v 1.062114 0.571091 0.250994
v 1.132047 0.571091 0.250270
v 1.202017 0.571091 0.249600
v 1.272024 0.571091 0.248979
v 1.342068 0.571091 0.248381
v 1.412152 0.571091 0.247761
v 1.482284 0.571091 0.247059
v 1.552491 0.571091 0.246201
v 1.622742 0.571091 0.245195
v 1.692770 0.571091 0.244080
v 1.726812 0.631753 0.244194
v -0.308970 0.626726 0.199653
v -0.266638 0.571091 0.198697
v -0.196454 0.571091 0.198032
v -0.126332 0.571091 0.196997
v -0.056302 0.571091 0.195781
v 0.013678 0.571091 0.194446
v 0.083620 0.571091 0.193048
v 0.153528 0.571091 0.191636
v 0.223406 0.571091 0.190249
v 0.293249 0.571091 0.188903
v 0.363061 0.571091 0.187605
v 0.432839 0.571091 0.186354
v 0.502583 0.571091 0.185146
v 0.572312 0.571091 0.183984
v 0.642046 0.571091 0.182864
v 0.711757 0.571091 0.181845
v 0.781479 0.571091 0.180920
v 0.851226 0.571091 0.180087
v 0.920961 0.571091 0.179282
v 0.990717 0.571091 0.178521
v 1.060509 0.571091 0.177806
v 1.130350 0.571091 0.177136
v 1.200230 0.571091 0.176519
v 1.270142 0.571091 0.175950
v 1.340082 0.571091 0.175405
v 1.410060 0.571091 0.174834
v 1.480097 0.571091 0.174176
v 1.550224 0.571091 0.173363
v 1.620416 0.571091 0.172401
v 1.690423 0.571091 0.171352
v 1.729572 0.628686 0.171433
v -0.313414 0.622433 0.127271
v -0.266110 0.571091 0.126091
v -0.196034 0.571091 0.125332
v -0.126019 0.571091 0.124209
v -0.056091 0.571091 0.122920
v 0.013777 0.571091 0.121528
v 0.083607 0.571091 0.120073
v 0.153410 0.571091 0.118599
v 0.223180 0.571091 0.117140
v 0.292912 0.571091 0.115716
v 0.362600 0.571091 0.114338
v 0.432250 0.571091 0.113006
v 0.501869 0.571091 0.111729
v 0.571471 0.571091 0.110517
v 0.641092 0.571091 0.109365
v 0.710714 0.571091 0.108323
v 0.780344 0.571091 0.107426
v 0.849957 0.571091 0.106605
v 0.919564 0.571091 0.105847
v 0.989198 0.571091 0.105147
v 1.058877 0.571091 0.104505
v 1.128600 0.571091 0.103910
v 1.198373 0.571091 0.103364
v 1.268182 0.571091 0.102859
v 1.338012 0.571091 0.102377
v 1.407867 0.571091 0.101876
v 1.477781 0.571091 0.101289
v 1.547797 0.571091 0.100541
v 1.617910 0.571091 0.099644
v 1.687854 0.571091 0.098654
v 1.732205 0.624719 0.098777
v -0.317920 0.616954 0.054956
v -0.265406 0.571091 0.053476
v -0.195469 0.571091 0.052600
v -0.125597 0.571091 0.051391
v -0.055791 0.571091 0.050033
v 0.013953 0.571091 0.048563
v 0.083651 0.571091 0.047031
v 0.153322 0.571091 0.045476
v 0.222961 0.571091 0.043928
v 0.292560 0.571091 0.042406
v 0.362114 0.571091 0.040924
v 0.431621 0.571091 0.039503
v 0.501101 0.571091 0.038147
v 0.570584 0.571091 0.036884
v 0.640095 0.571091 0.035721
v 0.709656 0.571091 0.034657
v 0.779205 0.571091 0.033767
v 0.848705 0.571091 0.032960
v 0.918194 0.571091 0.032250
v 0.987692 0.571091 0.031633
v 1.057232 0.571091 0.031074
v 1.126832 0.571091 0.030576
v 1.196483 0.571091 0.030119
v 1.266176 0.571091 0.029690
v 1.335892 0.571091 0.029276
v 1.405619 0.571091 0.028853
v 1.475371 0.571091 0.028375
v 1.545231 0.571091 0.027743
v 1.615198 0.571091 0.026911
v 1.685038 0.571091 0.025954
v 1.734874 0.619586 0.026235
v -0.322233 0.610139 -0.017321
v -0.264534 0.571091 -0.019173
v -0.194806 0.571091 -0.020187
v -0.125093 0.571091 -0.021470
v -0.055457 0.571091 -0.022930
v 0.014137 0.571091 -0.024491
v 0.083699 0.571091 -0.026108
v 0.153224 0.571091 -0.027754
v 0.222715 0.571091 -0.029410
v 0.292160 0.571091 -0.031048
v 0.361555 0.571091 -0.032641
v 0.430918 0.571091 -0.034166
v 0.500283 0.571091 -0.035581
v 0.569669 0.571091 -0.036880
v 0.639092 0.571091 -0.038053
v 0.708583 0.571091 -0.039112
v 0.778044 0.571091 -0.040017
v 0.847451 0.571091 -0.040809
v 0.916842 0.571091 -0.041482
v 0.986228 0.571091 -0.042043
v 1.055628 0.571091 -0.042494
v 1.125074 0.571091 -0.042880
v 1.194581 0.571091 -0.043228
v 1.264139 0.571091 -0.043558
v 1.333730 0.571091 -0.043897
v 1.403342 0.571091 -0.044254
v 1.472959 0.571091 -0.044643
v 1.542593 0.571091 -0.045129
v 1.612315 0.571091 -0.045837
v 1.682004 0.571091 -0.046702
v 1.737428 0.613092 -0.046216
v -0.325985 0.601834 -0.089570
v -0.263592 0.571091 -0.091878
v -0.194115 0.571091 -0.093100
v -0.124641 0.571091 -0.094499
v -0.055152 0.571091 -0.096023
v 0.014312 0.571091 -0.097648
v 0.083723 0.571091 -0.099352
v 0.153083 0.571091 -0.101112
v 0.222393 0.571091 -0.102886
v 0.291658 0.571091 -0.104651
v 0.360905 0.571091 -0.106351
v 0.430160 0.571091 -0.107943
v 0.499432 0.571091 -0.109412
v 0.568729 0.571091 -0.110743
v 0.638068 0.571091 -0.111925
v 0.707492 0.571091 -0.112976
v 0.776871 0.571091 -0.113896
v 0.846194 0.571091 -0.114671
v 0.915495 0.571091 -0.115308
v 0.984789 0.571091 -0.115812
v 1.054081 0.571091 -0.116194
v 1.123380 0.571091 -0.116469
v 1.192711 0.571091 -0.116687
v 1.262096 0.571091 -0.116900
v 1.331533 0.571091 -0.117135
v 1.401020 0.571091 -0.117423
v 1.470528 0.571091 -0.117776
v 1.540001 0.571091 -0.118199
v 1.609432 0.571091 -0.118714
v 1.678875 0.571091 -0.119336
v 1.739504 0.605003 -0.118560
v -0.328814 0.591933 -0.161742
v -0.262816 0.571091 -0.164881
v -0.193633 0.571091 -0.166322
v -0.124252 0.571091 -0.167728
v -0.054854 0.571091 -0.169232
v 0.014472 0.571091 -0.170918
v 0.083701 0.571091 -0.172741
v 0.152851 0.571091 -0.174635
v 0.221960 0.571091 -0.176547
v 0.291069 0.571091 -0.178411
v 0.360201 0.571091 -0.180186
v 0.429360 0.571091 -0.181843
v 0.498548 0.571091 -0.183362
v 0.567780 0.571091 -0.184735
v 0.637060 0.571091 -0.185947
v 0.706371 0.571091 -0.186990
v 0.775670 0.571091 -0.187908
v 0.844931 0.571091 -0.188654
v 0.914157 0.571091 -0.189248
v 0.983365 0.571091 -0.189696
v 1.052562 0.571091 -0.190008
v 1.121745 0.571091 -0.190205
v 1.190915 0.571091 -0.190313
v 1.260097 0.571091 -0.190382
v 1.329327 0.571091 -0.190473
v 1.398631 0.571091 -0.190649
v 1.468012 0.571091 -0.190972
v 1.537433 0.571091 -0.191443
v 1.606768 0.571091 -0.191889
v 1.675912 0.571091 -0.192243
v 1.740823 0.595072 -0.190714
v -0.330314 0.582445 -0.234426
v -0.262700 0.571091 -0.238588
v -0.193299 0.571091 -0.239855
v -0.123812 0.571091 -0.241078
v -0.054504 0.571091 -0.242553
v 0.014572 0.571091 -0.244311
v 0.083528 0.571091 -0.246266
v 0.152452 0.571091 -0.248283
v 0.221384 0.571091 -0.250278
v 0.290357 0.571091 -0.252206
v 0.359379 0.571091 -0.254037
v 0.428448 0.571091 -0.255747
v 0.497560 0.571091 -0.257310
v 0.566720 0.571091 -0.258707
v 0.635959 0.571091 -0.259930
v 0.705277 0.571091 -0.260991
v 0.774570 0.571091 -0.261894
v 0.843759 0.571091 -0.262624
v 0.912914 0.571091 -0.263180
v 0.982046 0.571091 -0.263577
v 1.051152 0.571091 -0.263834
v 1.120221 0.571091 -0.263971
v 1.189253 0.571091 -0.264009
v 1.258251 0.571091 -0.263978
v 1.327239 0.571091 -0.263933
v 1.396247 0.571091 -0.263958
v 1.465363 0.571091 -0.264182
v 1.534705 0.571091 -0.264673
v 1.604229 0.571091 -0.265370
v 1.673539 0.571091 -0.265798
v 1.741072 0.584970 -0.263203
v -0.332744 0.576916 -0.307494
v -0.262337 0.571091 -0.312483
v -0.192650 0.571091 -0.313297
v -0.123110 0.571091 -0.314288
v -0.054094 0.571091 -0.315807
v 0.014630 0.571091 -0.317697
v 0.083317 0.571091 -0.319705
v 0.152046 0.571091 -0.321763
v 0.220835 0.571091 -0.323797
v 0.289688 0.571091 -0.325756
v 0.358608 0.571091 -0.327615
v 0.427603 0.571091 -0.329352
v 0.496664 0.571091 -0.330947
v 0.565784 0.571091 -0.332376
v 0.634948 0.571091 -0.333627
v 0.704159 0.571091 -0.334710
v 0.773345 0.571091 -0.335575
v 0.842495 0.571091 -0.336272
v 0.911606 0.571091 -0.336782
v 0.980677 0.571091 -0.337134
v 1.049702 0.571091 -0.337353
v 1.118675 0.571091 -0.337451
v 1.187586 0.571091 -0.337450
v 1.256431 0.571091 -0.337378
v 1.325209 0.571091 -0.337286
v 1.393934 0.571091 -0.337236
v 1.462668 0.571091 -0.337262
v 1.531653 0.571091 -0.337604
v 1.601269 0.571091 -0.338588
v 1.671039 0.571091 -0.339508
v 1.741747 0.577977 -0.336090
v -0.332855 0.588999 -0.384112
v -0.259744 0.575913 -0.386415
v -0.190610 0.580283 -0.385306
v -0.121750 0.589463 -0.384743
v -0.053441 0.599211 -0.383289
v 0.014995 0.607496 -0.381135
v 0.083529 0.614381 -0.378621
v 0.152159 0.620047 -0.376002
v 0.220880 0.624647 -0.373483
v 0.289678 0.628341 -0.371165
v 0.358547 0.631249 -0.369140
v 0.427471 0.633497 -0.367471
v 0.496443 0.635175 -0.366275
v 0.565461 0.636350 -0.365606
v 0.634532 0.637078 -0.365532
v 0.703627 0.637354 -0.366085
v 0.772695 0.637144 -0.367310
v 0.841692 0.636514 -0.369150
v 0.910648 0.635427 -0.371586
v 0.979553 0.633849 -0.374574
v 1.048406 0.631714 -0.378039
v 1.117198 0.628945 -0.381912
v 1.185917 0.625420 -0.386113
v 1.254553 0.621014 -0.390552
v 1.323093 0.615587 -0.395117
v 1.391533 0.608955 -0.399636
v 1.459880 0.600986 -0.403820
v 1.528245 0.591574 -0.407272
v 1.597107 0.582510 -0.409604
v 1.665360 0.577903 -0.412805
v 1.739631 0.586258 -0.412748
v -0.323473 0.574353 -0.375747
v -0.258097 0.595229 -0.389571
v -0.191137 0.598114 -0.378716
v -0.122624 0.605121 -0.374411
v -0.054371 0.614719 -0.372540
v 0.014049 0.623392 -0.370659
v 0.082681 0.630642 -0.368434
v 0.151440 0.636600 -0.366027
v 0.220297 0.641487 -0.363749
v 0.289223 0.645396 -0.361573
v 0.358207 0.648455 -0.359617
v 0.427241 0.650808 -0.357966
v 0.496316 0.652633 -0.356868
v 0.565416 0.653974 -0.356360
v 0.634543 0.654830 -0.356438
v 0.703678 0.655154 -0.357059
v 0.772797 0.654932 -0.358260
v 0.841885 0.654185 -0.359986
v 0.910940 0.652916 -0.362256
v 0.979958 0.651169 -0.365122
v 1.048925 0.648893 -0.368531
v 1.117835 0.645963 -0.372330
v 1.186683 0.642239 -0.376409
v 1.255462 0.637580 -0.380657
v 1.324156 0.631896 -0.385038
v 1.392724 0.624939 -0.389301
v 1.461127 0.616513 -0.393104
v 1.529423 0.606898 -0.396490
v 1.597889 0.599732 -0.402546
v 1.664143 0.597470 -0.416603
v 1.728100 0.573772 -0.404018
v -0.311168 0.571091 -0.363934
v -0.260871 0.610860 -0.380118
v -0.191715 0.616692 -0.372287
v -0.123950 0.623721 -0.366350
v -0.055685 0.632896 -0.363924
v 0.012939 0.641577 -0.362149
v 0.081755 0.648991 -0.360197
v 0.150702 0.655153 -0.358083
v 0.219728 0.660165 -0.355909
v 0.288816 0.664247 -0.353940
v 0.357945 0.667435 -0.352106
v 0.427079 0.669913 -0.350557
v 0.496237 0.671859 -0.349557
v 0.565412 0.673322 -0.349155
v 0.634588 0.674272 -0.349329
v 0.703781 0.674613 -0.349985
v 0.772947 0.674358 -0.351141
v 0.842096 0.673517 -0.352782
v 0.911230 0.672124 -0.354938
v 0.980333 0.670246 -0.357697
v 1.049402 0.667838 -0.361005
v 1.118465 0.664775 -0.364661
v 1.187482 0.660894 -0.368565
v 1.256445 0.656059 -0.372613
v 1.325342 0.650173 -0.376737
v 1.394143 0.642994 -0.380664
v 1.462760 0.634399 -0.384173
v 1.530989 0.625204 -0.388218
v 1.598484 0.618873 -0.397210
v 1.666932 0.612920 -0.407011
v 1.716949 0.571091 -0.390757
v -0.328741 0.612213 -0.307995
v -0.267876 0.648520 -0.315890
v -0.200597 0.667684 -0.318371
v -0.131485 0.679353 -0.316620
v -0.062415 0.689087 -0.314891
v 0.006863 0.698262 -0.313590
v 0.076324 0.706480 -0.312384
v 0.145916 0.713521 -0.311131
v 0.215600 0.719406 -0.309853
v 0.285346 0.724228 -0.308633
v 0.355138 0.728071 -0.307535
v 0.424947 0.731120 -0.306700
v 0.494762 0.733533 -0.306288
v 0.564582 0.735351 -0.306340
v 0.634416 0.736524 -0.306814
v 0.704250 0.736977 -0.307615
v 0.774079 0.736643 -0.308659
v 0.843890 0.735567 -0.310017
v 0.913682 0.733841 -0.311774
v 0.983459 0.731523 -0.314003
v 1.053218 0.728574 -0.316659
v 1.122959 0.724854 -0.319608
v 1.192652 0.720205 -0.322736
v 1.262296 0.714535 -0.325963
v 1.331864 0.707712 -0.329180
v 1.401298 0.699658 -0.332281
v 1.470567 0.690673 -0.335492
v 1.539699 0.681612 -0.339715
v 1.609006 0.671104 -0.344268
v 1.676125 0.651125 -0.343299
v 1.736064 0.613036 -0.336953
v -0.319787 0.618684 -0.235606
v -0.268843 0.668454 -0.244610
v -0.205465 0.699934 -0.251053
v -0.137543 0.719296 -0.253894
v -0.068138 0.733226 -0.254529
v 0.001560 0.744407 -0.254583
v 0.071501 0.754025 -0.254391
v 0.141634 0.762295 -0.254074
v 0.211892 0.769285 -0.253677
v 0.282239 0.775088 -0.253264
v 0.352634 0.779829 -0.252919
v 0.423057 0.783642 -0.252750
v 0.493497 0.786647 -0.252853
v 0.563950 0.788877 -0.253261
v 0.634408 0.790288 -0.253925
v 0.704869 0.790799 -0.254767
v 0.775327 0.790387 -0.255764
v 0.845775 0.789084 -0.256946
v 0.916206 0.786949 -0.258380
v 0.986620 0.784063 -0.260136
v 1.057013 0.780377 -0.262175
v 1.127379 0.775786 -0.264414
v 1.197701 0.770167 -0.266759
v 1.267949 0.763403 -0.269132
v 1.338080 0.755407 -0.271451
v 1.408051 0.746145 -0.273698
v 1.477864 0.735540 -0.275915
v 1.547483 0.722321 -0.277617
v 1.615630 0.703053 -0.276745
v 1.679177 0.671455 -0.272032
v 1.728596 0.620366 -0.264236
v -0.311674 0.625548 -0.164316
v -0.265201 0.679801 -0.171899
v -0.206144 0.719038 -0.179162
v -0.140428 0.745845 -0.183947
v -0.071934 0.764962 -0.186873
v -0.002238 0.779716 -0.188468
v 0.067895 0.791662 -0.189462
v 0.138332 0.801654 -0.190082
v 0.208978 0.810047 -0.190490
v 0.279761 0.817047 -0.190792
v 0.350638 0.822808 -0.191080
v 0.421576 0.827462 -0.191443
v 0.492555 0.831102 -0.191948
v 0.563560 0.833763 -0.192612
v 0.634577 0.835414 -0.193409
v 0.705598 0.836004 -0.194298
v 0.776619 0.835508 -0.195258
v 0.847630 0.833975 -0.196329
v 0.918623 0.831431 -0.197536
v 0.989589 0.827924 -0.198920
v 1.060513 0.823415 -0.200458
v 1.131382 0.817834 -0.202103
v 1.202169 0.811065 -0.203774
v 1.272834 0.802970 -0.205381
v 1.343323 0.793380 -0.206836
v 1.413580 0.781950 -0.208011
v 1.483472 0.767803 -0.208624
v 1.552189 0.749021 -0.207747
v 1.618024 0.722046 -0.204719
v 1.676615 0.682241 -0.199026
v 1.722897 0.628023 -0.192797
v -0.307517 0.634963 -0.092199
v -0.261212 0.689337 -0.098996
v -0.204349 0.732100 -0.106055
v -0.140796 0.763959 -0.111494
v -0.073559 0.787924 -0.115576
v -0.004518 0.806420 -0.118454
v 0.065512 0.821220 -0.120436
v 0.136033 0.833307 -0.121895
v 0.206886 0.843325 -0.123000
v 0.277963 0.851636 -0.123897
v 0.349195 0.858469 -0.124692
v 0.420537 0.863978 -0.125467
v 0.491951 0.868258 -0.126273
v 0.563412 0.871352 -0.127132
v 0.634900 0.873251 -0.128034
v 0.706402 0.873924 -0.128961
v 0.777903 0.873362 -0.129907
v 0.849390 0.871585 -0.130886
v 0.920849 0.868624 -0.131922
v 0.992262 0.864497 -0.133029
v 1.063605 0.859164 -0.134187
v 1.134849 0.852543 -0.135353
v 1.205953 0.844508 -0.136454
v 1.276861 0.834851 -0.137392
v 1.347492 0.823219 -0.138036
v 1.417683 0.808930 -0.138178
v 1.486921 0.790847 -0.137354
v 1.554286 0.766953 -0.135152
v 1.617720 0.734713 -0.131339
v 1.674080 0.691527 -0.125958
v 1.720559 0.637444 -0.120489
v -0.303926 0.643706 -0.019846
v -0.257584 0.698143 -0.026003
v -0.201730 0.742559 -0.032660
v -0.139630 0.777523 -0.038134
v -0.073627 0.805086 -0.042710
v -0.005353 0.826931 -0.046283
v 0.064250 0.844465 -0.049020
v 0.134672 0.858756 -0.051107
v 0.205576 0.870497 -0.052770
v 0.276814 0.880178 -0.054142
v 0.348285 0.888104 -0.055334
v 0.419919 0.894468 -0.056425
v 0.491666 0.899386 -0.057464
v 0.563490 0.902915 -0.058475
v 0.635362 0.905064 -0.059463
v 0.707257 0.905826 -0.060424
v 0.779153 0.905196 -0.061358
v 0.851029 0.903182 -0.062269
v 0.922859 0.899803 -0.063170
v 0.994616 0.895049 -0.064059
v 1.066265 0.888879 -0.064918
v 1.137763 0.881190 -0.065701
v 1.209047 0.871806 -0.066337
v 1.280035 0.860431 -0.066720
v 1.350577 0.846554 -0.066696
v 1.420326 0.829401 -0.065990
v 1.488718 0.807747 -0.064347
v 1.554705 0.780054 -0.061540
v 1.616617 0.744669 -0.057693
v 1.672135 0.700099 -0.052775
v 1.718537 0.645819 -0.047978
v -0.299999 0.651146 0.052672
v -0.254001 0.705903 0.047114
v -0.198814 0.751424 0.040869
v -0.137676 0.788390 0.035564
v -0.072641 0.818525 0.030889
v -0.005133 0.843017 0.026994
v 0.063980 0.862969 0.023840
v 0.134127 0.879301 0.021299
v 0.204962 0.892738 0.019238
v 0.276246 0.903784 0.017508
v 0.347849 0.912800 0.016014
v 0.419679 0.920013 0.014682
v 0.491669 0.925564 0.013463
v 0.563770 0.929525 0.012330
v 0.635942 0.931927 0.011271
v 0.708150 0.932777 0.010282
v 0.780360 0.932076 0.009361
v 0.852540 0.929824 0.008505
v 0.924654 0.926023 0.007714
v 0.996664 0.920647 0.006995
v 1.068519 0.913631 0.006373
v 1.140160 0.904849 0.005892
v 1.211502 0.894077 0.005623
v 1.282417 0.880953 0.005670
v 1.352660 0.864929 0.006210
v 1.421857 0.845191 0.007419
v 1.489376 0.820702 0.009470
v 1.554305 0.790316 0.012399
v 1.615243 0.752967 0.016065
v 1.670130 0.707375 0.020549
v 1.716240 0.652817 0.024726
v -0.295845 0.657264 0.125285
v -0.250259 0.712392 0.120334
v -0.195627 0.758849 0.114490
v -0.135245 0.797313 0.109427
v -0.070992 0.829357 0.104846
v -0.004158 0.855918 0.100886
v 0.064447 0.877876 0.097542
v 0.134268 0.896024 0.094752
v 0.204926 0.911017 0.092417
v 0.276170 0.923367 0.090441
v 0.347821 0.933436 0.088729
v 0.419766 0.941476 0.087220
v 0.491922 0.947645 0.085865
v 0.564225 0.952034 0.084638
v 0.636624 0.954683 0.083524
v 0.709071 0.955620 0.082513
v 0.781521 0.954843 0.081603
v 0.853931 0.952352 0.080793
v 0.926253 0.948128 0.080090
v 0.998434 0.942131 0.079505
v 1.070411 0.934276 0.079065
v 1.142104 0.924411 0.078812
v 1.213400 0.912285 0.078815
v 1.284115 0.897516 0.079181
v 1.353987 0.879549 0.080031
v 1.422599 0.857654 0.081493
v 1.489368 0.830973 0.083639
v 1.553446 0.798615 0.086478
v 1.613583 0.759763 0.089893
v 1.667895 0.713261 0.093957
v 1.713720 0.658467 0.097529
v -0.291467 0.662048 0.197958
v -0.246138 0.717448 0.193577
v -0.192107 0.764843 0.188146
v -0.132455 0.804615 0.183384
v -0.068910 0.838194 0.179007
v -0.002683 0.866410 0.175133
v 0.065441 0.890028 0.171766
v 0.134916 0.909733 0.168873
v 0.205359 0.926117 0.166395
v 0.276494 0.939655 0.164263
v 0.348130 0.950708 0.162410
v 0.420126 0.959530 0.160779
v 0.492385 0.966288 0.159330
v 0.564827 0.971088 0.158036
v 0.637389 0.973975 0.156881
v 0.710011 0.974994 0.155854
v 0.782638 0.974139 0.154954
v 0.855213 0.971410 0.154181
v 0.927678 0.966770 0.153544
v 0.999964 0.960171 0.153058
v 1.071995 0.951509 0.152749
v 1.143670 0.940616 0.152657
v 1.214841 0.927234 0.152850
v 1.285311 0.910980 0.153405
v 1.354788 0.891341 0.154407
v 1.422862 0.867669 0.155925
v 1.488964 0.839256 0.157997
v 1.552287 0.805345 0.160629
v 1.611649 0.765187 0.163733
v 1.665237 0.717695 0.167372
v 1.710569 0.662495 0.170413
v -0.286261 0.665170 0.270637
v -0.241434 0.721002 0.266758
v -0.188277 0.769498 0.261791
v -0.129431 0.810527 0.257398
v -0.066568 0.845428 0.253301
v -0.000904 0.875019 0.249606
v 0.066776 0.900015 0.246324
v 0.135920 0.921039 0.243438
v 0.206133 0.938628 0.240917
v 0.277131 0.953222 0.238716
v 0.348707 0.965163 0.236787
v 0.420709 0.974701 0.235088
v 0.493020 0.982004 0.233582
v 0.565551 0.987182 0.232246
v 0.638222 0.990301 0.231064
v 0.710966 0.991388 0.230028
v 0.783715 0.990457 0.229136
v 0.856401 0.987493 0.228389
v 0.928954 0.982461 0.227797
v 1.001295 0.975296 0.227375
v 1.073329 0.965887 0.227149
v 1.144935 0.954060 0.227159
v 1.215953 0.939554 0.227454
v 1.286167 0.922011 0.228089
v 1.355278 0.900958 0.229116
v 1.422874 0.875841 0.230570
v 1.488386 0.846027 0.232474
v 1.551010 0.810813 0.234825
v 1.609536 0.769423 0.237557
v 1.662094 0.720755 0.240745
v 1.706403 0.664772 0.243296
v -0.280191 0.666816 0.343261
v -0.236444 0.723459 0.339872
v -0.184390 0.773131 0.335426
v -0.126370 0.815330 0.331454
v -0.064145 0.851383 0.327687
v 0.001017 0.882126 0.324230
v 0.068303 0.908265 0.321103
v 0.137146 0.930391 0.318305
v 0.207141 0.949004 0.315821
v 0.277994 0.964510 0.313622
v 0.349490 0.977231 0.311677
v 0.421464 0.987402 0.309954
v 0.493792 0.995193 0.308427
v 0.566370 1.000715 0.307074
v 0.639109 1.004035 0.305882
v 0.711930 1.005188 0.304842
v 0.784756 1.004181 0.303954
v 0.857511 1.001001 0.303221
v 0.930111 0.995609 0.302652
v 1.002466 0.987933 0.302262
v 1.074469 0.977857 0.302076
v 1.145986 0.965206 0.302124
v 1.216848 0.949734 0.302444
v 1.286829 0.931105 0.303070
v 1.355624 0.908895 0.304031
v 1.422818 0.882604 0.305348
v 1.487832 0.851644 0.307027
v 1.549843 0.815334 0.309057
v 1.607575 0.772852 0.311380
v 1.659050 0.723073 0.314072
v 1.702030 0.666125 0.316164
v -0.274250 0.667895 0.415884
v -0.231884 0.725503 0.412991
v -0.180826 0.776166 0.409076
v -0.123501 0.819326 0.405545
v -0.061803 0.856329 0.402135
v 0.002947 0.888015 0.398953
v 0.069905 0.915089 0.396031
v 0.138491 0.938122 0.393380
v 0.208292 0.957585 0.390993
v 0.279008 0.973859 0.388856
v 0.350416 0.987243 0.386947
v 0.422347 0.997962 0.385244
v 0.494666 1.006176 0.383727
v 0.567261 1.011996 0.382380
v 0.640036 1.015492 0.381190
v 0.712900 1.016699 0.380152
v 0.785770 1.015623 0.379266
v 0.858558 1.012250 0.378534
v 0.931175 1.006540 0.377966
v 1.003518 0.998417 0.377577
v 1.075472 0.987764 0.377386
v 1.146897 0.974414 0.377417
v 1.217617 0.958133 0.377695
v 1.287401 0.938617 0.378242
v 1.355943 0.915477 0.379074
v 1.422820 0.888248 0.380200
v 1.487452 0.856376 0.381618
v 1.548996 0.819192 0.383308
v 1.606135 0.775862 0.385213
v 1.656823 0.725286 0.387409
v 1.698671 0.667570 0.389075
v -0.269535 0.669201 0.488588
v -0.228226 0.727510 0.486164
v -0.177828 0.778849 0.482749
v -0.120982 0.822725 0.479654
v -0.059655 0.860460 0.476609
v 0.004790 0.892891 0.473731
v 0.071497 0.920708 0.471054
v 0.139878 0.944469 0.468595
v 0.209516 0.964623 0.466357
v 0.280111 0.981526 0.464330
v 0.351436 0.995460 0.462500
v 0.423316 1.006635 0.460854
v 0.495612 1.015209 0.459376
v 0.568206 1.021274 0.458055
v 0.640991 1.024923 0.456881
v 0.713874 1.026173 0.455849
v 0.786762 1.025036 0.454961
v 0.859560 1.021493 0.454219
v 0.932172 1.015518 0.453631
v 1.004489 1.007012 0.453213
v 1.076390 0.995877 0.452977
v 1.147729 0.981948 0.452942
v 1.218328 0.965010 0.453123
v 1.287955 0.944781 0.453535
v 1.356304 0.920910 0.454187
v 1.422955 0.892954 0.455081
v 1.487323 0.860373 0.456210
v 1.548561 0.822521 0.457550
v 1.605347 0.778581 0.459048
v 1.655579 0.727482 0.460782
v 1.696771 0.669364 0.462026
v -0.266279 0.670799 0.561347
v -0.225520 0.729459 0.559382
v -0.175453 0.781249 0.556428
v -0.118853 0.825612 0.553748
v -0.057753 0.863887 0.551081
v 0.006494 0.896880 0.548530
v 0.073023 0.925272 0.546132
v 0.141249 0.949602 0.543905
v 0.210760 0.970299 0.541855
v 0.281255 0.987703 0.539978
v 0.352506 1.002076 0.538266
v 0.424337 1.013623 0.536707
v 0.496604 1.022474 0.535294
v 0.569183 1.028760 0.534016
v 0.641966 1.032525 0.532868
v 0.714851 1.033810 0.531847
v 0.787739 1.032621 0.530952
v 0.860533 1.028944 0.530189
v 0.933127 1.022733 0.529565
v 1.005412 1.013921 0.529089
v 1.077261 1.002395 0.528773
v 1.148526 0.988003 0.528629
v 1.219028 0.970545 0.528669
v 1.288534 0.949760 0.528902
v 1.356745 0.925320 0.529332
v 1.423248 0.896814 0.529958
v 1.487462 0.863713 0.530770
v 1.548540 0.825374 0.531748
v 1.605175 0.781008 0.532859
v 1.655222 0.729547 0.534168
v 1.696214 0.671302 0.534975
v -0.264234 0.672417 0.634102
v -0.223613 0.731227 0.632607
v -0.173601 0.783301 0.630066
v -0.117099 0.828004 0.627807
v -0.056093 0.866648 0.625522
v 0.008038 0.900051 0.623324
v 0.074451 0.928873 0.621235
v 0.142570 0.953630 0.619273
v 0.211987 0.974739 0.617446
v 0.282403 0.992525 0.615753
v 0.353594 1.007238 0.614187
v 0.425383 1.019058 0.612744
v 0.497619 1.028150 0.611415
v 0.570180 1.034592 0.610196
v 0.642952 1.038452 0.609083
v 0.715829 1.039763 0.608074
v 0.788709 1.038532 0.607171
v 0.861489 1.034743 0.606377
v 0.934062 1.028351 0.605698
v 1.006314 1.019296 0.605141
v 1.078118 1.007470 0.604715
v 1.149322 0.992716 0.604430
v 1.219747 0.974860 0.604292
v 1.289166 0.953652 0.604308
v 1.357279 0.928779 0.604481
v 1.423687 0.899856 0.604806
v 1.487821 0.866380 0.605276
v 1.548848 0.827720 0.605878
v 1.605453 0.783056 0.606596
v 1.655540 0.731368 0.607494
v 1.696624 0.673090 0.607885
v -0.263084 0.673844 0.706806
v -0.222265 0.732685 0.705736
v -0.172137 0.784941 0.703627
v -0.115623 0.829855 0.701792
v -0.054651 0.868758 0.699917
v 0.009424 0.902442 0.698095
v 0.075770 0.931559 0.696343
v 0.143819 0.956621 0.694676
v 0.213170 0.978025 0.693100
v 0.283531 0.996083 0.691616
v 0.354677 1.011037 0.690221
v 0.426429 1.023077 0.688911
v 0.498641 1.032328 0.687684
v 0.571183 1.038888 0.686536
v 0.643942 1.042817 0.685466
v 0.716808 1.044147 0.684472
v 0.789677 1.042884 0.683557
v 0.862442 1.039013 0.682724
v 0.934994 1.032491 0.681976
v 1.007217 1.023252 0.681320
v 1.078981 1.011190 0.680761
v 1.150138 0.996184 0.680306
v 1.220507 0.978039 0.679962
v 1.289864 0.956525 0.679731
v 1.357914 0.931345 0.679616
v 1.424263 0.902120 0.679615
v 1.488357 0.868375 0.679722
v 1.549371 0.829475 0.679936
v 1.606030 0.784650 0.680233
v 1.656270 0.732839 0.680721
v 1.697529 0.674535 0.680737
v -0.262230 0.674848 0.779407
v -0.221231 0.733735 0.778733
v -0.170934 0.786105 0.777077
v -0.114352 0.831140 0.775698
v -0.053382 0.870190 0.774262
v 0.010668 0.904052 0.772840
v 0.076976 0.933362 0.771448
v 0.144983 0.958617 0.770098
v 0.214294 0.980209 0.768794
v 0.284619 0.998445 0.767538
v 0.355735 1.013559 0.766330
v 0.427463 1.025730 0.765170
v 0.499656 1.035089 0.764056
v 0.572185 1.041726 0.762988
v 0.644932 1.045700 0.761965
v 0.717789 1.047042 0.760988
v 0.790647 1.045758 0.760059
v 0.863399 1.041831 0.759179
v 0.935935 1.035221 0.758353
v 1.008136 1.025861 0.757583
v 1.079872 1.013655 0.756875
v 1.150994 0.998472 0.756232
v 1.221323 0.980137 0.755659
v 1.290637 0.958423 0.755159
v 1.358646 0.933043 0.754734
v 1.424961 0.903625 0.754385
v 1.489033 0.869702 0.754111
v 1.550062 0.830674 0.753909
v 1.606797 0.785755 0.753784
v 1.657191 0.733888 0.753845
v 1.698638 0.675576 0.753501
v -0.261466 0.675426 0.851929
v -0.220303 0.734322 0.851630
v -0.169887 0.786742 0.850435
v -0.113246 0.831834 0.849537
v -0.052268 0.870948 0.848567
v 0.011775 0.904891 0.847564
v 0.078067 0.934290 0.846549
v 0.146056 0.959637 0.845529
v 0.215348 0.981320 0.844510
v 0.285656 0.999641 0.843494
v 0.356756 1.014832 0.842484
v 0.428473 1.027069 0.841482
v 0.500656 1.036481 0.840489
v 0.573178 1.043156 0.839505
v 0.645920 1.047152 0.838533
v 0.718771 1.048500 0.837573
v 0.791623 1.047205 0.836628
v 0.864367 1.043249 0.835698
v 0.936893 1.036593 0.834787
v 1.009081 1.027172 0.833896
v 1.080799 1.014890 0.833027
v 1.151900 0.999620 0.832184
v 1.222205 0.981189 0.831370
v 1.291492 0.959376 0.830586
v 1.359475 0.933895 0.829836
v 1.425769 0.904386 0.829124
v 1.489835 0.870384 0.828454
v 1.550874 0.831299 0.827826
v 1.607661 0.786347 0.827267
v 1.658152 0.734462 0.826910
v 1.699687 0.676127 0.826172
v -0.260609 0.675532 0.924418
v -0.219378 0.734418 0.924483
v -0.168933 0.786837 0.923756
v -0.112278 0.831922 0.923346
v -0.051297 0.871024 0.922854
v 0.012750 0.904958 0.922280
v 0.079044 0.934349 0.921648
v 0.147033 0.959691 0.920964
v 0.216326 0.981370 0.920234
v 0.286634 0.999688 0.919462
v 0.357736 1.014878 0.918654
v 0.429453 1.027114 0.917812
v 0.501637 1.036526 0.916942
v 0.574159 1.043201 0.916044
v 0.646902 1.047198 0.915124
v 0.719754 1.048545 0.914181
v 0.792606 1.047249 0.913219
v 0.865349 1.043292 0.912238
v 0.937873 1.036633 0.911240
v 1.010057 1.027208 0.910224
v 1.081770 1.014923 0.909193
v 1.152863 0.999648 0.908146
v 1.223158 0.981213 0.907084
v 1.292434 0.959398 0.906011
v 1.360404 0.933919 0.904930
v 1.426687 0.904414 0.903848
v 1.490743 0.870420 0.902774
v 1.551775 0.831348 0.901716
v 1.608556 0.786409 0.900721
v 1.659043 0.734532 0.899934
v 1.700593 0.676157 0.898795
v -0.259596 0.675131 0.996918
v -0.218442 0.734022 0.997345
v -0.168074 0.786387 0.997103
v -0.111451 0.831400 0.997179
v -0.050471 0.870411 0.997153
v 0.013588 0.904251 0.997005
v 0.079903 0.933539 0.996751
v 0.147913 0.958779 0.996398
v 0.217226 0.980361 0.995953
v 0.287553 0.998589 0.995422
v 0.358670 1.013699 0.994811
v 0.430401 1.025868 0.994127
v 0.502596 1.035226 0.993376
v 0.575128 1.041863 0.992563
v 0.647879 1.045836 0.991692
v 0.720737 1.047177 0.990767
v 0.793595 1.045891 0.989788
v 0.866345 1.041959 0.988758
v 0.938875 1.035341 0.987674
v 1.011065 1.025971 0.986538
v 1.082785 1.013754 0.985346
v 1.153885 0.998559 0.984098
v 1.224187 0.980215 0.982795
v 1.293468 0.958496 0.981437
v 1.361442 0.933119 0.980029
v 1.427722 0.903715 0.978579
v 1.491768 0.869818 0.977105
v 1.552770 0.830827 0.975620
v 1.609495 0.785949 0.974184
v 1.659891 0.734096 0.972962
v 1.701351 0.675715 0.971440
v -0.258575 0.674293 1.069482
v -0.217593 0.733141 1.070278
v -0.167369 0.785391 1.070536
v -0.110797 0.830274 1.071080
v -0.049814 0.869122 1.071494
v 0.014285 0.902761 1.071752
v 0.080639 0.931853 1.071863
v 0.148693 0.956893 1.071828
v 0.218049 0.978281 1.071654
v 0.288413 0.996329 1.071351
v 0.359563 1.011275 1.070926
v 0.431320 1.023311 1.070390
v 0.503537 1.032559 1.069751
v 0.576085 1.039118 1.069016
v 0.648849 1.043045 1.068192
v 0.721720 1.044372 1.067283
v 0.794590 1.043106 1.066290
v 0.867352 1.039227 1.065213
v 0.939896 1.032695 1.064052
v 1.012103 1.023441 1.062802
v 1.083842 1.011364 1.061461
v 1.154966 0.996340 1.060025
v 1.225292 0.978181 1.058492
v 1.294598 0.956662 1.056863
v 1.362593 0.931487 1.055141
v 1.428889 0.902287 1.053338
v 1.492932 0.868573 1.051475
v 1.553899 0.829731 1.049573
v 1.610532 0.784961 1.047692
v 1.660768 0.733178 1.046032
v 1.702003 0.674769 1.044164
v -0.257837 0.673083 1.142142
v -0.217032 0.731801 1.143349
v -0.166919 0.783862 1.144091
v -0.110358 0.828537 1.145074
v -0.049330 0.867129 1.145896
v 0.014823 0.900492 1.146535
v 0.081251 0.929275 1.146985
v 0.149376 0.954012 1.147245
v 0.218799 0.975105 1.147321
v 0.289221 0.992878 1.147225
v 0.360420 1.007582 1.146968
v 0.432217 1.019397 1.146563
v 0.504464 1.028479 1.146024
v 0.577035 1.034917 1.145359
v 0.649816 1.038773 1.144576
v 0.722701 1.040079 1.143681
v 0.795585 1.038842 1.142676
v 0.868363 1.035046 1.141560
v 0.940927 1.028641 1.140330
v 1.013161 1.019571 1.138982
v 1.084935 1.007726 1.137509
v 1.156097 0.992954 1.135904
v 1.226469 0.975082 1.134163
v 1.295824 0.953868 1.132285
v 1.363868 0.929005 1.130272
v 1.430201 0.900100 1.128138
v 1.494265 0.866662 1.125903
v 1.555228 0.828060 1.123600
v 1.611781 0.783457 1.121291
v 1.661833 0.731785 1.119179
v 1.702780 0.673404 1.116975
v -0.257793 0.671572 1.214884
v -0.217003 0.730079 1.216547
v -0.166834 0.781852 1.217762
v -0.110179 0.826196 1.219152
v -0.049065 0.864448 1.220363
v 0.015194 0.897421 1.221354
v 0.081735 0.925787 1.222112
v 0.149970 0.950098 1.222635
v 0.219490 0.970781 1.222931
v 0.289994 0.988173 1.223014
v 0.361259 1.002534 1.222899
v 0.433105 1.014067 1.222606
v 0.505389 1.022909 1.222147
v 0.577985 1.029183 1.221539
v 0.650783 1.032938 1.220790
v 0.723680 1.034215 1.219907
v 0.796576 1.033019 1.218893
v 0.869370 1.029334 1.217746
v 0.941957 1.023114 1.216463
v 1.014223 1.014289 1.215035
v 1.086042 1.002745 1.213453
v 1.157262 0.988335 1.211707
v 1.227705 0.970861 1.209789
v 1.297140 0.950070 1.207692
v 1.365269 0.925635 1.205419
v 1.431686 0.897149 1.202979
v 1.495819 0.864092 1.200396
v 1.556818 0.825806 1.197708
v 1.613382 0.781463 1.194995
v 1.663337 0.729964 1.192433
v 1.704091 0.671702 1.189832
v -0.258764 0.669897 1.287670
v -0.217716 0.728090 1.289807
v -0.167266 0.779470 1.291498
v -0.110381 0.823359 1.293306
v -0.049051 0.861081 1.294885
v 0.015396 0.893514 1.296197
v 0.082107 0.921330 1.297227
v 0.150496 0.945084 1.297975
v 0.220146 0.965230 1.298453
v 0.290757 0.982121 1.298679
v 0.362103 0.996039 1.298675
v 0.434007 1.007195 1.298463
v 0.506327 1.015748 1.298065
v 0.578945 1.021794 1.297496
v 0.651753 1.025427 1.296772
v 0.724655 1.026664 1.295899
v 0.797555 1.025520 1.294879
v 0.870358 1.021971 1.293713
v 0.942966 1.015990 1.292394
v 1.015268 1.007476 1.290911
v 1.087141 0.996328 1.289251
v 1.158437 0.982384 1.287399
v 1.228977 0.965431 1.285340
v 1.298529 0.945194 1.283064
v 1.366792 0.921327 1.280566
v 1.433353 0.893393 1.277851
v 1.497630 0.860851 1.274944
v 1.558770 0.823024 1.271885
v 1.615457 0.779059 1.268758
v 1.665530 0.727844 1.265736
v 1.706476 0.669873 1.262715
v -0.261065 0.668334 1.360455
v -0.219339 0.726003 1.363068
v -0.168330 0.776800 1.365258
v -0.110998 0.820015 1.367502
v -0.049309 0.857027 1.369438
v 0.015435 0.888731 1.371041
v 0.082394 0.915822 1.372303
v 0.150988 0.938863 1.373232
v 0.220806 0.958324 1.373846
v 0.291546 0.974585 1.374171
v 0.362984 0.987946 1.374237
v 0.434948 0.998636 1.374074
v 0.507301 1.006819 1.373709
v 0.579930 1.012609 1.373162
v 0.652734 1.016081 1.372451
v 0.725625 1.017270 1.371583
v 0.798514 1.016186 1.370564
v 0.871314 1.012811 1.369390
v 0.943932 1.007102 1.368055
v 1.016266 0.998978 1.366546
v 1.088197 0.988319 1.364844
v 1.159584 0.974956 1.362927
v 1.230248 0.958660 1.360774
v 1.299960 0.939131 1.358364
v 1.368416 0.915993 1.355684
v 1.435199 0.888781 1.352733
v 1.499727 0.856928 1.349527
v 1.561146 0.819744 1.346102
v 1.618153 0.776336 1.342542
v 1.668618 0.725613 1.339013
v 1.709187 0.667491 1.335562
v -0.264759 0.667053 1.433205
v -0.221902 0.723903 1.436311
v -0.169996 0.773804 1.439020
v -0.111994 0.816097 1.441704
v -0.049791 0.852187 1.443984
v 0.015362 0.882961 1.445845
v 0.082649 0.909128 1.447295
v 0.151505 0.931270 1.448353
v 0.221526 0.949879 1.449049
v 0.292413 0.965364 1.449421
v 0.363949 0.978050 1.449511
v 0.435966 0.988181 1.449357
v 0.508338 0.995928 1.448994
v 0.580957 1.001408 1.448448
v 0.653735 1.004696 1.447737
v 0.726589 1.005827 1.446871
v 0.799443 1.004813 1.445856
v 0.872216 1.001635 1.444689
v 0.944825 0.996254 1.443362
v 1.017178 0.988586 1.441859
v 1.089165 0.978511 1.440156
v 1.160651 0.965851 1.438225
v 1.231465 0.950360 1.436032
v 1.301380 0.931712 1.433544
v 1.370093 0.909495 1.430734
v 1.437191 0.883212 1.427589
v 1.502095 0.852267 1.424114
v 1.563970 0.815954 1.420330
v 1.621554 0.773382 1.416314
v 1.672717 0.723397 1.412247
v 1.715375 0.666792 1.408259
v -0.269076 0.665556 1.505949
v -0.224973 0.721441 1.509556
v -0.172022 0.770231 1.512780
v -0.113212 0.811402 1.515878
v -0.050381 0.846366 1.518477
v 0.015274 0.876001 1.520559
v 0.082961 0.901029 1.522144
v 0.152130 0.922058 1.523267
v 0.222380 0.939628 1.523978
v 0.293424 0.954186 1.524334
v 0.365049 0.966078 1.524393
v 0.437103 0.975559 1.524204
v 0.509467 0.982806 1.523810
v 0.582047 0.987933 1.523240
v 0.654765 0.991012 1.522516
v 0.727549 0.992077 1.521649
v 0.800331 0.991137 1.520643
v 0.873044 0.988190 1.519498
v 0.945614 0.983175 1.518203
v 1.017962 0.976029 1.516741
v 1.089989 0.966629 1.515084
v 1.161572 0.954794 1.513195
v 1.232550 0.940263 1.511028
v 1.302705 0.922687 1.508531
v 1.371739 0.901615 1.505656
v 1.439242 0.876502 1.502371
v 1.504647 0.846714 1.498661
v 1.567140 0.811526 1.494534
v 1.625515 0.770053 1.490068
v 1.677836 0.721279 1.485457
v 1.721876 0.665760 1.480963
v -0.272764 0.662803 1.578732
v -0.227858 0.717921 1.582836
v -0.174015 0.765624 1.586542
v -0.114416 0.805603 1.590003
v -0.050913 0.839279 1.592871
v 0.015309 0.867550 1.595115
v 0.083455 0.891190 1.596762
v 0.152973 0.910875 1.597869
v 0.223466 0.927211 1.598513
v 0.294656 0.940687 1.598778
v 0.366349 0.951672 1.598742
v 0.438406 0.960424 1.598470
v 0.510723 0.967116 1.598008
v 0.583222 0.971857 1.597391
v 0.655835 0.974700 1.596638
v 0.728502 0.975697 1.595766
v 0.801167 0.974844 1.594776
v 0.873775 0.972135 1.593667
v 0.946265 0.967528 1.592430
v 1.018569 0.960959 1.591047
v 1.090604 0.952315 1.589486
v 1.162264 0.941419 1.587703
v 1.233404 0.928006 1.585638
v 1.303820 0.911704 1.583217
v 1.373225 0.892021 1.580364
v 1.441213 0.868349 1.577013
v 1.507217 0.839984 1.573123
v 1.570427 0.806152 1.568694
v 1.629682 0.765976 1.563822
v 1.683056 0.718429 1.558718
v 1.727925 0.663661 1.553711
v -0.275581 0.658378 1.651512
v -0.230282 0.712947 1.656143
v -0.175766 0.759695 1.660298
v -0.115427 0.798419 1.664060
v -0.051219 0.830600 1.667119
v 0.015630 0.857224 1.669429
v 0.084286 0.879163 1.671026
v 0.154171 0.897240 1.672001
v 0.224895 0.912142 1.672474
v 0.296200 0.924398 1.672561
v 0.367916 0.934381 1.672361
v 0.439924 0.942340 1.671951
v 0.512142 0.948433 1.671383
v 0.584503 0.952757 1.670692
v 0.656955 0.955363 1.669899
v 0.729449 0.956283 1.669017
v 0.801941 0.955519 1.668048
v 0.874387 0.953064 1.666992
v 0.946740 0.948889 1.665840
v 1.018946 0.942939 1.664574
v 1.090940 0.935116 1.663163
v 1.162635 0.925255 1.661556
v 1.233908 0.913100 1.659683
v 1.304581 0.898272 1.657444
v 1.374384 0.880240 1.654728
v 1.442918 0.858317 1.651423
v 1.509599 0.831686 1.647451
v 1.573585 0.799460 1.642799
v 1.633675 0.760687 1.637592
v 1.687826 0.714187 1.632034
v 1.733027 0.659875 1.626492
v -0.278075 0.652514 1.724243
v -0.232413 0.706553 1.729427
v -0.177250 0.752360 1.734018
v -0.116125 0.789621 1.738016
v -0.051114 0.819923 1.741144
v 0.016445 0.844449 1.743357
v 0.085643 0.864311 1.744731
v 0.155879 0.880503 1.745420
v 0.226787 0.893798 1.745593
v 0.298146 0.904728 1.745402
v 0.369816 0.913644 1.744963
v 0.441708 0.920766 1.744358
v 0.513757 0.926232 1.743642
v 0.585913 0.930121 1.742851
v 0.658136 0.932477 1.742003
v 0.730390 0.933318 1.741108
v 0.802641 0.932646 1.740167
v 0.874858 0.930456 1.739180
v 0.947005 0.926729 1.738140
v 1.019044 0.921423 1.737033
v 1.090926 0.914460 1.735827
v 1.162587 0.905700 1.734473
v 1.233932 0.894912 1.732889
v 1.304818 0.881734 1.730962
v 1.375008 0.865621 1.728539
v 1.444127 0.845811 1.725456
v 1.511574 0.821342 1.721572
v 1.576438 0.791121 1.716838
v 1.637389 0.753958 1.711365
v 1.692195 0.708435 1.705355
v 1.737608 0.654553 1.699249
v -0.280454 0.645314 1.796900
v -0.234325 0.698774 1.802618
v -0.178458 0.743540 1.807636
v -0.116384 0.778915 1.811797
v -0.050364 0.806642 1.814790
v 0.018016 0.828407 1.816631
v 0.087743 0.845743 1.817528
v 0.158260 0.859823 1.817730
v 0.229260 0.871401 1.817460
v 0.300576 0.880956 1.816888
v 0.372111 0.888771 1.816129
v 0.443800 0.895034 1.815269
v 0.515597 0.899852 1.814359
v 0.587468 0.903294 1.813435
v 0.659385 0.905388 1.812514
v 0.731321 0.906150 1.811603
v 0.803255 0.905573 1.810698
v 0.875164 0.903654 1.809799
v 0.947027 0.900381 1.808903
v 1.018815 0.895729 1.807997
v 1.090497 0.889642 1.807057
v 1.162029 0.882008 1.806033
v 1.233348 0.872642 1.804846
v 1.304352 0.861228 1.803374
v 1.374859 0.847265 1.801446
v 1.444546 0.829980 1.798836
v 1.512850 0.808268 1.795322
v 1.578793 0.780718 1.790731
v 1.640820 0.745659 1.785090
v 1.696387 0.701277 1.778600
v 1.742058 0.647886 1.771944
v -0.282568 0.636703 1.869433
v -0.236118 0.689745 1.875652
v -0.179402 0.733131 1.881098
v -0.115892 0.765548 1.885223
v -0.048547 0.789515 1.887656
v 0.020668 0.807751 1.888696
v 0.090809 0.822254 1.888790
v 0.161452 0.834148 1.888302
v 0.232403 0.844024 1.887454
v 0.303555 0.852221 1.886399
v 0.374845 0.858939 1.885234
v 0.446231 0.864328 1.884043
v 0.517684 0.868484 1.882883
v 0.589181 0.871458 1.881785
v 0.660704 0.873289 1.880772
v 0.732238 0.873969 1.879839
v 0.803770 0.873486 1.878978
v 0.875287 0.871839 1.878190
v 0.946776 0.869022 1.877473
v 1.018220 0.865026 1.876822
v 1.089600 0.859807 1.876214
v 1.160890 0.853284 1.875601
v 1.232053 0.845317 1.874915
v 1.303025 0.835674 1.874046
v 1.373692 0.823966 1.872831
v 1.443833 0.809532 1.871027
v 1.512997 0.791270 1.868295
v 1.580275 0.767410 1.864260
v 1.643872 0.735487 1.858689
v 1.700549 0.692811 1.851726
v 1.746429 0.639851 1.844500
v -0.284559 0.626934 1.941749
v -0.238209 0.679873 1.948503
v -0.179770 0.720439 1.954298
v -0.113847 0.747530 1.957685
v -0.045083 0.766269 1.958742
v 0.024723 0.780615 1.958429
v 0.094993 0.792390 1.957460
v 0.165538 0.802284 1.956137
v 0.236265 0.810595 1.954605
v 0.307113 0.817502 1.952961
v 0.378038 0.823150 1.951294
v 0.449012 0.827666 1.949684
v 0.520018 0.831153 1.948200
v 0.591046 0.833656 1.946877
v 0.662086 0.835212 1.945739
v 0.733131 0.835807 1.944777
v 0.804174 0.835417 1.943972
v 0.875210 0.834034 1.943320
v 0.946232 0.831672 1.942831
v 1.017233 0.828322 1.942499
v 1.088202 0.823949 1.942300
v 1.159125 0.818482 1.942188
v 1.229981 0.811815 1.942096
v 1.300734 0.803800 1.941945
v 1.371322 0.794208 1.941622
v 1.441640 0.782632 1.940938
v 1.511450 0.768243 1.939540
v 1.580123 0.749312 1.936789
v 1.646020 0.722431 1.931933
v 1.704815 0.683088 1.924736
v 1.751088 0.630706 1.916803
v -0.288135 0.617478 2.013653
v -0.240737 0.669251 2.021312
v -0.177612 0.701694 2.026623
v -0.109033 0.720214 2.027441
v -0.039502 0.733422 2.026060
v 0.030321 0.744586 2.024203
v 0.100355 0.754278 2.022179
v 0.170562 0.762563 2.020004
v 0.240886 0.769501 2.017721
v 0.311278 0.775207 2.015398
v 0.381704 0.779821 2.013129
v 0.452148 0.783479 2.011007
v 0.522601 0.786283 2.009110
v 0.593058 0.788307 2.007498
v 0.663520 0.789587 2.006203
v 0.733986 0.790085 2.005200
v 0.804449 0.789780 2.004458
v 0.874911 0.788659 2.003972
v 0.945368 0.786747 2.003763
v 1.015821 0.784036 2.003824
v 1.086261 0.780479 2.004118
v 1.156684 0.776000 2.004583
v 1.227079 0.770496 2.005155
v 1.297420 0.763859 2.005768
v 1.367668 0.755986 2.006371
v 1.437785 0.746755 2.006906
v 1.507722 0.735863 2.007222
v 1.577281 0.722330 2.006773
v 1.645633 0.703083 2.004135
v 1.708665 0.671371 1.997557
v 1.757422 0.621519 1.988736
v -0.297146 0.611731 2.085245
v -0.238291 0.652203 2.092489
v -0.170662 0.667910 2.092797
v -0.101712 0.678247 2.088719
v -0.032719 0.688382 2.085456
v 0.036586 0.698088 2.082614
v 0.106124 0.706574 2.079652
v 0.175803 0.713749 2.076566
v 0.245571 0.719660 2.073401
v 0.315437 0.724391 2.070281
v 0.385324 0.728146 2.067307
v 0.455213 0.731077 2.064572
v 0.525102 0.733292 2.062167
v 0.594990 0.734875 2.060171
v 0.664881 0.735883 2.058653
v 0.734777 0.736295 2.057589
v 0.804678 0.736049 2.056902
v 0.874573 0.735159 2.056624
v 0.944467 0.733638 2.056761
v 1.014360 0.731487 2.057317
v 1.084253 0.728622 2.058204
v 1.154142 0.724951 2.059347
v 1.223991 0.720334 2.060678
v 1.293771 0.714659 2.062128
v 1.363479 0.707872 2.063637
v 1.433071 0.699969 2.065211
v 1.502497 0.691047 2.066934
v 1.571757 0.681301 2.068964
v 1.640856 0.670013 2.070803
v 1.707977 0.652451 2.068278
v 1.766692 0.613537 2.060168
v 1.744267 0.596409 -0.336766
v 1.734945 0.601565 -0.264815
v 1.731042 0.609757 -0.192768
v 1.729356 0.619527 -0.120336
v 1.727401 0.627917 -0.047749
v 1.725056 0.634757 0.024974
v 1.722587 0.640206 0.097785
v 1.719686 0.644158 0.170644
v 1.715882 0.646590 0.243500
v 1.711636 0.648125 0.316349
v 1.707983 0.649523 0.389252
v 1.705623 0.651078 0.462210
v 1.704810 0.652681 0.535130
v 1.705216 0.654077 0.607990
v 1.706178 0.655138 0.680776
v 1.707381 0.655863 0.753474
v 1.708472 0.656145 0.826094
v 1.709394 0.656144 0.898664
v 1.710130 0.655863 0.971244
v 1.710708 0.655288 1.043882
v 1.711423 0.654304 1.116613
v 1.712795 0.652987 1.189404
v 1.715224 0.651350 1.262231
v 1.719526 0.649755 1.335019
v 1.724939 0.648509 1.407747
v 1.731254 0.647218 1.480382
v 1.737101 0.644962 1.553040
v 1.742092 0.641239 1.625739
v 1.746684 0.636076 1.698440
v 1.751203 0.629530 1.771104
v 1.755536 0.621488 1.843711
v 1.759546 0.611977 1.916203
v 1.763479 0.601969 1.988471
v 1.768969 0.593620 2.060434
v -0.337139 0.595739 -0.307756
v -0.324663 0.599215 -0.235976
v -0.319373 0.606813 -0.163976
v -0.316329 0.616690 -0.091629
v -0.312810 0.625390 -0.019159
v -0.308785 0.632600 0.053405
v -0.304581 0.638453 0.126018
v -0.300260 0.642996 0.198666
v -0.295262 0.646061 0.271304
v -0.289448 0.647878 0.343896
v -0.283576 0.649147 0.416495
v -0.278704 0.650435 0.489144
v -0.275200 0.651811 0.561819
v -0.273014 0.653095 0.634492
v -0.271855 0.654141 0.707110
v -0.270949 0.654823 0.779643
v -0.270203 0.655215 0.852112
v -0.269360 0.655289 0.924541
v -0.268285 0.655008 0.996976
v -0.267204 0.654426 1.069463
v -0.266481 0.653550 1.142029
v -0.266558 0.652348 1.214669
v -0.267789 0.650907 1.287365
v -0.270452 0.649455 1.360073
v -0.274334 0.648084 1.432762
v -0.278483 0.646374 1.505425
v -0.281916 0.643555 1.578116
v -0.284652 0.639276 1.650819
v -0.287253 0.633651 1.723508
v -0.289803 0.626677 1.796168
v -0.292022 0.618186 1.868794
v -0.293699 0.608196 1.941308
v -0.295426 0.598179 2.013565
v -0.299709 0.591623 2.085893
vt 0.375000 0.000000
vt 0.383333 0.000000
vt 0.391667 0.000000
vt 0.400000 0.000000
vt 0.408333 0.000000
vt 0.416667 0.000000
vt 0.425000 0.000000
vt 0.433333 0.000000
vt 0.441667 0.000000
vt 0.450000 0.000000
vt 0.458333 0.000000
vt 0.466667 0.000000
vt 0.475000 0.000000
vt 0.483333 0.000000
vt 0.491667 0.000000
vt 0.500000 0.000000
vt 0.508333 0.000000
vt 0.516667 0.000000
vt 0.525000 0.000000
vt 0.533333 0.000000
vt 0.541667 0.000000
vt 0.550000 0.000000
vt 0.558333 0.000000
vt 0.566666 0.000000
vt 0.575000 0.000000
vt 0.583333 0.000000
vt 0.591666 0.000000
vt 0.600000 0.000000
vt 0.608333 0.000000
vt 0.616666 0.000000
vt 0.625000 0.000000
vt 0.375000 0.125000
vt 0.383333 0.125000
vt 0.391667 0.125000
vt 0.400000 0.125000
vt 0.408333 0.125000
vt 0.416667 0.125000
vt 0.425000 0.125000
vt 0.433333 0.125000
vt 0.441667 0.125000
vt 0.450000 0.125000
vt 0.458333 0.125000
vt 0.466667 0.125000
vt 0.475000 0.125000
vt 0.483333 0.125000
vt 0.491667 0.125000
vt 0.500000 0.125000
vt 0.508333 0.125000
vt 0.516667 0.125000
vt 0.525000 0.125000
vt 0.533333 0.125000
vt 0.541667 0.125000
vt 0.550000 0.125000
vt 0.558333 0.125000
vt 0.566666 0.125000
vt 0.575000 0.125000
vt 0.583333 0.125000
vt 0.591666 0.125000
vt 0.600000 0.125000
vt 0.608333 0.125000
vt 0.616666 0.125000
vt 0.625000 0.125000
vt 0.375000 0.250000
vt 0.383333 0.250000
vt 0.391667 0.250000
vt 0.400000 0.250000
vt 0.408333 0.250000
vt 0.416667 0.250000
vt 0.425000 0.250000
vt 0.433333 0.250000
vt 0.441667 0.250000
vt 0.450000 0.250000
vt 0.458333 0.250000
vt 0.466667 0.250000
vt 0.475000 0.250000
vt 0.483333 0.250000
vt 0.491667 0.250000
vt 0.500000 0.250000
vt 0.508333 0.250000
vt 0.516667 0.250000
vt 0.525000 0.250000
vt 0.533333 0.250000
vt 0.541667 0.250000
vt 0.550000 0.250000
vt 0.558333 0.250000
vt 0.566666 0.250000
vt 0.575000 0.250000
vt 0.583333 0.250000
vt 0.591666 0.250000
vt 0.600000 0.250000
vt 0.608333 0.250000
vt 0.616666 0.250000
vt 0.625000 0.250000
vt 0.375000 0.257143
vt 0.383333 0.257143
vt 0.391667 0.257143
vt 0.400000 0.257143
vt 0.408333 0.257143
vt 0.416667 0.257143
vt 0.425000 0.257143
vt 0.433333 0.257143
vt 0.441667 0.257143
vt 0.450000 0.257143
vt 0.458333 0.257143
vt 0.466667 0.257143
vt 0.475000 0.257143
vt 0.483333 0.257143
vt 0.491667 0.257143
vt 0.500000 0.257143
vt 0.508333 0.257143
vt 0.516667 0.257143
vt 0.525000 0.257143
vt 0.533333 0.257143
vt 0.541667 0.257143
vt 0.550000 0.257143
vt 0.558333 0.257143
vt 0.566666 0.257143
vt 0.575000 0.257143
vt 0.583333 0.257143
vt 0.591666 0.257143
vt 0.600000 0.257143
vt 0.608333 0.257143
vt 0.616666 0.257143
vt 0.625000 0.257143
vt 0.375000 0.264286
vt 0.383333 0.264286
vt 0.391667 0.264286
vt 0.400000 0.264286
vt 0.408333 0.264286
vt 0.416667 0.264286
vt 0.425000 0.264286
vt 0.433333 0.264286
vt 0.441667 0.264286
vt 0.450000 0.264286
vt 0.458333 0.264286
vt 0.466667 0.264286
vt 0.475000 0.264286
vt 0.483333 0.264286
vt 0.491667 0.264286
vt 0.500000 0.264286
vt 0.508333 0.264286
vt 0.516667 0.264286
vt 0.525000 0.264286
vt 0.533333 0.264286
vt 0.541667 0.264286
vt 0.550000 0.264286
vt 0.558333 0.264286
vt 0.566666 0.264286
vt 0.575000 0.264286
vt 0.583333 0.264286
vt 0.591666 0.264286
vt 0.600000 0.264286
vt 0.608333 0.264286
vt 0.616666 0.264286
vt 0.625000 0.264286
vt 0.375000 0.271429
vt 0.383333 0.271429
vt 0.391667 0.271429
vt 0.400000 0.271429
vt 0.408333 0.271429
vt 0.416667 0.271429
vt 0.425000 0.271429
vt 0.433333 0.271429
vt 0.441667 0.271429
vt 0.450000 0.271429
vt 0.458333 0.271429
vt 0.466667 0.271429
vt 0.475000 0.271429
vt 0.483333 0.271429
vt 0.491667 0.271429
vt 0.500000 0.271429
vt 0.508333 0.271429
vt 0.516667 0.271429
vt 0.525000 0.271429
vt 0.533333 0.271429
vt 0.541667 0.271429
vt 0.550000 0.271429
vt 0.558333 0.271429
vt 0.566666 0.271429
vt 0.575000 0.271429
vt 0.583333 0.271429
vt 0.591666 0.271429
vt 0.600000 0.271429
vt 0.608333 0.271429
vt 0.616666 0.271429
vt 0.625000 0.271429
vt 0.375000 0.278571
vt 0.383333 0.278571
vt 0.391667 0.278571
vt 0.400000 0.278571
vt 0.408333 0.278571
vt 0.416667 0.278571
vt 0.425000 0.278571
vt 0.433333 0.278571
vt 0.441667 0.278571
vt 0.450000 0.278571
vt 0.458333 0.278571
vt 0.466667 0.278571
vt 0.475000 0.278571
vt 0.483333 0.278571
vt 0.491667 0.278571
vt 0.500000 0.278571
vt 0.508333 0.278571
vt 0.516667 0.278571
vt 0.525000 0.278571
vt 0.533333 0.278571
vt 0.541667 0.278571
vt 0.550000 0.278571
vt 0.558333 0.278571
vt 0.566666 0.278571
vt 0.575000 0.278571
vt 0.583333 0.278571
vt 0.591666 0.278571
vt 0.600000 0.278571
vt 0.608333 0.278571
vt 0.616666 0.278571
vt 0.625000 0.278571
vt 0.375000 0.285714
vt 0.383333 0.285714
vt 0.391667 0.285714
vt 0.400000 0.285714
vt 0.408333 0.285714
vt 0.416667 0.285714
vt 0.425000 0.285714
vt 0.433333 0.285714
vt 0.441667 0.285714
vt 0.450000 0.285714
vt 0.458333 0.285714
vt 0.466667 0.285714
vt 0.475000 0.285714
vt 0.483333 0.285714
vt 0.491667 0.285714
vt 0.500000 0.285714
vt 0.508333 0.285714
vt 0.516667 0.285714
vt 0.525000 0.285714
vt 0.533333 0.285714
vt 0.541667 0.285714
vt 0.550000 0.285714
vt 0.558333 0.285714
vt 0.566666 0.285714
vt 0.575000 0.285714
vt 0.583333 0.285714
vt 0.591666 0.285714
vt 0.600000 0.285714
vt 0.608333 0.285714
vt 0.616666 0.285714
vt 0.625000 0.285714
vt 0.375000 0.292857
vt 0.383333 0.292857
vt 0.391667 0.292857
vt 0.400000 0.292857
vt 0.408333 0.292857
vt 0.416667 0.292857
vt 0.425000 0.292857
vt 0.433333 0.292857
vt 0.441667 0.292857
vt 0.450000 0.292857
vt 0.458333 0.292857
vt 0.466667 0.292857
vt 0.475000 0.292857
vt 0.483333 0.292857
vt 0.491667 0.292857
vt 0.500000 0.292857
vt 0.508333 0.292857
vt 0.516667 0.292857
vt 0.525000 0.292857
vt 0.533333 0.292857
vt 0.541667 0.292857
vt 0.550000 0.292857
vt 0.558333 0.292857
vt 0.566666 0.292857
vt 0.575000 0.292857
vt 0.583333 0.292857
vt 0.591666 0.292857
vt 0.600000 0.292857
vt 0.608333 0.292857
vt 0.616666 0.292857
vt 0.625000 0.292857
vt 0.375000 0.300000
vt 0.383333 0.300000
vt 0.391667 0.300000
vt 0.400000 0.300000
vt 0.408333 0.300000
vt 0.416667 0.300000
vt 0.425000 0.300000
vt 0.433333 0.300000
vt 0.441667 0.300000
vt 0.450000 0.300000
vt 0.458333 0.300000
vt 0.466667 0.300000
vt 0.475000 0.300000
vt 0.483333 0.300000
vt 0.491667 0.300000
vt 0.500000 0.300000
vt 0.508333 0.300000
vt 0.516667 0.300000
vt 0.525000 0.300000
vt 0.533333 0.300000
vt 0.541667 0.300000
vt 0.550000 0.300000
vt 0.558333 0.300000
vt 0.566666 0.300000
vt 0.575000 0.300000
vt 0.583333 0.300000
vt 0.591666 0.300000
vt 0.600000 0.300000
vt 0.608333 0.300000
vt 0.616666 0.300000
vt 0.625000 0.300000
vt 0.375000 0.307143
vt 0.383333 0.307143
vt 0.391667 0.307143
vt 0.400000 0.307143
vt 0.408333 0.307143
vt 0.416667 0.307143
vt 0.425000 0.307143
vt 0.433333 0.307143
vt 0.441667 0.307143
vt 0.450000 0.307143
vt 0.458333 0.307143
vt 0.466667 0.307143
vt 0.475000 0.307143
vt 0.483333 0.307143
vt 0.491667 0.307143
vt 0.500000 0.307143
vt 0.508333 0.307143
vt 0.516667 0.307143
vt 0.525000 0.307143
vt 0.533333 0.307143
vt 0.541667 0.307143
vt 0.550000 0.307143
vt 0.558333 0.307143
vt 0.566666 0.307143
vt 0.575000 0.307143
vt 0.583333 0.307143
vt 0.591666 0.307143
vt 0.600000 0.307143
vt 0.608333 0.307143
vt 0.616666 0.307143
vt 0.625000 0.307143
vt 0.375000 0.314286
vt 0.383333 0.314286
vt 0.391667 0.314286
vt 0.400000 0.314286
vt 0.408333 0.314286
vt 0.416667 0.314286
vt 0.425000 0.314286
vt 0.433333 0.314286
vt 0.441667 0.314286
vt 0.450000 0.314286
vt 0.458333 0.314286
vt 0.466667 0.314286
vt 0.475000 0.314286
vt 0.483333 0.314286
vt 0.491667 0.314286
vt 0.500000 0.314286
vt 0.508333 0.314286
vt 0.516667 0.314286
vt 0.525000 0.314286
vt 0.533333 0.314286
vt 0.541667 0.314286
vt 0.550000 0.314286
vt 0.558333 0.314286
vt 0.566666 0.314286
vt 0.575000 0.314286
vt 0.583333 0.314286
vt 0.591666 0.314286
vt 0.600000 0.314286
vt 0.608333 0.314286
vt 0.616666 0.314286
vt 0.625000 0.314286
vt 0.375000 0.321429
vt 0.383333 0.321429
vt 0.391667 0.321429
vt 0.400000 0.321429
vt 0.408333 0.321429
vt 0.416667 0.321429
vt 0.425000 0.321429
vt 0.433333 0.321429
vt 0.441667 0.321429
vt 0.450000 0.321429
vt 0.458333 0.321429
vt 0.466667 0.321429
vt 0.475000 0.321429
vt 0.483333 0.321429
vt 0.491667 0.321429
vt 0.500000 0.321429
vt 0.508333 0.321429
vt 0.516667 0.321429
vt 0.525000 0.321429
vt 0.533333 0.321429
vt 0.541667 0.321429
vt 0.550000 0.321429
vt 0.558333 0.321429
vt 0.566666 0.321429
vt 0.575000 0.321429
vt 0.583333 0.321429
vt 0.591666 0.321429
vt 0.600000 0.321429
vt 0.608333 0.321429
vt 0.616666 0.321429
vt 0.625000 0.321429
vt 0.375000 0.328572
vt 0.383333 0.328572
vt 0.391667 0.328572
vt 0.400000 0.328572
vt 0.408333 0.328572
vt 0.416667 0.328572
vt 0.425000 0.328572
vt 0.433333 0.328572
vt 0.441667 0.328572
vt 0.450000 0.328572
vt 0.458333 0.328572
vt 0.466667 0.328572
vt 0.475000 0.328572
vt 0.483333 0.328572
vt 0.491667 0.328572
vt 0.500000 0.328572
vt 0.508333 0.328572
vt 0.516667 0.328572
vt 0.525000 0.328572
vt 0.533333 0.328572
vt 0.541667 0.328572
vt 0.550000 0.328572
vt 0.558333 0.328572
vt 0.566666 0.328572
vt 0.575000 0.328572
vt 0.583333 0.328572
vt 0.591666 0.328572
vt 0.600000 0.328572
vt 0.608333 0.328572
vt 0.616666 0.328572
vt 0.625000 0.328572
vt 0.375000 0.335714
vt 0.383333 0.335714
vt 0.391667 0.335714
vt 0.400000 0.335714
vt 0.408333 0.335714
vt 0.416667 0.335714
vt 0.425000 0.335714
vt 0.433333 0.335714
vt 0.441667 0.335714
vt 0.450000 0.335714
vt 0.458333 0.335714
vt 0.466667 0.335714
vt 0.475000 0.335714
vt 0.483333 0.335714
vt 0.491667 0.335714
vt 0.500000 0.335714
vt 0.508333 0.335714
vt 0.516667 0.335714
vt 0.525000 0.335714
vt 0.533333 0.335714
vt 0.541667 0.335714
vt 0.550000 0.335714
vt 0.558333 0.335714
vt 0.566666 0.335714
vt 0.575000 0.335714
vt 0.583333 0.335714
vt 0.591666 0.335714
vt 0.600000 0.335714
vt 0.608333 0.335714
vt 0.616666 0.335714
vt 0.625000 0.335714
vt 0.375000 0.342857
vt 0.383333 0.342857
vt 0.391667 0.342857
vt 0.400000 0.342857
vt 0.408333 0.342857
vt 0.416667 0.342857
vt 0.425000 0.342857
vt 0.433333 0.342857
vt 0.441667 0.342857
vt 0.450000 0.342857
vt 0.458333 0.342857
vt 0.466667 0.342857
vt 0.475000 0.342857
vt 0.483333 0.342857
vt 0.491667 0.342857
vt 0.500000 0.342857
vt 0.508333 0.342857
vt 0.516667 0.342857
vt 0.525000 0.342857
vt 0.533333 0.342857
vt 0.541667 0.342857
vt 0.550000 0.342857
vt 0.558333 0.342857
vt 0.566666 0.342857
vt 0.575000 0.342857
vt 0.583333 0.342857
vt 0.591666 0.342857
vt 0.600000 0.342857
vt 0.608333 0.342857
vt 0.616666 0.342857
vt 0.625000 0.342857
vt 0.375000 0.350000
vt 0.383333 0.350000
vt 0.391667 0.350000
vt 0.400000 0.350000
vt 0.408333 0.350000
vt 0.416667 0.350000
vt 0.425000 0.350000
vt 0.433333 0.350000
vt 0.441667 0.350000
vt 0.450000 0.350000
vt 0.458333 0.350000
vt 0.466667 0.350000
vt 0.475000 0.350000
vt 0.483333 0.350000
vt 0.491667 0.350000
vt 0.500000 0.350000
vt 0.508333 0.350000
vt 0.516667 0.350000
vt 0.525000 0.350000
vt 0.533333 0.350000
vt 0.541667 0.350000
vt 0.550000 0.350000
vt 0.558333 0.350000
vt 0.566666 0.350000
vt 0.575000 0.350000
vt 0.583333 0.350000
vt 0.591666 0.350000
vt 0.600000 0.350000
vt 0.608333 0.350000
vt 0.616666 0.350000
vt 0.625000 0.350000
vt 0.375000 0.357143
vt 0.383333 0.357143
vt 0.391667 0.357143
vt 0.400000 0.357143
vt 0.408333 0.357143
vt 0.416667 0.357143
vt 0.425000 0.357143
vt 0.433333 0.357143
vt 0.441667 0.357143
vt 0.450000 0.357143
vt 0.458333 0.357143
vt 0.466667 0.357143
vt 0.475000 0.357143
vt 0.483333 0.357143
vt 0.491667 0.357143
vt 0.500000 0.357143
vt 0.508333 0.357143
vt 0.516667 0.357143
vt 0.525000 0.357143
vt 0.533333 0.357143
vt 0.541667 0.357143
vt 0.550000 0.357143
vt 0.558333 0.357143
vt 0.566666 0.357143
vt 0.575000 0.357143
vt 0.583333 0.357143
vt 0.591666 0.357143
vt 0.600000 0.357143
vt 0.608333 0.357143
vt 0.616666 0.357143
vt 0.625000 0.357143
vt 0.375000 0.364286
vt 0.383333 0.364286
vt 0.391667 0.364286
vt 0.400000 0.364286
vt 0.408333 0.364286
vt 0.416667 0.364286
vt 0.425000 0.364286
vt 0.433333 0.364286
vt 0.441667 0.364286
vt 0.450000 0.364286
vt 0.458333 0.364286
vt 0.466667 0.364286
vt 0.475000 0.364286
vt 0.483333 0.364286
vt 0.491667 0.364286
vt 0.500000 0.364286
vt 0.508333 0.364286
vt 0.516667 0.364286
vt 0.525000 0.364286
vt 0.533333 0.364286
vt 0.541667 0.364286
vt 0.550000 0.364286
vt 0.558333 0.364286
vt 0.566666 0.364286
vt 0.575000 0.364286
vt 0.583333 0.364286
vt 0.591666 0.364286
vt 0.600000 0.364286
vt 0.608333 0.364286
vt 0.616666 0.364286
vt 0.625000 0.364286
vt 0.375000 0.371429
vt 0.383333 0.371429
vt 0.391667 0.371429
vt 0.400000 0.371429
vt 0.408333 0.371429
vt 0.416667 0.371429
vt 0.425000 0.371429
vt 0.433333 0.371429
vt 0.441667 0.371429
vt 0.450000 0.371429
vt 0.458333 0.371429
vt 0.466667 0.371429
vt 0.475000 0.371429
vt 0.483333 0.371429
vt 0.491667 0.371429
vt 0.500000 0.371429
vt 0.508333 0.371429
vt 0.516667 0.371429
vt 0.525000 0.371429
vt 0.533333 0.371429
vt 0.541667 0.371429
vt 0.550000 0.371429
vt 0.558333 0.371429
vt 0.566666 0.371429
vt 0.575000 0.371429
vt 0.583333 0.371429
vt 0.591666 0.371429
vt 0.600000 0.371429
vt 0.608333 0.371429
vt 0.616666 0.371429
vt 0.625000 0.371429
vt 0.375000 0.378572
vt 0.383333 0.378572
vt 0.391667 0.378572
vt 0.400000 0.378572
vt 0.408333 0.378572
vt 0.416667 0.378572
vt 0.425000 0.378572
vt 0.433333 0.378572
vt 0.441667 0.378572
vt 0.450000 0.378572
vt 0.458333 0.378572
vt 0.466667 0.378572
vt 0.475000 0.378572
vt 0.483333 0.378572
vt 0.491667 0.378572
vt 0.500000 0.378572
vt 0.508333 0.378572
vt 0.516667 0.378572
vt 0.525000 0.378572
vt 0.533333 0.378572
vt 0.541667 0.378572
vt 0.550000 0.378572
vt 0.558333 0.378572
vt 0.566666 0.378572
vt 0.575000 0.378572
vt 0.583333 0.378572
vt 0.591666 0.378572
vt 0.600000 0.378572
vt 0.608333 0.378572
vt 0.616666 0.378572
vt 0.625000 0.378572
vt 0.375000 0.385715
vt 0.383333 0.385715
vt 0.391667 0.385715
vt 0.400000 0.385715
vt 0.408333 0.385715
vt 0.416667 0.385715
vt 0.425000 0.385715
vt 0.433333 0.385715
vt 0.441667 0.385715
vt 0.450000 0.385715
vt 0.458333 0.385715
vt 0.466667 0.385715
vt 0.475000 0.385715
vt 0.483333 0.385715
vt 0.491667 0.385715
vt 0.500000 0.385715
vt 0.508333 0.385715
vt 0.516667 0.385715
vt 0.525000 0.385715
vt 0.533333 0.385715
vt 0.541667 0.385715
vt 0.550000 0.385715
vt 0.558333 0.385715
vt 0.566666 0.385715
vt 0.575000 0.385715
vt 0.583333 0.385715
vt 0.591666 0.385715
vt 0.600000 0.385715
vt 0.608333 0.385715
vt 0.616666 0.385715
vt 0.625000 0.385715
vt 0.375000 0.392857
vt 0.383333 0.392857
vt 0.391667 0.392857
vt 0.400000 0.392857
vt 0.408333 0.392857
vt 0.416667 0.392857
vt 0.425000 0.392857
vt 0.433333 0.392857
vt 0.441667 0.392857
vt 0.450000 0.392857
vt 0.458333 0.392857
vt 0.466667 0.392857
vt 0.475000 0.392857
vt 0.483333 0.392857
vt 0.491667 0.392857
vt 0.500000 0.392857
vt 0.508333 0.392857
vt 0.516667 0.392857
vt 0.525000 0.392857
vt 0.533333 0.392857
vt 0.541667 0.392857
vt 0.550000 0.392857
vt 0.558333 0.392857
vt 0.566666 0.392857
vt 0.575000 0.392857
vt 0.583333 0.392857
vt 0.591666 0.392857
vt 0.600000 0.392857
vt 0.608333 0.392857
vt 0.616666 0.392857
vt 0.625000 0.392857
vt 0.375000 0.400000
vt 0.383333 0.400000
vt 0.391667 0.400000
vt 0.400000 0.400000
vt 0.408333 0.400000
vt 0.416667 0.400000
vt 0.425000 0.400000
vt 0.433333 0.400000
vt 0.441667 0.400000
vt 0.450000 0.400000
vt 0.458333 0.400000
vt 0.466667 0.400000
vt 0.475000 0.400000
vt 0.483333 0.400000
vt 0.491667 0.400000
vt 0.500000 0.400000
vt 0.508333 0.400000
vt 0.516667 0.400000
vt 0.525000 0.400000
vt 0.533333 0.400000
vt 0.541667 0.400000
vt 0.550000 0.400000
vt 0.558333 0.400000
vt 0.566666 0.400000
vt 0.575000 0.400000
vt 0.583333 0.400000
vt 0.591666 0.400000
vt 0.600000 0.400000
vt 0.608333 0.400000
vt 0.616666 0.400000
vt 0.625000 0.400000
vt 0.375000 0.407143
vt 0.383333 0.407143
vt 0.391667 0.407143
vt 0.400000 0.407143
vt 0.408333 0.407143
vt 0.416667 0.407143
vt 0.425000 0.407143
vt 0.433333 0.407143
vt 0.441667 0.407143
vt 0.450000 0.407143
vt 0.458333 0.407143
vt 0.466667 0.407143
vt 0.475000 0.407143
vt 0.483333 0.407143
vt 0.491667 0.407143
vt 0.500000 0.407143
vt 0.508333 0.407143
vt 0.516667 0.407143
vt 0.525000 0.407143
vt 0.533333 0.407143
vt 0.541667 0.407143
vt 0.550000 0.407143
vt 0.558333 0.407143
vt 0.566666 0.407143
vt 0.575000 0.407143
vt 0.583333 0.407143
vt 0.591666 0.407143
vt 0.600000 0.407143
vt 0.608333 0.407143
vt 0.616666 0.407143
vt 0.625000 0.407143
vt 0.375000 0.414286
vt 0.383333 0.414286
vt 0.391667 0.414286
vt 0.400000 0.414286
vt 0.408333 0.414286
vt 0.416667 0.414286
vt 0.425000 0.414286
vt 0.433333 0.414286
vt 0.441667 0.414286
vt 0.450000 0.414286
vt 0.458333 0.414286
vt 0.466667 0.414286
vt 0.475000 0.414286
vt 0.483333 0.414286
vt 0.491667 0.414286
vt 0.500000 0.414286
vt 0.508333 0.414286
vt 0.516667 0.414286
vt 0.525000 0.414286
vt 0.533333 0.414286
vt 0.541667 0.414286
vt 0.550000 0.414286
vt 0.558333 0.414286
vt 0.566666 0.414286
vt 0.575000 0.414286
vt 0.583333 0.414286
vt 0.591666 0.414286
vt 0.600000 0.414286
vt 0.608333 0.414286
vt 0.616666 0.414286
vt 0.625000 0.414286
vt 0.375000 0.421429
vt 0.383333 0.421429
vt 0.391667 0.421429
vt 0.400000 0.421429
vt 0.408333 0.421429
vt 0.416667 0.421429
vt 0.425000 0.421429
vt 0.433333 0.421429
vt 0.441667 0.421429
vt 0.450000 0.421429
vt 0.458333 0.421429
vt 0.466667 0.421429
vt 0.475000 0.421429
vt 0.483333 0.421429
vt 0.491667 0.421429
vt 0.500000 0.421429
vt 0.508333 0.421429
vt 0.516667 0.421429
vt 0.525000 0.421429
vt 0.533333 0.421429
vt 0.541667 0.421429
vt 0.550000 0.421429
vt 0.558333 0.421429
vt 0.566666 0.421429
vt 0.575000 0.421429
vt 0.583333 0.421429
vt 0.591666 0.421429
vt 0.600000 0.421429
vt 0.608333 0.421429
vt 0.616666 0.421429
vt 0.625000 0.421429
vt 0.375000 0.428572
vt 0.383333 0.428572
vt 0.391667 0.428572
vt 0.400000 0.428572
vt 0.408333 0.428572
vt 0.416667 0.428572
vt 0.425000 0.428572
vt 0.433333 0.428572
vt 0.441667 0.428572
vt 0.450000 0.428572
vt 0.458333 0.428572
vt 0.466667 0.428572
vt 0.475000 0.428572
vt 0.483333 0.428572
vt 0.491667 0.428572
vt 0.500000 0.428572
vt 0.508333 0.428572
vt 0.516667 0.428572
vt 0.525000 0.428572
vt 0.533333 0.428572
vt 0.541667 0.428572
vt 0.550000 0.428572
vt 0.558333 0.428572
vt 0.566666 0.428572
vt 0.575000 0.428572
vt 0.583333 0.428572
vt 0.591666 0.428572
vt 0.600000 0.428572
vt 0.608333 0.428572
vt 0.616666 0.428572
vt 0.625000 0.428572
vt 0.375000 0.435715
vt 0.383333 0.435715
vt 0.391667 0.435715
vt 0.400000 0.435715
vt 0.408333 0.435715
vt 0.416667 0.435715
vt 0.425000 0.435715
vt 0.433333 0.435715
vt 0.441667 0.435715
vt 0.450000 0.435715
vt 0.458333 0.435715
vt 0.466667 0.435715
vt 0.475000 0.435715
vt 0.483333 0.435715
vt 0.491667 0.435715
vt 0.500000 0.435715
vt 0.508333 0.435715
vt 0.516667 0.435715
vt 0.525000 0.435715
vt 0.533333 0.435715
vt 0.541667 0.435715
vt 0.550000 0.435715
vt 0.558333 0.435715
vt 0.566666 0.435715
vt 0.575000 0.435715
vt 0.583333 0.435715
vt 0.591666 0.435715
vt 0.600000 0.435715
vt 0.608333 0.435715
vt 0.616666 0.435715
vt 0.625000 0.435715
vt 0.375000 0.442858
vt 0.383333 0.442858
vt 0.391667 0.442858
vt 0.400000 0.442858
vt 0.408333 0.442858
vt 0.416667 0.442858
vt 0.425000 0.442858
vt 0.433333 0.442858
vt 0.441667 0.442858
vt 0.450000 0.442858
vt 0.458333 0.442858
vt 0.466667 0.442858
vt 0.475000 0.442858
vt 0.483333 0.442858
vt 0.491667 0.442858
vt 0.500000 0.442858
vt 0.508333 0.442858
vt 0.516667 0.442858
vt 0.525000 0.442858
vt 0.533333 0.442858
vt 0.541667 0.442858
vt 0.550000 0.442858
vt 0.558333 0.442858
vt 0.566666 0.442858
vt 0.575000 0.442858
vt 0.583333 0.442858
vt 0.591666 0.442858
vt 0.600000 0.442858
vt 0.608333 0.442858
vt 0.616666 0.442858
vt 0.625000 0.442858
vt 0.375000 0.450000
vt 0.383333 0.450000
vt 0.391667 0.450000
vt 0.400000 0.450000
vt 0.408333 0.450000
vt 0.416667 0.450000
vt 0.425000 0.450000
vt 0.433333 0.450000
vt 0.441667 0.450000
vt 0.450000 0.450000
vt 0.458333 0.450000
vt 0.466667 0.450000
vt 0.475000 0.450000
vt 0.483333 0.450000
vt 0.491667 0.450000
vt 0.500000 0.450000
vt 0.508333 0.450000
vt 0.516667 0.450000
vt 0.525000 0.450000
vt 0.533333 0.450000
vt 0.541667 0.450000
vt 0.550000 0.450000
vt 0.558333 0.450000
vt 0.566666 0.450000
vt 0.575000 0.450000
vt 0.583333 0.450000
vt 0.591666 0.450000
vt 0.600000 0.450000
vt 0.608333 0.450000
vt 0.616666 0.450000
vt 0.625000 0.450000
vt 0.375000 0.457143
vt 0.383333 0.457143
vt 0.391667 0.457143
vt 0.400000 0.457143
vt 0.408333 0.457143
vt 0.416667 0.457143
vt 0.425000 0.457143
vt 0.433333 0.457143
vt 0.441667 0.457143
vt 0.450000 0.457143
vt 0.458333 0.457143
vt 0.466667 0.457143
vt 0.475000 0.457143
vt 0.483333 0.457143
vt 0.491667 0.457143
vt 0.500000 0.457143
vt 0.508333 0.457143
vt 0.516667 0.457143
vt 0.525000 0.457143
vt 0.533333 0.457143
vt 0.541667 0.457143
vt 0.550000 0.457143
vt 0.558333 0.457143
vt 0.566666 0.457143
vt 0.575000 0.457143
vt 0.583333 0.457143
vt 0.591666 0.457143
vt 0.600000 0.457143
vt 0.608333 0.457143
vt 0.616666 0.457143
vt 0.625000 0.457143
vt 0.375000 0.464286
vt 0.383333 0.464286
vt 0.391667 0.464286
vt 0.400000 0.464286
vt 0.408333 0.464286
vt 0.416667 0.464286
vt 0.425000 0.464286
vt 0.433333 0.464286
vt 0.441667 0.464286
vt 0.450000 0.464286
vt 0.458333 0.464286
vt 0.466667 0.464286
vt 0.475000 0.464286
vt 0.483333 0.464286
vt 0.491667 0.464286
vt 0.500000 0.464286
vt 0.508333 0.464286
vt 0.516667 0.464286
vt 0.525000 0.464286
vt 0.533333 0.464286
vt 0.541667 0.464286
vt 0.550000 0.464286
vt 0.558333 0.464286
vt 0.566666 0.464286
vt 0.575000 0.464286
vt 0.583333 0.464286
vt 0.591666 0.464286
vt 0.600000 0.464286
vt 0.608333 0.464286
vt 0.616666 0.464286
vt 0.625000 0.464286
vt 0.375000 0.471429
vt 0.383333 0.471429
vt 0.391667 0.471429
vt 0.400000 0.471429
vt 0.408333 0.471429
vt 0.416667 0.471429
vt 0.425000 0.471429
vt 0.433333 0.471429
vt 0.441667 0.471429
vt 0.450000 0.471429
vt 0.458333 0.471429
vt 0.466667 0.471429
vt 0.475000 0.471429
vt 0.483333 0.471429
vt 0.491667 0.471429
vt 0.500000 0.471429
vt 0.508333 0.471429
vt 0.516667 0.471429
vt 0.525000 0.471429
vt 0.533333 0.471429
vt 0.541667 0.471429
vt 0.550000 0.471429
vt 0.558333 0.471429
vt 0.566666 0.471429
vt 0.575000 0.471429
vt 0.583333 0.471429
vt 0.591666 0.471429
vt 0.600000 0.471429
vt 0.608333 0.471429
vt 0.616666 0.471429
vt 0.625000 0.471429
vt 0.375000 0.478572
vt 0.383333 0.478572
vt 0.391667 0.478572
vt 0.400000 0.478572
vt 0.408333 0.478572
vt 0.416667 0.478572
vt 0.425000 0.478572
vt 0.433333 0.478572
vt 0.441667 0.478572
vt 0.450000 0.478572
vt 0.458333 0.478572
vt 0.466667 0.478572
vt 0.475000 0.478572
vt 0.483333 0.478572
vt 0.491667 0.478572
vt 0.500000 0.478572
vt 0.508333 0.478572
vt 0.516667 0.478572
vt 0.525000 0.478572
vt 0.533333 0.478572
vt 0.541667 0.478572
vt 0.550000 0.478572
vt 0.558333 0.478572
vt 0.566666 0.478572
vt 0.575000 0.478572
vt 0.583333 0.478572
vt 0.591666 0.478572
vt 0.600000 0.478572
vt 0.608333 0.478572
vt 0.616666 0.478572
vt 0.625000 0.478572
vt 0.375000 0.485715
vt 0.383333 0.485715
vt 0.391667 0.485715
vt 0.400000 0.485715
vt 0.408333 0.485715
vt 0.416667 0.485715
vt 0.425000 0.485715
vt 0.433333 0.485715
vt 0.441667 0.485715
vt 0.450000 0.485715
vt 0.458333 0.485715
vt 0.466667 0.485715
vt 0.475000 0.485715
vt 0.483333 0.485715
vt 0.491667 0.485715
vt 0.500000 0.485715
vt 0.508333 0.485715
vt 0.516667 0.485715
vt 0.525000 0.485715
vt 0.533333 0.485715
vt 0.541667 0.485715
vt 0.550000 0.485715
vt 0.558333 0.485715
vt 0.566666 0.485715
vt 0.575000 0.485715
vt 0.583333 0.485715
vt 0.591666 0.485715
vt 0.600000 0.485715
vt 0.608333 0.485715
vt 0.616666 0.485715
vt 0.625000 0.485715
vt 0.375000 0.492858
vt 0.383333 0.492858
vt 0.391667 0.492858
vt 0.400000 0.492858
vt 0.408333 0.492858
vt 0.416667 0.492858
vt 0.425000 0.492858
vt 0.433333 0.492858
vt 0.441667 0.492858
vt 0.450000 0.492858
vt 0.458333 0.492858
vt 0.466667 0.492858
vt 0.475000 0.492858
vt 0.483333 0.492858
vt 0.491667 0.492858
vt 0.500000 0.492858
vt 0.508333 0.492858
vt 0.516667 0.492858
vt 0.525000 0.492858
vt 0.533333 0.492858
vt 0.541667 0.492858
vt 0.550000 0.492858
vt 0.558333 0.492858
vt 0.566666 0.492858
vt 0.575000 0.492858
vt 0.583333 0.492858
vt 0.591666 0.492858
vt 0.600000 0.492858
vt 0.608333 0.492858
vt 0.616666 0.492858
vt 0.625000 0.492858
vt 0.375000 0.500000
vt 0.383333 0.500000
vt 0.391667 0.500000
vt 0.400000 0.500000
vt 0.408333 0.500000
vt 0.416667 0.500000
vt 0.425000 0.500000
vt 0.433333 0.500000
vt 0.441667 0.500000
vt 0.450000 0.500000
vt 0.458333 0.500000
vt 0.466667 0.500000
vt 0.475000 0.500000
vt 0.483333 0.500000
vt 0.491667 0.500000
vt 0.500000 0.500000
vt 0.508333 0.500000
vt 0.516667 0.500000
vt 0.525000 0.500000
vt 0.533333 0.500000
vt 0.541667 0.500000
vt 0.550000 0.500000
vt 0.558333 0.500000
vt 0.566666 0.500000
vt 0.575000 0.500000
vt 0.583333 0.500000
vt 0.591666 0.500000
vt 0.600000 0.500000
vt 0.608333 0.500000
vt 0.616666 0.500000
vt 0.625000 0.500000
vt 0.375000 0.625000
vt 0.383333 0.625000
vt 0.391667 0.625000
vt 0.400000 0.625000
vt 0.408333 0.625000
vt 0.416667 0.625000
vt 0.425000 0.625000
vt 0.433333 0.625000
vt 0.441667 0.625000
vt 0.450000 0.625000
vt 0.458333 0.625000
vt 0.466667 0.625000
vt 0.475000 0.625000
vt 0.483333 0.625000
vt 0.491667 0.625000
vt 0.500000 0.625000
vt 0.508333 0.625000
vt 0.516667 0.625000
vt 0.525000 0.625000
vt 0.533333 0.625000
vt 0.541667 0.625000
vt 0.550000 0.625000
vt 0.558333 0.625000
vt 0.566666 0.625000
vt 0.575000 0.625000
vt 0.583333 0.625000
vt 0.591666 0.625000
vt 0.600000 0.625000
vt 0.608333 0.625000
vt 0.616666 0.625000
vt 0.625000 0.625000
vt 0.375000 0.750000
vt 0.383333 0.750000
vt 0.391667 0.750000
vt 0.400000 0.750000
vt 0.408333 0.750000
vt 0.416667 0.750000
vt 0.425000 0.750000
vt 0.433333 0.750000
vt 0.441667 0.750000
vt 0.450000 0.750000
vt 0.458333 0.750000
vt 0.466667 0.750000
vt 0.475000 0.750000
vt 0.483333 0.750000
vt 0.491667 0.750000
vt 0.500000 0.750000
vt 0.508333 0.750000
vt 0.516667 0.750000
vt 0.525000 0.750000
vt 0.533333 0.750000
vt 0.541667 0.750000
vt 0.550000 0.750000
vt 0.558333 0.750000
vt 0.566666 0.750000
vt 0.575000 0.750000
vt 0.583333 0.750000
vt 0.591666 0.750000
vt 0.600000 0.750000
vt 0.608333 0.750000
vt 0.616666 0.750000
vt 0.625000 0.750000
vt 0.375000 0.757143
vt 0.383333 0.757143
vt 0.391667 0.757143
vt 0.400000 0.757143
vt 0.408333 0.757143
vt 0.416667 0.757143
vt 0.425000 0.757143
vt 0.433333 0.757143
vt 0.441667 0.757143
vt 0.450000 0.757143
vt 0.458333 0.757143
vt 0.466667 0.757143
vt 0.475000 0.757143
vt 0.483333 0.757143
vt 0.491667 0.757143
vt 0.500000 0.757143
vt 0.508333 0.757143
vt 0.516667 0.757143
vt 0.525000 0.757143
vt 0.533333 0.757143
vt 0.541667 0.757143
vt 0.550000 0.757143
vt 0.558333 0.757143
vt 0.566666 0.757143
vt 0.575000 0.757143
vt 0.583333 0.757143
vt 0.591666 0.757143
vt 0.600000 0.757143
vt 0.608333 0.757143
vt 0.616666 0.757143
vt 0.625000 0.757143
vt 0.375000 0.764286
vt 0.383333 0.764286
vt 0.391667 0.764286
vt 0.400000 0.764286
vt 0.408333 0.764286
vt 0.416667 0.764286
vt 0.425000 0.764286
vt 0.433333 0.764286
vt 0.441667 0.764286
vt 0.450000 0.764286
vt 0.458333 0.764286
vt 0.466667 0.764286
vt 0.475000 0.764286
vt 0.483333 0.764286
vt 0.491667 0.764286
vt 0.500000 0.764286
vt 0.508333 0.764286
vt 0.516667 0.764286
vt 0.525000 0.764286
vt 0.533333 0.764286
vt 0.541667 0.764286
vt 0.550000 0.764286
vt 0.558333 0.764286
vt 0.566666 0.764286
vt 0.575000 0.764286
vt 0.583333 0.764286
vt 0.591666 0.764286
vt 0.600000 0.764286
vt 0.608333 0.764286
vt 0.616666 0.764286
vt 0.625000 0.764286
vt 0.375000 0.771429
vt 0.383333 0.771429
vt 0.391667 0.771429
vt 0.400000 0.771429
vt 0.408333 0.771429
vt 0.416667 0.771429
vt 0.425000 0.771429
vt 0.433333 0.771429
vt 0.441667 0.771429
vt 0.450000 0.771429
vt 0.458333 0.771429
vt 0.466667 0.771429
vt 0.475000 0.771429
vt 0.483333 0.771429
vt 0.491667 0.771429
vt 0.500000 0.771429
vt 0.508333 0.771429
vt 0.516667 0.771429
vt 0.525000 0.771429
vt 0.533333 0.771429
vt 0.541667 0.771429
vt 0.550000 0.771429
vt 0.558333 0.771429
vt 0.566666 0.771429
vt 0.575000 0.771429
vt 0.583333 0.771429
vt 0.591666 0.771429
vt 0.600000 0.771429
vt 0.608333 0.771429
vt 0.616666 0.771429
vt 0.625000 0.771429
vt 0.375000 0.778572
vt 0.383333 0.778572
vt 0.391667 0.778572
vt 0.400000 0.778572
vt 0.408333 0.778572
vt 0.416667 0.778572
vt 0.425000 0.778572
vt 0.433333 0.778572
vt 0.441667 0.778572
vt 0.450000 0.778572
vt 0.458333 0.778572
vt 0.466667 0.778572
vt 0.475000 0.778572
vt 0.483333 0.778572
vt 0.491667 0.778572
vt 0.500000 0.778572
vt 0.508333 0.778572
vt 0.516667 0.778572
vt 0.525000 0.778572
vt 0.533333 0.778572
vt 0.541667 0.778572
vt 0.550000 0.778572
vt 0.558333 0.778572
vt 0.566666 0.778572
vt 0.575000 0.778572
vt 0.583333 0.778572
vt 0.591666 0.778572
vt 0.600000 0.778572
vt 0.608333 0.778572
vt 0.616666 0.778572
vt 0.625000 0.778572
vt 0.375000 0.785715
vt 0.383333 0.785715
vt 0.391667 0.785715
vt 0.400000 0.785715
vt 0.408333 0.785715
vt 0.416667 0.785715
vt 0.425000 0.785715
vt 0.433333 0.785715
vt 0.441667 0.785715
vt 0.450000 0.785715
vt 0.458333 0.785715
vt 0.466667 0.785715
vt 0.475000 0.785715
vt 0.483333 0.785715
vt 0.491667 0.785715
vt 0.500000 0.785715
vt 0.508333 0.785715
vt 0.516667 0.785715
vt 0.525000 0.785715
vt 0.533333 0.785715
vt 0.541667 0.785715
vt 0.550000 0.785715
vt 0.558333 0.785715
vt 0.566666 0.785715
vt 0.575000 0.785715
vt 0.583333 0.785715
vt 0.591666 0.785715
vt 0.600000 0.785715
vt 0.608333 0.785715
vt 0.616666 0.785715
vt 0.625000 0.785715
vt 0.375000 0.792858
vt 0.383333 0.792858
vt 0.391667 0.792858
vt 0.400000 0.792858
vt 0.408333 0.792858
vt 0.416667 0.792858
vt 0.425000 0.792858
vt 0.433333 0.792858
vt 0.441667 0.792858
vt 0.450000 0.792858
vt 0.458333 0.792858
vt 0.466667 0.792858
vt 0.475000 0.792858
vt 0.483333 0.792858
vt 0.491667 0.792858
vt 0.500000 0.792858
vt 0.508333 0.792858
vt 0.516667 0.792858
vt 0.525000 0.792858
vt 0.533333 0.792858
vt 0.541667 0.792858
vt 0.550000 0.792858
vt 0.558333 0.792858
vt 0.566666 0.792858
vt 0.575000 0.792858
vt 0.583333 0.792858
vt 0.591666 0.792858
vt 0.600000 0.792858
vt 0.608333 0.792858
vt 0.616666 0.792858
vt 0.625000 0.792858
vt 0.375000 0.800000
vt 0.383333 0.800000
vt 0.391667 0.800000
vt 0.400000 0.800000
vt 0.408333 0.800000
vt 0.416667 0.800000
vt 0.425000 0.800000
vt 0.433333 0.800000
vt 0.441667 0.800000
vt 0.450000 0.800000
vt 0.458333 0.800000
vt 0.466667 0.800000
vt 0.475000 0.800000
vt 0.483333 0.800000
vt 0.491667 0.800000
vt 0.500000 0.800000
vt 0.508333 0.800000
vt 0.516667 0.800000
vt 0.525000 0.800000
vt 0.533333 0.800000
vt 0.541667 0.800000
vt 0.550000 0.800000
vt 0.558333 0.800000
vt 0.566666 0.800000
vt 0.575000 0.800000
vt 0.583333 0.800000
vt 0.591666 0.800000
vt 0.600000 0.800000
vt 0.608333 0.800000
vt 0.616666 0.800000
vt 0.625000 0.800000
vt 0.375000 0.807143
vt 0.383333 0.807143
vt 0.391667 0.807143
vt 0.400000 0.807143
vt 0.408333 0.807143
vt 0.416667 0.807143
vt 0.425000 0.807143
vt 0.433333 0.807143
vt 0.441667 0.807143
vt 0.450000 0.807143
vt 0.458333 0.807143
vt 0.466667 0.807143
vt 0.475000 0.807143
vt 0.483333 0.807143
vt 0.491667 0.807143
vt 0.500000 0.807143
vt 0.508333 0.807143
vt 0.516667 0.807143
vt 0.525000 0.807143
vt 0.533333 0.807143
vt 0.541667 0.807143
vt 0.550000 0.807143
vt 0.558333 0.807143
vt 0.566666 0.807143
vt 0.575000 0.807143
vt 0.583333 0.807143
vt 0.591666 0.807143
vt 0.600000 0.807143
vt 0.608333 0.807143
vt 0.616666 0.807143
vt 0.625000 0.807143
vt 0.375000 0.814286
vt 0.383333 0.814286
vt 0.391667 0.814286
vt 0.400000 0.814286
vt 0.408333 0.814286
vt 0.416667 0.814286
vt 0.425000 0.814286
vt 0.433333 0.814286
vt 0.441667 0.814286
vt 0.450000 0.814286
vt 0.458333 0.814286
vt 0.466667 0.814286
vt 0.475000 0.814286
vt 0.483333 0.814286
vt 0.491667 0.814286
vt 0.500000 0.814286
vt 0.508333 0.814286
vt 0.516667 0.814286
vt 0.525000 0.814286
vt 0.533333 0.814286
vt 0.541667 0.814286
vt 0.550000 0.814286
vt 0.558333 0.814286
vt 0.566666 0.814286
vt 0.575000 0.814286
vt 0.583333 0.814286
vt 0.591666 0.814286
vt 0.600000 0.814286
vt 0.608333 0.814286
vt 0.616666 0.814286
vt 0.625000 0.814286
vt 0.375000 0.821429
vt 0.383333 0.821429
vt 0.391667 0.821429
vt 0.400000 0.821429
vt 0.408333 0.821429
vt 0.416667 0.821429
vt 0.425000 0.821429
vt 0.433333 0.821429
vt 0.441667 0.821429
vt 0.450000 0.821429
vt 0.458333 0.821429
vt 0.466667 0.821429
vt 0.475000 0.821429
vt 0.483333 0.821429
vt 0.491667 0.821429
vt 0.500000 0.821429
vt 0.508333 0.821429
vt 0.516667 0.821429
vt 0.525000 0.821429
vt 0.533333 0.821429
vt 0.541667 0.821429
vt 0.550000 0.821429
vt 0.558333 0.821429
vt 0.566666 0.821429
vt 0.575000 0.821429
vt 0.583333 0.821429
vt 0.591666 0.821429
vt 0.600000 0.821429
vt 0.608333 0.821429
vt 0.616666 0.821429
vt 0.625000 0.821429
vt 0.375000 0.828572
vt 0.383333 0.828572
vt 0.391667 0.828572
vt 0.400000 0.828572
vt 0.408333 0.828572
vt 0.416667 0.828572
vt 0.425000 0.828572
vt 0.433333 0.828572
vt 0.441667 0.828572
vt 0.450000 0.828572
vt 0.458333 0.828572
vt 0.466667 0.828572
vt 0.475000 0.828572
vt 0.483333 0.828572
vt 0.491667 0.828572
vt 0.500000 0.828572
vt 0.508333 0.828572
vt 0.516667 0.828572
vt 0.525000 0.828572
vt 0.533333 0.828572
vt 0.541667 0.828572
vt 0.550000 0.828572
vt 0.558333 0.828572
vt 0.566666 0.828572
vt 0.575000 0.828572
vt 0.583333 0.828572
vt 0.591666 0.828572
vt 0.600000 0.828572
vt 0.608333 0.828572
vt 0.616666 0.828572
vt 0.625000 0.828572
vt 0.375000 0.835715
vt 0.383333 0.835715
vt 0.391667 0.835715
vt 0.400000 0.835715
vt 0.408333 0.835715
vt 0.416667 0.835715
vt 0.425000 0.835715
vt 0.433333 0.835715
vt 0.441667 0.835715
vt 0.450000 0.835715
vt 0.458333 0.835715
vt 0.466667 0.835715
vt 0.475000 0.835715
vt 0.483333 0.835715
vt 0.491667 0.835715
vt 0.500000 0.835715
vt 0.508333 0.835715
vt 0.516667 0.835715
vt 0.525000 0.835715
vt 0.533333 0.835715
vt 0.541667 0.835715
vt 0.550000 0.835715
vt 0.558333 0.835715
vt 0.566666 0.835715
vt 0.575000 0.835715
vt 0.583333 0.835715
vt 0.591666 0.835715
vt 0.600000 0.835715
vt 0.608333 0.835715
vt 0.616666 0.835715
vt 0.625000 0.835715
vt 0.375000 0.842857
vt 0.383333 0.842857
vt 0.391667 0.842857
vt 0.400000 0.842857
vt 0.408333 0.842857
vt 0.416667 0.842857
vt 0.425000 0.842857
vt 0.433333 0.842857
vt 0.441667 0.842857
vt 0.450000 0.842857
vt 0.458333 0.842857
vt 0.466667 0.842857
vt 0.475000 0.842857
vt 0.483333 0.842857
vt 0.491667 0.842857
vt 0.500000 0.842857
vt 0.508333 0.842857
vt 0.516667 0.842857
vt 0.525000 0.842857
vt 0.533333 0.842857
vt 0.541667 0.842857
vt 0.550000 0.842857
vt 0.558333 0.842857
vt 0.566666 0.842857
vt 0.575000 0.842857
vt 0.583333 0.842857
vt 0.591666 0.842857
vt 0.600000 0.842857
vt 0.608333 0.842857
vt 0.616666 0.842857
vt 0.625000 0.842857
vt 0.375000 0.850000
vt 0.383333 0.850000
vt 0.391667 0.850000
vt 0.400000 0.850000
vt 0.408333 0.850000
vt 0.416667 0.850000
vt 0.425000 0.850000
vt 0.433333 0.850000
vt 0.441667 0.850000
vt 0.450000 0.850000
vt 0.458333 0.850000
vt 0.466667 0.850000
vt 0.475000 0.850000
vt 0.483333 0.850000
vt 0.491667 0.850000
vt 0.500000 0.850000
vt 0.508333 0.850000
vt 0.516667 0.850000
vt 0.525000 0.850000
vt 0.533333 0.850000
vt 0.541667 0.850000
vt 0.550000 0.850000
vt 0.558333 0.850000
vt 0.566666 0.850000
vt 0.575000 0.850000
vt 0.583333 0.850000
vt 0.591666 0.850000
vt 0.600000 0.850000
vt 0.608333 0.850000
vt 0.616666 0.850000
vt 0.625000 0.850000
vt 0.375000 0.857143
vt 0.383333 0.857143
vt 0.391667 0.857143
vt 0.400000 0.857143
vt 0.408333 0.857143
vt 0.416667 0.857143
vt 0.425000 0.857143
vt 0.433333 0.857143
vt 0.441667 0.857143
vt 0.450000 0.857143
vt 0.458333 0.857143
vt 0.466667 0.857143
vt 0.475000 0.857143
vt 0.483333 0.857143
vt 0.491667 0.857143
vt 0.500000 0.857143
vt 0.508333 0.857143
vt 0.516667 0.857143
vt 0.525000 0.857143
vt 0.533333 0.857143
vt 0.541667 0.857143
vt 0.550000 0.857143
vt 0.558333 0.857143
vt 0.566666 0.857143
vt 0.575000 0.857143
vt 0.583333 0.857143
vt 0.591666 0.857143
vt 0.600000 0.857143
vt 0.608333 0.857143
vt 0.616666 0.857143
vt 0.625000 0.857143
vt 0.375000 0.864286
vt 0.383333 0.864286
vt 0.391667 0.864286
vt 0.400000 0.864286
vt 0.408333 0.864286
vt 0.416667 0.864286
vt 0.425000 0.864286
vt 0.433333 0.864286
vt 0.441667 0.864286
vt 0.450000 0.864286
vt 0.458333 0.864286
vt 0.466667 0.864286
vt 0.475000 0.864286
vt 0.483333 0.864286
vt 0.491667 0.864286
vt 0.500000 0.864286
vt 0.508333 0.864286
vt 0.516667 0.864286
vt 0.525000 0.864286
vt 0.533333 0.864286
vt 0.541667 0.864286
vt 0.550000 0.864286
vt 0.558333 0.864286
vt 0.566666 0.864286
vt 0.575000 0.864286
vt 0.583333 0.864286
vt 0.591666 0.864286
vt 0.600000 0.864286
vt 0.608333 0.864286
vt 0.616666 0.864286
vt 0.625000 0.864286
vt 0.375000 0.871429
vt 0.383333 0.871429
vt 0.391667 0.871429
vt 0.400000 0.871429
vt 0.408333 0.871429
vt 0.416667 0.871429
vt 0.425000 0.871429
vt 0.433333 0.871429
vt 0.441667 0.871429
vt 0.450000 0.871429
vt 0.458333 0.871429
vt 0.466667 0.871429
vt 0.475000 0.871429
vt 0.483333 0.871429
vt 0.491667 0.871429
vt 0.500000 0.871429
vt 0.508333 0.871429
vt 0.516667 0.871429
vt 0.525000 0.871429
vt 0.533333 0.871429
vt 0.541667 0.871429
vt 0.550000 0.871429
vt 0.558333 0.871429
vt 0.566666 0.871429
vt 0.575000 0.871429
vt 0.583333 0.871429
vt 0.591666 0.871429
vt 0.600000 0.871429
vt 0.608333 0.871429
vt 0.616666 0.871429
vt 0.625000 0.871429
vt 0.375000 0.878572
vt 0.383333 0.878572
vt 0.391667 0.878572
vt 0.400000 0.878572
vt 0.408333 0.878572
vt 0.416667 0.878572
vt 0.425000 0.878572
vt 0.433333 0.878572
vt 0.441667 0.878572
vt 0.450000 0.878572
vt 0.458333 0.878572
vt 0.466667 0.878572
vt 0.475000 0.878572
vt 0.483333 0.878572
vt 0.491667 0.878572
vt 0.500000 0.878572
vt 0.508333 0.878572
vt 0.516667 0.878572
vt 0.525000 0.878572
vt 0.533333 0.878572
vt 0.541667 0.878572
vt 0.550000 0.878572
vt 0.558333 0.878572
vt 0.566666 0.878572
vt 0.575000 0.878572
vt 0.583333 0.878572
vt 0.591666 0.878572
vt 0.600000 0.878572
vt 0.608333 0.878572
vt 0.616666 0.878572
vt 0.625000 0.878572
vt 0.375000 0.885714
vt 0.383333 0.885714
vt 0.391667 0.885714
vt 0.400000 0.885714
vt 0.408333 0.885714
vt 0.416667 0.885714
vt 0.425000 0.885714
vt 0.433333 0.885714
vt 0.441667 0.885714
vt 0.450000 0.885714
vt 0.458333 0.885714
vt 0.466667 0.885714
vt 0.475000 0.885714
vt 0.483333 0.885714
vt 0.491667 0.885714
vt 0.500000 0.885714
vt 0.508333 0.885714
vt 0.516667 0.885714
vt 0.525000 0.885714
vt 0.533333 0.885714
vt 0.541667 0.885714
vt 0.550000 0.885714
vt 0.558333 0.885714
vt 0.566666 0.885714
vt 0.575000 0.885714
vt 0.583333 0.885714
vt 0.591666 0.885714
vt 0.600000 0.885714
vt 0.608333 0.885714
vt 0.616666 0.885714
vt 0.625000 0.885714
vt 0.375000 0.892857
vt 0.383333 0.892857
vt 0.391667 0.892857
vt 0.400000 0.892857
vt 0.408333 0.892857
vt 0.416667 0.892857
vt 0.425000 0.892857
vt 0.433333 0.892857
vt 0.441667 0.892857
vt 0.450000 0.892857
vt 0.458333 0.892857
vt 0.466667 0.892857
vt 0.475000 0.892857
vt 0.483333 0.892857
vt 0.491667 0.892857
vt 0.500000 0.892857
vt 0.508333 0.892857
vt 0.516667 0.892857
vt 0.525000 0.892857
vt 0.533333 0.892857
vt 0.541667 0.892857
vt 0.550000 0.892857
vt 0.558333 0.892857
vt 0.566666 0.892857
vt 0.575000 0.892857
vt 0.583333 0.892857
vt 0.591666 0.892857
vt 0.600000 0.892857
vt 0.608333 0.892857
vt 0.616666 0.892857
vt 0.625000 0.892857
vt 0.375000 0.900000
vt 0.383333 0.900000
vt 0.391667 0.900000
vt 0.400000 0.900000
vt 0.408333 0.900000
vt 0.416667 0.900000
vt 0.425000 0.900000
vt 0.433333 0.900000
vt 0.441667 0.900000
vt 0.450000 0.900000
vt 0.458333 0.900000
vt 0.466667 0.900000
vt 0.475000 0.900000
vt 0.483333 0.900000
vt 0.491667 0.900000
vt 0.500000 0.900000
vt 0.508333 0.900000
vt 0.516667 0.900000
vt 0.525000 0.900000
vt 0.533333 0.900000
vt 0.541667 0.900000
vt 0.550000 0.900000
vt 0.558333 0.900000
vt 0.566666 0.900000
vt 0.575000 0.900000
vt 0.583333 0.900000
vt 0.591666 0.900000
vt 0.600000 0.900000
vt 0.608333 0.900000
vt 0.616666 0.900000
vt 0.625000 0.900000
vt 0.375000 0.907143
vt 0.383333 0.907143
vt 0.391667 0.907143
vt 0.400000 0.907143
vt 0.408333 0.907143
vt 0.416667 0.907143
vt 0.425000 0.907143
vt 0.433333 0.907143
vt 0.441667 0.907143
vt 0.450000 0.907143
vt 0.458333 0.907143
vt 0.466667 0.907143
vt 0.475000 0.907143
vt 0.483333 0.907143
vt 0.491667 0.907143
vt 0.500000 0.907143
vt 0.508333 0.907143
vt 0.516667 0.907143
vt 0.525000 0.907143
vt 0.533333 0.907143
vt 0.541667 0.907143
vt 0.550000 0.907143
vt 0.558333 0.907143
vt 0.566666 0.907143
vt 0.575000 0.907143
vt 0.583333 0.907143
vt 0.591666 0.907143
vt 0.600000 0.907143
vt 0.608333 0.907143
vt 0.616666 0.907143
vt 0.625000 0.907143
vt 0.375000 0.914286
vt 0.383333 0.914286
vt 0.391667 0.914286
vt 0.400000 0.914286
vt 0.408333 0.914286
vt 0.416667 0.914286
vt 0.425000 0.914286
vt 0.433333 0.914286
vt 0.441667 0.914286
vt 0.450000 0.914286
vt 0.458333 0.914286
vt 0.466667 0.914286
vt 0.475000 0.914286
vt 0.483333 0.914286
vt 0.491667 0.914286
vt 0.500000 0.914286
vt 0.508333 0.914286
vt 0.516667 0.914286
vt 0.525000 0.914286
vt 0.533333 0.914286
vt 0.541667 0.914286
vt 0.550000 0.914286
vt 0.558333 0.914286
vt 0.566666 0.914286
vt 0.575000 0.914286
vt 0.583333 0.914286
vt 0.591666 0.914286
vt 0.600000 0.914286
vt 0.608333 0.914286
vt 0.616666 0.914286
vt 0.625000 0.914286
vt 0.375000 0.921429
vt 0.383333 0.921429
vt 0.391667 0.921429
vt 0.400000 0.921429
vt 0.408333 0.921429
vt 0.416667 0.921429
vt 0.425000 0.921429
vt 0.433333 0.921429
vt 0.441667 0.921429
vt 0.450000 0.921429
vt 0.458333 0.921429
vt 0.466667 0.921429
vt 0.475000 0.921429
vt 0.483333 0.921429
vt 0.491667 0.921429
vt 0.500000 0.921429
vt 0.508333 0.921429
vt 0.516667 0.921429
vt 0.525000 0.921429
vt 0.533333 0.921429
vt 0.541667 0.921429
vt 0.550000 0.921429
vt 0.558333 0.921429
vt 0.566666 0.921429
vt 0.575000 0.921429
vt 0.583333 0.921429
vt 0.591666 0.921429
vt 0.600000 0.921429
vt 0.608333 0.921429
vt 0.616666 0.921429
vt 0.625000 0.921429
vt 0.375000 0.928572
vt 0.383333 0.928572
vt 0.391667 0.928572
vt 0.400000 0.928572
vt 0.408333 0.928572
vt 0.416667 0.928572
vt 0.425000 0.928572
vt 0.433333 0.928572
vt 0.441667 0.928572
vt 0.450000 0.928572
vt 0.458333 0.928572
vt 0.466667 0.928572
vt 0.475000 0.928572
vt 0.483333 0.928572
vt 0.491667 0.928572
vt 0.500000 0.928572
vt 0.508333 0.928572
vt 0.516667 0.928572
vt 0.525000 0.928572
vt 0.533333 0.928572
vt 0.541667 0.928572
vt 0.550000 0.928572
vt 0.558333 0.928572
vt 0.566666 0.928572
vt 0.575000 0.928572
vt 0.583333 0.928572
vt 0.591666 0.928572
vt 0.600000 0.928572
vt 0.608333 0.928572
vt 0.616666 0.928572
vt 0.625000 0.928572
vt 0.375000 0.935714
vt 0.383333 0.935714
vt 0.391667 0.935714
vt 0.400000 0.935714
vt 0.408333 0.935714
vt 0.416667 0.935714
vt 0.425000 0.935714
vt 0.433333 0.935714
vt 0.441667 0.935714
vt 0.450000 0.935714
vt 0.458333 0.935714
vt 0.466667 0.935714
vt 0.475000 0.935714
vt 0.483333 0.935714
vt 0.491667 0.935714
vt 0.500000 0.935714
vt 0.508333 0.935714
vt 0.516667 0.935714
vt 0.525000 0.935714
vt 0.533333 0.935714
vt 0.541667 0.935714
vt 0.550000 0.935714
vt 0.558333 0.935714
vt 0.566666 0.935714
vt 0.575000 0.935714
vt 0.583333 0.935714
vt 0.591666 0.935714
vt 0.600000 0.935714
vt 0.608333 0.935714
vt 0.616666 0.935714
vt 0.625000 0.935714
vt 0.375000 0.942857
vt 0.383333 0.942857
vt 0.391667 0.942857
vt 0.400000 0.942857
vt 0.408333 0.942857
vt 0.416667 0.942857
vt 0.425000 0.942857
vt 0.433333 0.942857
vt 0.441667 0.942857
vt 0.450000 0.942857
vt 0.458333 0.942857
vt 0.466667 0.942857
vt 0.475000 0.942857
vt 0.483333 0.942857
vt 0.491667 0.942857
vt 0.500000 0.942857
vt 0.508333 0.942857
vt 0.516667 0.942857
vt 0.525000 0.942857
vt 0.533333 0.942857
vt 0.541667 0.942857
vt 0.550000 0.942857
vt 0.558333 0.942857
vt 0.566666 0.942857
vt 0.575000 0.942857
vt 0.583333 0.942857
vt 0.591666 0.942857
vt 0.600000 0.942857
vt 0.608333 0.942857
vt 0.616666 0.942857
vt 0.625000 0.942857
vt 0.375000 0.950000
vt 0.383333 0.950000
vt 0.391667 0.950000
vt 0.400000 0.950000
vt 0.408333 0.950000
vt 0.416667 0.950000
vt 0.425000 0.950000
vt 0.433333 0.950000
vt 0.441667 0.950000
vt 0.450000 0.950000
vt 0.458333 0.950000
vt 0.466667 0.950000
vt 0.475000 0.950000
vt 0.483333 0.950000
vt 0.491667 0.950000
vt 0.500000 0.950000
vt 0.508333 0.950000
vt 0.516667 0.950000
vt 0.525000 0.950000
vt 0.533333 0.950000
vt 0.541667 0.950000
vt 0.550000 0.950000
vt 0.558333 0.950000
vt 0.566666 0.950000
vt 0.575000 0.950000
vt 0.583333 0.950000
vt 0.591666 0.950000
vt 0.600000 0.950000
vt 0.608333 0.950000
vt 0.616666 0.950000
vt 0.625000 0.950000
vt 0.375000 0.957143
vt 0.383333 0.957143
vt 0.391667 0.957143
vt 0.400000 0.957143
vt 0.408333 0.957143
vt 0.416667 0.957143
vt 0.425000 0.957143
vt 0.433333 0.957143
vt 0.441667 0.957143
vt 0.450000 0.957143
vt 0.458333 0.957143
vt 0.466667 0.957143
vt 0.475000 0.957143
vt 0.483333 0.957143
vt 0.491667 0.957143
vt 0.500000 0.957143
vt 0.508333 0.957143
vt 0.516667 0.957143
vt 0.525000 0.957143
vt 0.533333 0.957143
vt 0.541667 0.957143
vt 0.550000 0.957143
vt 0.558333 0.957143
vt 0.566666 0.957143
vt 0.575000 0.957143
vt 0.583333 0.957143
vt 0.591666 0.957143
vt 0.600000 0.957143
vt 0.608333 0.957143
vt 0.616666 0.957143
vt 0.625000 0.957143
vt 0.375000 0.964286
vt 0.383333 0.964286
vt 0.391667 0.964286
vt 0.400000 0.964286
vt 0.408333 0.964286
vt 0.416667 0.964286
vt 0.425000 0.964286
vt 0.433333 0.964286
vt 0.441667 0.964286
vt 0.450000 0.964286
vt 0.458333 0.964286
vt 0.466667 0.964286
vt 0.475000 0.964286
vt 0.483333 0.964286
vt 0.491667 0.964286
vt 0.500000 0.964286
vt 0.508333 0.964286
vt 0.516667 0.964286
vt 0.525000 0.964286
vt 0.533333 0.964286
vt 0.541667 0.964286
vt 0.550000 0.964286
vt 0.558333 0.964286
vt 0.566666 0.964286
vt 0.575000 0.964286
vt 0.583333 0.964286
vt 0.591666 0.964286
vt 0.600000 0.964286
vt 0.608333 0.964286
vt 0.616666 0.964286
vt 0.625000 0.964286
vt 0.375000 0.971429
vt 0.383333 0.971429
vt 0.391667 0.971429
vt 0.400000 0.971429
vt 0.408333 0.971429
vt 0.416667 0.971429
vt 0.425000 0.971429
vt 0.433333 0.971429
vt 0.441667 0.971429
vt 0.450000 0.971429
vt 0.458333 0.971429
vt 0.466667 0.971429
vt 0.475000 0.971429
vt 0.483333 0.971429
vt 0.491667 0.971429
vt 0.500000 0.971429
vt 0.508333 0.971429
vt 0.516667 0.971429
vt 0.525000 0.971429
vt 0.533333 0.971429
vt 0.541667 0.971429
vt 0.550000 0.971429
vt 0.558333 0.971429
vt 0.566666 0.971429
vt 0.575000 0.971429
vt 0.583333 0.971429
vt 0.591666 0.971429
vt 0.600000 0.971429
vt 0.608333 0.971429
vt 0.616666 0.971429
vt 0.625000 0.971429
vt 0.375000 0.978571
vt 0.383333 0.978571
vt 0.391667 0.978571
vt 0.400000 0.978571
vt 0.408333 0.978571
vt 0.416667 0.978571
vt 0.425000 0.978571
vt 0.433333 0.978571
vt 0.441667 0.978571
vt 0.450000 0.978571
vt 0.458333 0.978571
vt 0.466667 0.978571
vt 0.475000 0.978571
vt 0.483333 0.978571
vt 0.491667 0.978571
vt 0.500000 0.978571
vt 0.508333 0.978571
vt 0.516667 0.978571
vt 0.525000 0.978571
vt 0.533333 0.978571
vt 0.541667 0.978571
vt 0.550000 0.978571
vt 0.558333 0.978571
vt 0.566666 0.978571
vt 0.575000 0.978571
vt 0.583333 0.978571
vt 0.591666 0.978571
vt 0.600000 0.978571
vt 0.608333 0.978571
vt 0.616666 0.978571
vt 0.625000 0.978571
vt 0.375000 0.985714
vt 0.383333 0.985714
vt 0.391667 0.985714
vt 0.400000 0.985714
vt 0.408333 0.985714
vt 0.416667 0.985714
vt 0.425000 0.985714
vt 0.433333 0.985714
vt 0.441667 0.985714
vt 0.450000 0.985714
vt 0.458333 0.985714
vt 0.466667 0.985714
vt 0.475000 0.985714
vt 0.483333 0.985714
vt 0.491667 0.985714
vt 0.500000 0.985714
vt 0.508333 0.985714
vt 0.516667 0.985714
vt 0.525000 0.985714
vt 0.533333 0.985714
vt 0.541667 0.985714
vt 0.550000 0.985714
vt 0.558333 0.985714
vt 0.566666 0.985714
vt 0.575000 0.985714
vt 0.583333 0.985714
vt 0.591666 0.985714
vt 0.600000 0.985714
vt 0.608333 0.985714
vt 0.616666 0.985714
vt 0.625000 0.985714
vt 0.375000 0.992857
vt 0.383333 0.992857
vt 0.391667 0.992857
vt 0.400000 0.992857
vt 0.408333 0.992857
vt 0.416667 0.992857
vt 0.425000 0.992857
vt 0.433333 0.992857
vt 0.441667 0.992857
vt 0.450000 0.992857
vt 0.458333 0.992857
vt 0.466667 0.992857
vt 0.475000 0.992857
vt 0.483333 0.992857
vt 0.491667 0.992857
vt 0.500000 0.992857
vt 0.508333 0.992857
vt 0.516667 0.992857
vt 0.525000 0.992857
vt 0.533333 0.992857
vt 0.541667 0.992857
vt 0.550000 0.992857
vt 0.558333 0.992857
vt 0.566666 0.992857
vt 0.575000 0.992857
vt 0.583333 0.992857
vt 0.591666 0.992857
vt 0.600000 0.992857
vt 0.608333 0.992857
vt 0.616666 0.992857
vt 0.625000 0.992857
vt 0.375000 1.000000
vt 0.383333 1.000000
vt 0.391667 1.000000
vt 0.400000 1.000000
vt 0.408333 1.000000
vt 0.416667 1.000000
vt 0.425000 1.000000
vt 0.433333 1.000000
vt 0.441667 1.000000
vt 0.450000 1.000000
vt 0.458333 1.000000
vt 0.466667 1.000000
vt 0.475000 1.000000
vt 0.483333 1.000000
vt 0.491667 1.000000
vt 0.500000 1.000000
vt 0.508333 1.000000
vt 0.516667 1.000000
vt 0.525000 1.000000
vt 0.533333 1.000000
vt 0.541667 1.000000
vt 0.550000 1.000000
vt 0.558333 1.000000
vt 0.566666 1.000000
vt 0.575000 1.000000
vt 0.583333 1.000000
vt 0.591666 1.000000
vt 0.600000 1.000000
vt 0.608333 1.000000
vt 0.616666 1.000000
vt 0.625000 1.000000
vt 0.875000 0.000000
vt 0.867857 0.000000
vt 0.860714 0.000000
vt 0.853571 0.000000
vt 0.846429 0.000000
vt 0.839286 0.000000
vt 0.832143 0.000000
vt 0.825000 0.000000
vt 0.817857 0.000000
vt 0.810714 0.000000
vt 0.803572 0.000000
vt 0.796429 0.000000
vt 0.789286 0.000000
vt 0.782143 0.000000
vt 0.775000 0.000000
vt 0.767857 0.000000
vt 0.760715 0.000000
vt 0.753572 0.000000
vt 0.746429 0.000000
vt 0.739286 0.000000
vt 0.732143 0.000000
vt 0.725000 0.000000
vt 0.717857 0.000000
vt 0.710715 0.000000
vt 0.703572 0.000000
vt 0.696429 0.000000
vt 0.689286 0.000000
vt 0.682143 0.000000
vt 0.675000 0.000000
vt 0.667858 0.000000
vt 0.660715 0.000000
vt 0.653572 0.000000
vt 0.646429 0.000000
vt 0.639286 0.000000
vt 0.632143 0.000000
vt 0.875000 0.125000
vt 0.867857 0.125000
vt 0.860714 0.125000
vt 0.853571 0.125000
vt 0.846429 0.125000
vt 0.839286 0.125000
vt 0.832143 0.125000
vt 0.825000 0.125000
vt 0.817857 0.125000
vt 0.810714 0.125000
vt 0.803572 0.125000
vt 0.796429 0.125000
vt 0.789286 0.125000
vt 0.782143 0.125000
vt 0.775000 0.125000
vt 0.767857 0.125000
vt 0.760715 0.125000
vt 0.753572 0.125000
vt 0.746429 0.125000
vt 0.739286 0.125000
vt 0.732143 0.125000
vt 0.725000 0.125000
vt 0.717857 0.125000
vt 0.710715 0.125000
vt 0.703572 0.125000
vt 0.696429 0.125000
vt 0.689286 0.125000
vt 0.682143 0.125000
vt 0.675000 0.125000
vt 0.667858 0.125000
vt 0.660715 0.125000
vt 0.653572 0.125000
vt 0.646429 0.125000
vt 0.639286 0.125000
vt 0.632143 0.125000
vt 0.875000 0.250000
vt 0.867857 0.250000
vt 0.860714 0.250000
vt 0.853571 0.250000
vt 0.846429 0.250000
vt 0.839286 0.250000
vt 0.832143 0.250000
vt 0.825000 0.250000
vt 0.817857 0.250000
vt 0.810714 0.250000
vt 0.803572 0.250000
vt 0.796429 0.250000
vt 0.789286 0.250000
vt 0.782143 0.250000
vt 0.775000 0.250000
vt 0.767857 0.250000
vt 0.760715 0.250000
vt 0.753572 0.250000
vt 0.746429 0.250000
vt 0.739286 0.250000
vt 0.732143 0.250000
vt 0.725000 0.250000
vt 0.717857 0.250000
vt 0.710715 0.250000
vt 0.703572 0.250000
vt 0.696429 0.250000
vt 0.689286 0.250000
vt 0.682143 0.250000
vt 0.675000 0.250000
vt 0.667858 0.250000
vt 0.660715 0.250000
vt 0.653572 0.250000
vt 0.646429 0.250000
vt 0.639286 0.250000
vt 0.632143 0.250000
vt 0.125000 0.000000
vt 0.132143 0.000000
vt 0.139286 0.000000
vt 0.146429 0.000000
vt 0.153571 0.000000
vt 0.160714 0.000000
vt 0.167857 0.000000
vt 0.175000 0.000000
vt 0.182143 0.000000
vt 0.189286 0.000000
vt 0.196429 0.000000
vt 0.203571 0.000000
vt 0.210714 0.000000
vt 0.217857 0.000000
vt 0.225000 0.000000
vt 0.232143 0.000000
vt 0.239286 0.000000
vt 0.246429 0.000000
vt 0.253571 0.000000
vt 0.260714 0.000000
vt 0.267857 0.000000
vt 0.275000 0.000000
vt 0.282143 0.000000
vt 0.289286 0.000000
vt 0.296429 0.000000
vt 0.303572 0.000000
vt 0.310714 0.000000
vt 0.317857 0.000000
vt 0.325000 0.000000
vt 0.332143 0.000000
vt 0.339286 0.000000
vt 0.346429 0.000000
vt 0.353572 0.000000
vt 0.360714 0.000000
vt 0.367857 0.000000
vt 0.125000 0.125000
vt 0.132143 0.125000
vt 0.139286 0.125000
vt 0.146429 0.125000
vt 0.153571 0.125000
vt 0.160714 0.125000
vt 0.167857 0.125000
vt 0.175000 0.125000
vt 0.182143 0.125000
vt 0.189286 0.125000
vt 0.196429 0.125000
vt 0.203571 0.125000
vt 0.210714 0.125000
vt 0.217857 0.125000
vt 0.225000 0.125000
vt 0.232143 0.125000
vt 0.239286 0.125000
vt 0.246429 0.125000
vt 0.253571 0.125000
vt 0.260714 0.125000
vt 0.267857 0.125000
vt 0.275000 0.125000
vt 0.282143 0.125000
vt 0.289286 0.125000
vt 0.296429 0.125000
vt 0.303572 0.125000
vt 0.310714 0.125000
vt 0.317857 0.125000
vt 0.325000 0.125000
vt 0.332143 0.125000
vt 0.339286 0.125000
vt 0.346429 0.125000
vt 0.353572 0.125000
vt 0.360714 0.125000
vt 0.367857 0.125000
vt 0.125000 0.250000
vt 0.132143 0.250000
vt 0.139286 0.250000
vt 0.146429 0.250000
vt 0.153571 0.250000
vt 0.160714 0.250000
vt 0.167857 0.250000
vt 0.175000 0.250000
vt 0.182143 0.250000
vt 0.189286 0.250000
vt 0.196429 0.250000
vt 0.203571 0.250000
vt 0.210714 0.250000
vt 0.217857 0.250000
vt 0.225000 0.250000
vt 0.232143 0.250000
vt 0.239286 0.250000
vt 0.246429 0.250000
vt 0.253571 0.250000
vt 0.260714 0.250000
vt 0.267857 0.250000
vt 0.275000 0.250000
vt 0.282143 0.250000
vt 0.289286 0.250000
vt 0.296429 0.250000
vt 0.303572 0.250000
vt 0.310714 0.250000
vt 0.317857 0.250000
vt 0.325000 0.250000
vt 0.332143 0.250000
vt 0.339286 0.250000
vt 0.346429 0.250000
vt 0.353572 0.250000
vt 0.360714 0.250000
vt 0.367857 0.250000
vn 0.052815 0.019407 0.998416
vn 0.106089 0.189430 0.976146
vn 0.036190 0.188287 0.981447
vn 0.025303 0.102311 0.994431
vn 0.012114 0.368515 0.929543
vn 0.035398 0.363041 0.931101
vn -0.023789 0.434792 0.900217
vn -0.019342 0.463371 0.885953
vn -0.011638 0.435840 0.899949
vn -0.024537 0.487035 0.873038
vn 0.005021 0.421630 0.906754
vn -0.008047 0.479153 0.877695
vn 0.016836 0.406901 0.913317
vn 0.007329 0.464281 0.885658
vn 0.025205 0.394016 0.918758
vn 0.017949 0.450276 0.892709
vn 0.030056 0.383708 0.922965
vn 0.025009 0.438696 0.898288
vn 0.032408 0.375846 0.926115
vn 0.028870 0.429791 0.902467
vn 0.032358 0.369773 0.928558
vn 0.030275 0.423244 0.905510
vn 0.030751 0.364914 0.930533
vn 0.029611 0.418182 0.907880
vn 0.026985 0.360844 0.932236
vn 0.027062 0.414113 0.909823
vn 0.021928 0.357041 0.933832
vn 0.022614 0.409772 0.911908
vn 0.016905 0.354025 0.935083
vn 0.017386 0.404786 0.914246
vn 0.011995 0.352351 0.935791
vn 0.011951 0.401404 0.915823
vn 0.007217 0.352078 0.935943
vn 0.006569 0.402240 0.915511
vn 0.002539 0.353257 0.935523
vn 0.001594 0.405485 0.914100
vn -0.002113 0.355753 0.934578
vn -0.002799 0.409602 0.912260
vn -0.006094 0.359011 0.933314
vn -0.005768 0.413775 0.910361
vn -0.008288 0.363147 0.931695
vn -0.006749 0.418824 0.908042
vn -0.008384 0.368707 0.929508
vn -0.005589 0.425918 0.904745
vn -0.006450 0.376260 0.926491
vn -0.002563 0.435672 0.900102
vn -0.002941 0.385704 0.922618
vn 0.003076 0.447591 0.894233
vn 0.003376 0.396497 0.918030
vn 0.011526 0.460323 0.887677
vn 0.011900 0.406981 0.913359
vn 0.021873 0.470301 0.882235
vn 0.020571 0.411707 0.911084
vn 0.029275 0.467675 0.883415
vn 0.020254 0.396078 0.917993
vn 0.020586 0.433421 0.900957
vn -0.009198 0.334907 0.942206
vn -0.015433 0.333724 0.942545
vn -0.065068 0.202814 0.977053
vn -0.005630 0.156393 0.987679
vn -0.014165 0.048445 0.998725
vn 0.017201 0.081189 0.996550
vn 0.015079 0.152237 0.988229
vn 0.014715 0.133853 0.990892
vn 0.016271 0.354663 0.934852
vn -0.048653 0.527674 0.848053
vn -0.045815 0.557083 0.829192
vn -0.022782 0.545795 0.837609
vn -0.003563 0.530376 0.847755
vn 0.009829 0.515336 0.856932
vn 0.018903 0.502610 0.864307
vn 0.024292 0.493125 0.869619
vn 0.026871 0.486609 0.873207
vn 0.027093 0.482790 0.875317
vn 0.025465 0.480806 0.876457
vn 0.021779 0.479120 0.877479
vn 0.016992 0.476721 0.878890
vn 0.011674 0.474741 0.880048
vn 0.006337 0.474589 0.880184
vn 0.001645 0.476174 0.879350
vn -0.002077 0.478402 0.878138
vn -0.004202 0.481268 0.876564
vn -0.004202 0.486449 0.873699
vn -0.001909 0.495441 0.868639
vn 0.002812 0.507943 0.861386
vn 0.010873 0.522610 0.852503
vn 0.022514 0.537625 0.842883
vn 0.037399 0.547893 0.835712
vn 0.050855 0.539574 0.840401
vn 0.045565 0.472449 0.880180
vn 0.005032 0.278059 0.960551
vn 0.021711 0.096954 0.995052
vn 0.022732 0.086949 0.995953
vn -0.018197 -0.999695 -0.016691
vn 0.020986 -0.999530 0.022360
vn -0.017903 -0.999829 -0.004600
vn -0.090205 -0.994732 -0.048688
vn 0.076433 -0.983951 0.161241
vn 0.031817 -0.997997 0.054678
vn 0.076525 -0.948576 0.307161
vn 0.038902 -0.991894 0.120967
vn 0.067027 -0.897156 0.436598
vn 0.036357 -0.980808 0.191559
vn 0.058461 -0.836948 0.544151
vn 0.032157 -0.966326 0.255304
vn 0.050976 -0.773022 0.632328
vn 0.028484 -0.950024 0.310874
vn 0.044525 -0.709342 0.703457
vn 0.025269 -0.932998 0.358993
vn 0.038956 -0.648842 0.759925
vn 0.022455 -0.916107 0.400304
vn 0.034429 -0.593521 0.804082
vn 0.020059 -0.900020 0.435386
vn 0.030435 -0.544769 0.838033
vn 0.017982 -0.885281 0.464709
vn 0.026783 -0.503805 0.863402
vn 0.016027 -0.872358 0.488605
vn 0.023165 -0.471491 0.881567
vn 0.014041 -0.861693 0.507236
vn 0.019529 -0.448379 0.893630
vn 0.011916 -0.853659 0.520696
vn 0.015928 -0.434729 0.900420
vn 0.009663 -0.848621 0.528914
vn 0.012199 -0.430253 0.902626
vn 0.007200 -0.846822 0.531828
vn 0.008333 -0.434401 0.900681
vn 0.004601 -0.848376 0.529374
vn 0.004400 -0.447467 0.894289
vn 0.002029 -0.853205 0.521571
vn 0.000343 -0.469795 0.882776
vn -0.000517 -0.861016 0.508577
vn -0.003854 -0.501317 0.865255
vn -0.003086 -0.871468 0.490443
vn -0.008366 -0.541443 0.840696
vn -0.005752 -0.884152 0.467164
vn -0.013300 -0.589245 0.807845
vn -0.008640 -0.898628 0.438627
vn -0.019046 -0.643528 0.765186
vn -0.011941 -0.914440 0.404545
vn -0.025915 -0.702879 0.710837
vn -0.015705 -0.931043 0.364571
vn -0.033849 -0.765306 0.642776
vn -0.019922 -0.947790 0.318273
vn -0.042958 -0.828066 0.558982
vn -0.024625 -0.963888 0.265168
vn -0.053262 -0.887605 0.457516
vn -0.029742 -0.978346 0.204828
vn -0.064285 -0.939365 0.336838
vn -0.034116 -0.989851 0.137955
vn -0.070790 -0.977364 0.199370
vn -0.032383 -0.996933 0.071242
vn -0.039335 -0.997665 0.055837
vn 0.027542 -0.999620 0.001011
vn 0.023507 -0.999465 -0.022732
vn 0.132147 -0.989212 -0.063217
vn -0.086517 -0.995771 -0.030887
vn -0.237278 -0.969018 -0.068585
vn 0.000000 -1.000000 0.000001
vn 0.000000 -1.000000 -0.000000
vn 0.000000 -1.000000 -0.000000
vn 0.000000 -1.000000 -0.000000
vn 0.000000 -1.000000 -0.000000
vn 0.000000 -1.000000 0.000000
vn 0.000000 -1.000000 0.000000
vn 0.000000 -1.000000 0.000001
vn 0.000000 -1.000000 0.000001
vn 0.000000 -1.000000 0.000001
vn 0.000000 -1.000000 0.000001
vn 0.000000 -1.000000 -0.000001
vn 0.000000 -1.000000 -0.000001
vn 0.000000 -1.000000 0.000001
vn 0.000000 -1.000000 0.000001
vn 0.000000 -1.000000 0.000001
vn 0.000000 -1.000000 0.000001
vn 0.000000 -1.000000 -0.000000
vn 0.000000 -1.000000 -0.000001
vn 0.000000 -1.000000 -0.000001
vn 0.000000 -1.000000 -0.000000
vn 0.000000 -1.000000 0.000001
vn 0.000000 -1.000000 -0.000000
vn 0.000000 -1.000000 -0.000002
vn 0.000000 -1.000000 -0.000002
vn 0.000000 -1.000000 -0.000002
vn 0.000000 -1.000000 -0.000001
vn 0.109656 -0.993334 -0.035527
vn 0.289357 -0.954337 -0.074260
vn -0.160903 -0.986437 -0.032423
vn -0.389834 -0.918950 -0.059669
vn 0.000000 -1.000000 0.000000
vn 0.000000 -1.000000 -0.000000
vn 0.000000 -1.000000 -0.000000
vn 0.000000 -1.000000 -0.000000
vn 0.000000 -1.000000 -0.000001
vn 0.000000 -1.000000 -0.000001
vn 0.000000 -1.000000 -0.000000
vn 0.000000 -1.000000 0.000000
vn 0.000000 -1.000000 -0.000000
vn 0.000000 -1.000000 -0.000000
vn 0.000000 -1.000000 -0.000000
vn 0.000000 -1.000000 -0.000000
vn 0.000000 -1.000000 0.000000
vn 0.000000 -1.000000 -0.000000
vn 0.000000 -1.000000 -0.000000
vn 0.000000 -1.000000 -0.000000
vn 0.000000 -1.000000 0.000000
vn 0.000000 -1.000000 -0.000000
vn 0.000000 -1.000000 -0.000001
vn 0.000000 -1.000000 0.000001
vn 0.000000 -1.000000 0.000001
vn 0.000000 -1.000000 0.000000
vn 0.000000 -1.000000 0.000000
vn 0.000000 -1.000000 0.000000
vn 0.000000 -1.000000 -0.000001
vn 0.000000 -1.000000 -0.000001
vn 0.000000 -1.000000 -0.000000
vn 0.186968 -0.981716 -0.035745
vn 0.438684 -0.896147 -0.066902
vn -0.235128 -0.971580 -0.027335
vn -0.519246 -0.853285 -0.047834
vn 0.000000 -1.000000 -0.000001
vn 0.000000 -1.000000 -0.000001
vn 0.000000 -1.000000 -0.000000
vn 0.000000 -1.000000 0.000000
vn 0.000000 -1.000000 0.000001
vn 0.000000 -1.000000 0.000001
vn 0.000000 -1.000000 0.000000
vn 0.000000 -1.000000 -0.000000
vn 0.000000 -1.000000 -0.000002
vn 0.000000 -1.000000 -0.000001
vn 0.000000 -1.000000 0.000000
vn 0.000000 -1.000000 -0.000000
vn 0.000000 -1.000000 -0.000001
vn 0.000000 -1.000000 -0.000001
vn 0.000000 -1.000000 -0.000001
vn 0.000000 -1.000000 -0.000000
vn 0.000000 -1.000000 0.000000
vn 0.000000 -1.000000 0.000000
vn 0.000000 -1.000000 0.000001
vn 0.000000 -1.000000 0.000002
vn 0.000000 -1.000000 0.000002
vn 0.000000 -1.000000 0.000001
vn 0.000000 -1.000000 0.000000
vn 0.000000 -1.000000 -0.000000
vn 0.000000 -1.000000 -0.000001
vn 0.000000 -1.000000 0.000001
vn 0.000000 -1.000000 0.000001
vn 0.260679 -0.964895 -0.032016
vn 0.563559 -0.824045 -0.057890
vn -0.300922 -0.953392 -0.022132
vn -0.624641 -0.779999 -0.037746
vn 0.000000 -1.000000 -0.000001
vn 0.000000 -1.000000 -0.000000
vn 0.000000 -1.000000 0.000000
vn 0.000000 -1.000000 0.000001
vn 0.000000 -1.000000 0.000000
vn 0.000000 -1.000000 -0.000000
vn 0.000000 -1.000000 0.000001
vn 0.000000 -1.000000 0.000000
vn 0.000000 -1.000000 -0.000000
vn 0.000000 -1.000000 -0.000000
vn 0.000000 -1.000000 -0.000001
vn 0.000000 -1.000000 -0.000001
vn 0.000000 -1.000000 -0.000001
vn 0.000000 -1.000000 -0.000001
vn 0.000000 -1.000000 -0.000001
vn 0.000000 -1.000000 -0.000000
vn 0.000000 -1.000000 0.000000
vn 0.000000 -1.000000 0.000001
vn 0.000000 -1.000000 0.000001
vn 0.000000 -1.000000 0.000001
vn 0.000000 -1.000000 0.000002
vn 0.000000 -1.000000 0.000001
vn 0.000000 -1.000000 0.000000
vn 0.000000 -1.000000 -0.000000
vn 0.000000 -1.000000 0.000000
vn 0.000000 -1.000000 0.000001
vn 0.000000 -1.000000 0.000001
vn 0.325635 -0.945071 -0.028318
vn 0.664077 -0.745973 -0.050264
vn -0.357996 -0.933557 -0.017603
vn -0.708907 -0.704702 -0.029074
vn 0.000000 -1.000000 -0.000002
vn 0.000000 -1.000000 -0.000000
vn 0.000000 -1.000000 -0.000000
vn 0.000000 -1.000000 -0.000001
vn 0.000000 -1.000000 -0.000000
vn 0.000000 -1.000000 0.000001
vn 0.000000 -1.000000 0.000001
vn 0.000000 -1.000000 0.000001
vn 0.000000 -1.000000 0.000001
vn 0.000000 -1.000000 -0.000000
vn 0.000000 -1.000000 -0.000002
vn 0.000000 -1.000000 -0.000001
vn 0.000000 -1.000000 -0.000001
vn 0.000000 -1.000000 -0.000001
vn 0.000000 -1.000000 0.000001
vn 0.000000 -1.000000 0.000000
vn 0.000000 -1.000000 0.000000
vn 0.000000 -1.000000 0.000000
vn 0.000000 -1.000000 -0.000001
vn 0.000000 -1.000000 -0.000000
vn 0.000000 -1.000000 -0.000000
vn 0.000000 -1.000000 -0.000000
vn 0.000000 -1.000000 -0.000000
vn 0.000000 -1.000000 -0.000000
vn 0.000000 -1.000000 0.000001
vn 0.000000 -1.000000 0.000000
vn 0.000000 -1.000000 0.000000
vn 0.381791 -0.923905 -0.025216
vn 0.743297 -0.667520 -0.043898
vn -0.407094 -0.913285 -0.013615
vn -0.774829 -0.631798 -0.021706
vn 0.000000 -1.000000 0.000000
vn 0.000000 -1.000000 0.000001
vn 0.000000 -1.000000 -0.000001
vn 0.000000 -1.000000 -0.000001
vn 0.000000 -1.000000 0.000000
vn 0.000000 -1.000000 0.000001
vn 0.000000 -1.000000 0.000001
vn 0.000000 -1.000000 0.000000
vn 0.000000 -1.000000 0.000000
vn 0.000000 -1.000000 0.000000
vn 0.000000 -1.000000 0.000000
vn 0.000000 -1.000000 -0.000000
vn 0.000000 -1.000000 -0.000001
vn 0.000000 -1.000000 -0.000000
vn 0.000000 -1.000000 0.000002
vn 0.000000 -1.000000 0.000001
vn 0.000000 -1.000000 0.000000
vn 0.000000 -1.000000 0.000000
vn 0.000000 -1.000000 -0.000000
vn 0.000000 -1.000000 -0.000001
vn 0.000000 -1.000000 -0.000001
vn 0.000000 -1.000000 0.000000
vn 0.000000 -1.000000 -0.000001
vn 0.000000 -1.000000 -0.000001
vn 0.000000 -1.000000 -0.000001
vn 0.000000 -1.000000 0.000001
vn 0.000000 -1.000000 -0.000000
vn 0.429971 -0.902556 -0.022754
vn 0.804806 -0.592248 -0.039105
vn -0.449048 -0.893446 -0.010491
vn -0.826084 -0.563299 -0.016720
vn 0.000000 -1.000000 -0.000000
vn 0.000000 -1.000000 -0.000000
vn 0.000000 -1.000000 0.000001
vn 0.000000 -1.000000 0.000001
vn 0.000000 -1.000000 0.000001
vn 0.000000 -1.000000 0.000000
vn 0.000000 -1.000000 0.000001
vn 0.000000 -1.000000 0.000000
vn 0.000000 -1.000000 0.000000
vn 0.000000 -1.000000 0.000001
vn 0.000000 -1.000000 0.000000
vn 0.000000 -1.000000 0.000000
vn 0.000000 -1.000000 0.000001
vn 0.000000 -1.000000 -0.000000
vn 0.000000 -1.000000 -0.000000
vn 0.000000 -1.000000 0.000000
vn 0.000000 -1.000000 0.000001
vn 0.000000 -1.000000 0.000001
vn 0.000000 -1.000000 0.000001
vn 0.000000 -1.000000 0.000000
vn 0.000000 -1.000000 0.000001
vn 0.000000 -1.000000 0.000001
vn 0.000000 -1.000000 -0.000001
vn 0.000000 -1.000000 -0.000001
vn 0.000000 -1.000000 -0.000000
vn 0.000000 -1.000000 -0.000000
vn 0.000000 -1.000000 -0.000000
vn 0.471501 -0.881607 -0.021338
vn 0.853141 -0.520382 -0.036787
vn -0.485536 -0.874171 -0.008889
vn -0.867442 -0.497313 -0.014966
vn 0.000000 -1.000000 -0.000001
vn 0.000000 -1.000000 -0.000001
vn 0.000000 -1.000000 0.000001
vn 0.000000 -1.000000 0.000002
vn 0.000000 -1.000000 0.000001
vn 0.000000 -1.000000 0.000000
vn 0.000000 -1.000000 -0.000000
vn 0.000000 -1.000000 -0.000000
vn 0.000000 -1.000000 -0.000000
vn 0.000000 -1.000000 0.000001
vn 0.000000 -1.000000 -0.000000
vn 0.000000 -1.000000 0.000000
vn 0.000000 -1.000000 0.000002
vn 0.000000 -1.000000 -0.000000
vn 0.000000 -1.000000 -0.000003
vn 0.000000 -1.000000 -0.000000
vn 0.000000 -1.000000 0.000002
vn 0.000000 -1.000000 0.000000
vn 0.000000 -1.000000 -0.000001
vn 0.000000 -1.000000 0.000000
vn 0.000000 -1.000000 0.000001
vn 0.000000 -1.000000 -0.000000
vn 0.000000 -1.000000 0.000000
vn 0.000000 -1.000000 0.000000
vn 0.000000 -1.000000 -0.000001
vn 0.000000 -1.000000 -0.000000
vn 0.000000 -1.000000 0.000000
vn 0.508378 -0.860874 -0.021165
vn 0.892547 -0.449481 -0.036436
vn -0.518626 -0.854961 -0.008288
vn -0.901966 -0.431588 -0.013743
vn 0.000000 -1.000000 0.000000
vn 0.000000 -1.000000 -0.000000
vn 0.000000 -1.000000 -0.000000
vn 0.000000 -1.000000 0.000001
vn 0.000000 -1.000000 -0.000000
vn 0.000000 -1.000000 -0.000000
vn 0.000000 -1.000000 -0.000001
vn 0.000000 -1.000000 -0.000001
vn 0.000000 -1.000000 0.000000
vn 0.000000 -1.000000 -0.000000
vn 0.000000 -1.000000 0.000000
vn 0.000000 -1.000000 0.000001
vn 0.000000 -1.000000 0.000000
vn 0.000000 -1.000000 0.000000
vn 0.000000 -1.000000 -0.000001
vn 0.000000 -1.000000 -0.000001
vn 0.000000 -1.000000 -0.000001
vn 0.000000 -1.000000 -0.000000
vn 0.000000 -1.000000 0.000000
vn 0.000000 -1.000000 0.000001
vn 0.000000 -1.000000 0.000000
vn 0.000000 -1.000000 -0.000001
vn 0.000000 -1.000000 -0.000001
vn 0.000000 -1.000000 -0.000001
vn 0.000000 -1.000000 -0.000001
vn 0.000000 -1.000000 -0.000001
vn 0.000000 -1.000000 -0.000000
vn 0.542203 -0.839986 -0.020953
vn 0.924425 -0.379808 -0.034422
vn -0.548781 -0.835939 -0.006773
vn -0.929250 -0.369323 -0.009761
vn 0.000000 -1.000000 0.000000
vn 0.000000 -1.000000 0.000001
vn 0.000000 -1.000000 -0.000000
vn 0.000000 -1.000000 -0.000001
vn 0.000000 -1.000000 -0.000001
vn 0.000000 -1.000000 -0.000001
vn 0.000000 -1.000000 0.000000
vn 0.000000 -1.000000 0.000000
vn 0.000000 -1.000000 0.000001
vn 0.000000 -1.000000 0.000001
vn 0.000000 -1.000000 -0.000000
vn 0.000000 -1.000000 0.000000
vn 0.000000 -1.000000 -0.000001
vn 0.000000 -1.000000 -0.000000
vn 0.000000 -1.000000 0.000000
vn 0.000000 -1.000000 -0.000000
vn 0.000000 -1.000000 -0.000001
vn 0.000000 -1.000000 -0.000001
vn 0.000000 -1.000000 0.000000
vn 0.000000 -1.000000 0.000001
vn 0.000000 -1.000000 -0.000000
vn 0.000000 -1.000000 -0.000001
vn 0.000000 -1.000000 -0.000001
vn 0.000000 -1.000000 -0.000000
vn 0.000000 -1.000000 0.000001
vn 0.000000 -1.000000 -0.000000
vn 0.000000 -1.000000 -0.000000
vn 0.572868 -0.819399 -0.020165
vn 0.948662 -0.314628 -0.032415
vn -0.574443 -0.818537 -0.003510
vn -0.948353 -0.317197 -0.003660
vn 0.000000 -1.000000 0.000001
vn 0.000000 -1.000000 0.000001
vn 0.000000 -1.000000 0.000001
vn 0.000000 -1.000000 -0.000001
vn 0.000000 -1.000000 0.000000
vn 0.000000 -1.000000 0.000001
vn 0.000000 -1.000000 0.000001
vn 0.000000 -1.000000 0.000001
vn 0.000000 -1.000000 0.000000
vn 0.000000 -1.000000 0.000000
vn 0.000000 -1.000000 0.000000
vn 0.000000 -1.000000 0.000000
vn 0.000000 -1.000000 0.000001
vn 0.000000 -1.000000 -0.000001
vn 0.000000 -1.000000 -0.000001
vn 0.000000 -1.000000 0.000000
vn 0.000000 -1.000000 0.000001
vn 0.000000 -1.000000 -0.000000
vn 0.000000 -1.000000 0.000000
vn 0.000000 -1.000000 -0.000000
vn 0.000000 -1.000000 -0.000001
vn 0.000000 -1.000000 0.000001
vn 0.000000 -1.000000 0.000000
vn 0.000000 -1.000000 0.000001
vn 0.000000 -1.000000 0.000002
vn 0.000000 -1.000000 0.000002
vn 0.000000 -1.000000 0.000001
vn 0.598669 -0.800806 -0.017481
vn 0.964988 -0.261025 -0.025769
vn -0.594149 -0.804355 0.000441
vn -0.960487 -0.278314 0.002253
vn 0.000000 -1.000000 0.000001
vn 0.000000 -1.000000 -0.000001
vn 0.000000 -1.000000 -0.000001
vn 0.000000 -1.000000 -0.000000
vn 0.000000 -1.000000 0.000000
vn 0.000000 -1.000000 0.000001
vn 0.000000 -1.000000 0.000001
vn 0.000000 -1.000000 0.000001
vn 0.000000 -1.000000 0.000000
vn 0.000000 -1.000000 0.000000
vn 0.000000 -1.000000 0.000001
vn 0.000000 -1.000000 0.000001
vn 0.000000 -1.000000 0.000000
vn 0.000000 -1.000000 -0.000001
vn 0.000000 -1.000000 -0.000001
vn 0.000000 -1.000000 0.000000
vn 0.000000 -1.000000 0.000000
vn 0.000000 -1.000000 0.000001
vn 0.000000 -1.000000 0.000001
vn 0.000000 -1.000000 -0.000000
vn 0.000000 -1.000000 0.000000
vn 0.000000 -1.000000 0.000000
vn 0.000000 -1.000000 -0.000000
vn 0.000000 -1.000000 0.000000
vn 0.000000 -1.000000 -0.000000
vn 0.000000 -1.000000 0.000001
vn 0.000000 -1.000000 0.000002
vn 0.618033 -0.786039 -0.013329
vn 0.974794 -0.222229 -0.019766
vn -0.607747 -0.794121 0.004015
vn -0.967847 -0.251437 0.007195
vn 0.000000 -1.000000 -0.000000
vn 0.000000 -1.000000 -0.000000
vn 0.000000 -1.000000 0.000000
vn 0.000000 -1.000000 0.000000
vn 0.000000 -1.000000 0.000001
vn 0.000000 -1.000000 0.000000
vn 0.000000 -1.000000 -0.000000
vn 0.000000 -1.000000 -0.000001
vn 0.000000 -1.000000 -0.000000
vn 0.000000 -1.000000 0.000001
vn 0.000000 -1.000000 -0.000000
vn 0.000000 -1.000000 -0.000001
vn 0.000000 -1.000000 -0.000001
vn 0.000000 -1.000000 -0.000001
vn 0.000000 -1.000000 0.000000
vn 0.000000 -1.000000 -0.000000
vn 0.000000 -1.000000 0.000000
vn 0.000000 -1.000000 0.000001
vn 0.000000 -1.000000 0.000001
vn 0.000000 -1.000000 0.000001
vn 0.000000 -1.000000 0.000001
vn 0.000000 -1.000000 -0.000001
vn 0.000000 -1.000000 -0.000001
vn 0.000000 -1.000000 -0.000000
vn 0.000000 -1.000000 -0.000000
vn 0.000000 -1.000000 -0.000001
vn 0.000000 -1.000000 -0.000000
vn 0.630825 -0.775858 -0.010197
vn 0.980507 -0.195889 -0.015301
vn -0.616212 -0.787552 0.006622
vn -0.972221 -0.233818 0.010713
vn 0.000000 -1.000000 -0.000001
vn 0.000000 -1.000000 -0.000000
vn 0.000000 -1.000000 0.000001
vn 0.000000 -1.000000 -0.000000
vn 0.000000 -1.000000 -0.000000
vn 0.000000 -1.000000 0.000000
vn 0.000000 -1.000000 -0.000001
vn 0.000000 -1.000000 -0.000001
vn 0.000000 -1.000000 -0.000001
vn 0.000000 -1.000000 -0.000000
vn 0.000000 -1.000000 -0.000000
vn 0.000000 -1.000000 0.000001
vn 0.000000 -1.000000 0.000001
vn 0.000000 -1.000000 0.000001
vn 0.000000 -1.000000 0.000000
vn 0.000000 -1.000000 0.000000
vn 0.000000 -1.000000 0.000001
vn 0.000000 -1.000000 -0.000000
vn 0.000000 -1.000000 -0.000001
vn 0.000000 -1.000000 -0.000001
vn 0.000000 -1.000000 -0.000000
vn 0.000000 -1.000000 -0.000000
vn 0.000000 -1.000000 -0.000001
vn 0.000000 -1.000000 -0.000001
vn 0.000000 -1.000000 0.000000
vn 0.000000 -1.000000 -0.000000
vn 0.000000 -1.000000 -0.000001
vn 0.638422 -0.769641 -0.008332
vn 0.983742 -0.179139 -0.012721
vn -0.620767 -0.783956 0.007899
vn -0.974537 -0.223882 0.012449
vn 0.000000 -1.000000 -0.000000
vn 0.000000 -1.000000 -0.000000
vn 0.000000 -1.000000 -0.000001
vn 0.000000 -1.000000 -0.000001
vn 0.000000 -1.000000 -0.000001
vn 0.000000 -1.000000 -0.000002
vn 0.000000 -1.000000 -0.000001
vn 0.000000 -1.000000 -0.000001
vn 0.000000 -1.000000 -0.000000
vn 0.000000 -1.000000 -0.000000
vn 0.000000 -1.000000 0.000000
vn 0.000000 -1.000000 0.000001
vn 0.000000 -1.000000 0.000001
vn 0.000000 -1.000000 0.000001
vn 0.000000 -1.000000 0.000001
vn 0.000000 -1.000000 0.000000
vn 0.000000 -1.000000 -0.000000
vn 0.000000 -1.000000 -0.000001
vn 0.000000 -1.000000 -0.000001
vn 0.000000 -1.000000 -0.000000
vn 0.000000 -1.000000 0.000000
vn 0.000000 -1.000000 0.000000
vn 0.000000 -1.000000 -0.000001
vn 0.000000 -1.000000 -0.000000
vn 0.000000 -1.000000 0.000001
vn 0.000000 -1.000000 0.000001
vn 0.000000 -1.000000 -0.000000
vn 0.642555 -0.766200 -0.007794
vn 0.985508 -0.169206 -0.011951
vn -0.622655 -0.782456 0.007951
vn -0.975422 -0.219994 0.012442
vn 0.000000 -1.000000 0.000001
vn 0.000000 -1.000000 0.000000
vn 0.000000 -1.000000 -0.000001
vn 0.000000 -1.000000 -0.000001
vn 0.000000 -1.000000 -0.000001
vn 0.000000 -1.000000 -0.000001
vn 0.000000 -1.000000 -0.000000
vn 0.000000 -1.000000 0.000000
vn 0.000000 -1.000000 -0.000000
vn 0.000000 -1.000000 -0.000000
vn 0.000000 -1.000000 -0.000000
vn 0.000000 -1.000000 -0.000000
vn 0.000000 -1.000000 0.000000
vn 0.000000 -1.000000 -0.000000
vn 0.000000 -1.000000 -0.000001
vn 0.000000 -1.000000 -0.000001
vn 0.000000 -1.000000 -0.000001
vn 0.000000 -1.000000 -0.000001
vn 0.000000 -1.000000 -0.000000
vn 0.000000 -1.000000 0.000001
vn 0.000000 -1.000000 0.000001
vn 0.000000 -1.000000 0.000000
vn 0.000000 -1.000000 -0.000001
vn 0.000000 -1.000000 0.000000
vn 0.000000 -1.000000 0.000001
vn 0.000000 -1.000000 0.000000
vn 0.000000 -1.000000 0.000000
vn 0.644477 -0.764583 -0.007849
vn 0.986259 -0.164772 -0.012013
vn -0.622281 -0.782755 0.007815
vn -0.975251 -0.220761 0.012237
vn 0.000000 -1.000000 -0.000000
vn 0.000000 -1.000000 -0.000001
vn 0.000000 -1.000000 -0.000001
vn 0.000000 -1.000000 -0.000001
vn 0.000000 -1.000000 -0.000000
vn 0.000000 -1.000000 0.000000
vn 0.000000 -1.000000 0.000001
vn 0.000000 -1.000000 0.000001
vn 0.000000 -1.000000 0.000000
vn 0.000000 -1.000000 -0.000000
vn 0.000000 -1.000000 0.000000
vn 0.000000 -1.000000 0.000001
vn 0.000000 -1.000000 0.000001
vn 0.000000 -1.000000 -0.000000
vn 0.000000 -1.000000 -0.000001
vn 0.000000 -1.000000 -0.000000
vn 0.000000 -1.000000 0.000000
vn 0.000000 -1.000000 0.000000
vn 0.000000 -1.000000 -0.000001
vn 0.000000 -1.000000 0.000000
vn 0.000000 -1.000000 0.000001
vn 0.000000 -1.000000 0.000000
vn 0.000000 -1.000000 -0.000000
vn 0.000000 -1.000000 0.000000
vn 0.000000 -1.000000 0.000000
vn 0.000000 -1.000000 -0.000000
vn 0.000000 -1.000000 -0.000001
vn 0.644250 -0.764774 -0.007958
vn 0.986027 -0.166140 -0.012183
vn -0.619582 -0.784886 0.008465
vn -0.973849 -0.226811 0.013203
vn 0.000000 -1.000000 0.000001
vn 0.000000 -1.000000 -0.000001
vn 0.000000 -1.000000 -0.000001
vn 0.000000 -1.000000 -0.000001
vn 0.000000 -1.000000 -0.000000
vn 0.000000 -1.000000 -0.000000
vn 0.000000 -1.000000 0.000001
vn 0.000000 -1.000000 0.000000
vn 0.000000 -1.000000 -0.000001
vn 0.000000 -1.000000 -0.000000
vn 0.000000 -1.000000 0.000001
vn 0.000000 -1.000000 0.000000
vn 0.000000 -1.000000 -0.000001
vn 0.000000 -1.000000 -0.000000
vn 0.000000 -1.000000 0.000000
vn 0.000000 -1.000000 -0.000000
vn 0.000000 -1.000000 0.000001
vn 0.000000 -1.000000 0.000001
vn 0.000000 -1.000000 0.000000
vn 0.000000 -1.000000 0.000001
vn 0.000000 -1.000000 0.000001
vn 0.000000 -1.000000 0.000001
vn 0.000000 -1.000000 0.000001
vn 0.000000 -1.000000 0.000001
vn 0.000000 -1.000000 -0.000000
vn 0.000000 -1.000000 -0.000001
vn 0.000000 -1.000000 -0.000000
vn 0.641936 -0.766716 -0.008085
vn 0.984919 -0.172573 -0.012397
vn -0.613952 -0.789284 0.009680
vn -0.970867 -0.239145 0.015060
vn 0.000000 -1.000000 -0.000000
vn 0.000000 -1.000000 0.000001
vn 0.000000 -1.000000 0.000001
vn 0.000000 -1.000000 -0.000001
vn 0.000000 -1.000000 -0.000001
vn 0.000000 -1.000000 -0.000001
vn 0.000000 -1.000000 -0.000001
vn 0.000000 -1.000000 0.000000
vn 0.000000 -1.000000 -0.000000
vn 0.000000 -1.000000 -0.000000
vn 0.000000 -1.000000 0.000000
vn 0.000000 -1.000000 -0.000000
vn 0.000000 -1.000000 -0.000000
vn 0.000000 -1.000000 0.000000
vn 0.000000 -1.000000 -0.000001
vn 0.000000 -1.000000 -0.000001
vn 0.000000 -1.000000 0.000000
vn 0.000000 -1.000000 0.000001
vn 0.000000 -1.000000 0.000000
vn 0.000000 -1.000000 0.000001
vn 0.000000 -1.000000 0.000000
vn 0.000000 -1.000000 0.000000
vn 0.000000 -1.000000 0.000001
vn 0.000000 -1.000000 0.000001
vn 0.000000 -1.000000 -0.000000
vn 0.000000 -1.000000 -0.000000
vn 0.000000 -1.000000 0.000000
vn 0.636850 -0.770951 -0.007497
vn 0.982838 -0.184097 -0.011740
vn -0.604305 -0.796662 0.012060
vn -0.965832 -0.258528 0.018193
vn 0.000000 -1.000000 -0.000000
vn 0.000000 -1.000000 0.000000
vn 0.000000 -1.000000 0.000001
vn 0.000000 -1.000000 0.000000
vn 0.000000 -1.000000 0.000000
vn 0.000000 -1.000000 -0.000001
vn 0.000000 -1.000000 -0.000001
vn 0.000000 -1.000000 0.000001
vn 0.000000 -1.000000 0.000001
vn 0.000000 -1.000000 -0.000000
vn 0.000000 -1.000000 -0.000000
vn 0.000000 -1.000000 -0.000000
vn 0.000000 -1.000000 -0.000000
vn 0.000000 -1.000000 0.000000
vn 0.000000 -1.000000 0.000001
vn 0.000000 -1.000000 0.000001
vn 0.000000 -1.000000 0.000002
vn 0.000000 -1.000000 0.000001
vn 0.000000 -1.000000 0.000001
vn 0.000000 -1.000000 0.000000
vn 0.000000 -1.000000 -0.000001
vn 0.000000 -1.000000 -0.000001
vn 0.000000 -1.000000 -0.000001
vn 0.000000 -1.000000 -0.000001
vn 0.000000 -1.000000 0.000000
vn 0.000000 -1.000000 -0.000000
vn 0.000000 -1.000000 -0.000000
vn 0.628174 -0.778053 -0.005572
vn 0.979220 -0.202589 -0.009248
vn -0.589176 -0.807854 0.015563
vn -0.957442 -0.287665 0.023537
vn 0.000000 -1.000000 0.000000
vn 0.000000 -1.000000 -0.000001
vn 0.000000 -1.000000 -0.000001
vn 0.000000 -1.000000 -0.000001
vn 0.000000 -1.000000 -0.000001
vn 0.000000 -1.000000 -0.000001
vn 0.000000 -1.000000 0.000000
vn 0.000000 -1.000000 -0.000000
vn 0.000000 -1.000000 -0.000000
vn 0.000000 -1.000000 -0.000001
vn 0.000000 -1.000000 -0.000000
vn 0.000000 -1.000000 0.000001
vn 0.000000 -1.000000 -0.000001
vn 0.000000 -1.000000 -0.000001
vn 0.000000 -1.000000 0.000002
vn 0.000000 -1.000000 0.000002
vn 0.000000 -1.000000 0.000000
vn 0.000000 -1.000000 0.000001
vn 0.000000 -1.000000 0.000001
vn 0.000000 -1.000000 0.000000
vn 0.000000 -1.000000 -0.000001
vn 0.000000 -1.000000 -0.000001
vn 0.000000 -1.000000 -0.000001
vn 0.000000 -1.000000 -0.000001
vn 0.000000 -1.000000 0.000001
vn 0.000000 -1.000000 0.000000
vn 0.000000 -1.000000 0.000000
vn 0.614556 -0.788870 -0.002227
vn 0.973126 -0.230222 -0.004942
vn -0.567950 -0.822851 0.018654
vn -0.943623 -0.329730 0.029209
vn 0.000000 -1.000000 -0.000000
vn 0.000000 -1.000000 -0.000000
vn 0.000000 -1.000000 -0.000001
vn 0.000000 -1.000000 -0.000001
vn 0.000000 -1.000000 -0.000001
vn 0.000000 -1.000000 0.000000
vn 0.000000 -1.000000 -0.000000
vn 0.000000 -1.000000 -0.000001
vn 0.000000 -1.000000 0.000000
vn 0.000000 -1.000000 0.000000
vn 0.000000 -1.000000 0.000001
vn 0.000000 -1.000000 0.000001
vn 0.000000 -1.000000 -0.000000
vn 0.000000 -1.000000 -0.000000
vn 0.000000 -1.000000 -0.000001
vn 0.000000 -1.000000 -0.000001
vn 0.000000 -1.000000 -0.000001
vn 0.000000 -1.000000 -0.000001
vn 0.000000 -1.000000 -0.000001
vn 0.000000 -1.000000 -0.000000
vn 0.000000 -1.000000 -0.000001
vn 0.000000 -1.000000 -0.000001
vn 0.000000 -1.000000 0.000000
vn 0.000000 -1.000000 0.000002
vn 0.000000 -1.000000 0.000002
vn 0.000000 -1.000000 0.000001
vn 0.000000 -1.000000 0.000000
vn 0.594683 -0.803958 0.001921
vn 0.962907 -0.269832 0.001112
vn -0.541377 -0.840532 0.020411
vn -0.922654 -0.384166 0.033562
vn 0.000000 -1.000000 0.000000
vn 0.000000 -1.000000 -0.000000
vn 0.000000 -1.000000 -0.000000
vn 0.000000 -1.000000 0.000000
vn 0.000000 -1.000000 0.000001
vn 0.000000 -1.000000 0.000000
vn 0.000000 -1.000000 -0.000000
vn 0.000000 -1.000000 0.000000
vn 0.000000 -1.000000 0.000000
vn 0.000000 -1.000000 -0.000000
vn 0.000000 -1.000000 -0.000000
vn 0.000000 -1.000000 -0.000001
vn 0.000000 -1.000000 -0.000001
vn 0.000000 -1.000000 0.000000
vn 0.000000 -1.000000 -0.000001
vn 0.000000 -1.000000 -0.000001
vn 0.000000 -1.000000 -0.000001
vn 0.000000 -1.000000 -0.000001
vn 0.000000 -1.000000 -0.000002
vn 0.000000 -1.000000 -0.000001
vn 0.000000 -1.000000 0.000000
vn 0.000000 -1.000000 0.000000
vn 0.000000 -1.000000 0.000001
vn 0.000000 -1.000000 0.000002
vn 0.000000 -1.000000 0.000002
vn 0.000000 -1.000000 0.000001
vn 0.000000 -1.000000 -0.000001
vn 0.568376 -0.822752 0.005312
vn 0.946110 -0.323765 0.007194
vn -0.511116 -0.859268 0.020485
vn -0.893906 -0.446845 0.035507
vn 0.000000 -1.000000 0.000000
vn 0.000000 -1.000000 0.000001
vn 0.000000 -1.000000 -0.000000
vn 0.000000 -1.000000 -0.000000
vn 0.000000 -1.000000 0.000001
vn 0.000000 -1.000000 0.000001
vn 0.000000 -1.000000 0.000001
vn 0.000000 -1.000000 0.000001
vn 0.000000 -1.000000 -0.000001
vn 0.000000 -1.000000 -0.000002
vn 0.000000 -1.000000 -0.000001
vn 0.000000 -1.000000 -0.000001
vn 0.000000 -1.000000 -0.000001
vn 0.000000 -1.000000 0.000001
vn 0.000000 -1.000000 0.000002
vn 0.000000 -1.000000 -0.000000
vn 0.000000 -1.000000 -0.000001
vn 0.000000 -1.000000 -0.000001
vn 0.000000 -1.000000 -0.000000
vn 0.000000 -1.000000 -0.000000
vn 0.000000 -1.000000 0.000000
vn 0.000000 -1.000000 0.000001
vn 0.000000 -1.000000 -0.000000
vn 0.000000 -1.000000 -0.000001
vn 0.000000 -1.000000 0.000000
vn 0.000000 -1.000000 -0.000000
vn 0.000000 -1.000000 -0.000001
vn 0.537157 -0.843452 0.007084
vn 0.920940 -0.389541 0.011283
vn -0.478006 -0.878127 0.020100
vn -0.858376 -0.511822 0.035063
vn 0.000000 -1.000000 -0.000000
vn 0.000000 -1.000000 0.000001
vn 0.000000 -1.000000 0.000000
vn 0.000000 -1.000000 -0.000000
vn 0.000000 -1.000000 0.000001
vn 0.000000 -1.000000 0.000001
vn 0.000000 -1.000000 -0.000000
vn 0.000000 -1.000000 0.000000
vn 0.000000 -1.000000 -0.000000
vn 0.000000 -1.000000 -0.000001
vn 0.000000 -1.000000 0.000000
vn 0.000000 -1.000000 0.000000
vn 0.000000 -1.000000 -0.000000
vn 0.000000 -1.000000 0.000001
vn 0.000000 -1.000000 0.000002
vn 0.000000 -1.000000 -0.000000
vn 0.000000 -1.000000 -0.000002
vn 0.000000 -1.000000 -0.000001
vn 0.000000 -1.000000 -0.000000
vn 0.000000 -1.000000 -0.000001
vn 0.000000 -1.000000 -0.000001
vn 0.000000 -1.000000 0.000001
vn 0.000000 -1.000000 0.000001
vn 0.000000 -1.000000 -0.000001
vn 0.000000 -1.000000 -0.000000
vn 0.000000 -1.000000 0.000000
vn 0.000000 -1.000000 -0.000000
vn 0.502807 -0.864365 0.007625
vn 0.887479 -0.460665 0.012977
vn -0.440939 -0.897292 0.020983
vn -0.815520 -0.577606 0.036039
vn 0.000000 -1.000000 -0.000000
vn 0.000000 -1.000000 0.000001
vn 0.000000 -1.000000 0.000001
vn 0.000000 -1.000000 0.000000
vn 0.000000 -1.000000 -0.000000
vn 0.000000 -1.000000 -0.000001
vn 0.000000 -1.000000 -0.000002
vn 0.000000 -1.000000 -0.000001
vn 0.000000 -1.000000 0.000001
vn 0.000000 -1.000000 0.000001
vn 0.000000 -1.000000 -0.000000
vn 0.000000 -1.000000 0.000000
vn 0.000000 -1.000000 0.000000
vn 0.000000 -1.000000 -0.000001
vn 0.000000 -1.000000 -0.000000
vn 0.000000 -1.000000 -0.000000
vn 0.000000 -1.000000 -0.000000
vn 0.000000 -1.000000 -0.000001
vn 0.000000 -1.000000 0.000000
vn 0.000000 -1.000000 -0.000000
vn 0.000000 -1.000000 -0.000001
vn 0.000000 -1.000000 0.000000
vn 0.000000 -1.000000 0.000001
vn 0.000000 -1.000000 -0.000000
vn 0.000000 -1.000000 -0.000000
vn 0.000000 -1.000000 0.000001
vn 0.000000 -1.000000 0.000001
vn 0.465221 -0.885153 0.008528
vn 0.846396 -0.532377 0.013768
vn -0.397884 -0.917144 0.023143
vn -0.761660 -0.646739 0.040032
vn 0.000000 -1.000000 -0.000000
vn 0.000000 -1.000000 -0.000000
vn 0.000000 -1.000000 0.000001
vn 0.000000 -1.000000 0.000000
vn 0.000000 -1.000000 -0.000001
vn 0.000000 -1.000000 -0.000000
vn 0.000000 -1.000000 0.000001
vn 0.000000 -1.000000 -0.000001
vn 0.000000 -1.000000 -0.000001
vn 0.000000 -1.000000 0.000000
vn 0.000000 -1.000000 -0.000001
vn 0.000000 -1.000000 -0.000001
vn 0.000000 -1.000000 0.000000
vn 0.000000 -1.000000 -0.000001
vn 0.000000 -1.000000 -0.000002
vn 0.000000 -1.000000 -0.000002
vn 0.000000 -1.000000 -0.000000
vn 0.000000 -1.000000 -0.000000
vn 0.000000 -1.000000 -0.000000
vn 0.000000 -1.000000 0.000001
vn 0.000000 -1.000000 0.000001
vn 0.000000 -1.000000 -0.000000
vn 0.000000 -1.000000 0.000000
vn 0.000000 -1.000000 0.000000
vn 0.000000 -1.000000 -0.000000
vn 0.000000 -1.000000 -0.000001
vn 0.000000 -1.000000 0.000000
vn 0.422600 -0.906250 0.011002
vn 0.795773 -0.605352 0.017148
vn -0.347536 -0.937311 0.025841
vn -0.692372 -0.720094 0.045661
vn 0.000000 -1.000000 -0.000002
vn 0.000000 -1.000000 -0.000001
vn 0.000000 -1.000000 0.000001
vn 0.000000 -1.000000 0.000001
vn 0.000000 -1.000000 -0.000000
vn 0.000000 -1.000000 -0.000001
vn 0.000000 -1.000000 0.000000
vn 0.000000 -1.000000 -0.000001
vn 0.000000 -1.000000 -0.000001
vn 0.000000 -1.000000 0.000001
vn 0.000000 -1.000000 0.000000
vn 0.000000 -1.000000 -0.000001
vn 0.000000 -1.000000 0.000001
vn 0.000000 -1.000000 0.000001
vn 0.000000 -1.000000 0.000000
vn 0.000000 -1.000000 -0.000001
vn 0.000000 -1.000000 -0.000000
vn 0.000000 -1.000000 0.000001
vn 0.000000 -1.000000 0.000000
vn 0.000000 -1.000000 -0.000000
vn 0.000000 -1.000000 0.000000
vn 0.000000 -1.000000 0.000001
vn 0.000000 -1.000000 0.000001
vn 0.000000 -1.000000 0.000000
vn 0.000000 -1.000000 0.000001
vn 0.000000 -1.000000 0.000000
vn 0.000000 -1.000000 -0.000000
vn 0.372943 -0.927736 0.014790
vn 0.730941 -0.682031 0.023645
vn -0.289293 -0.956803 0.028933
vn -0.604431 -0.794959 0.051994
vn 0.000000 -1.000000 -0.000001
vn 0.000000 -1.000000 0.000000
vn 0.000000 -1.000000 0.000000
vn 0.000000 -1.000000 -0.000000
vn 0.000000 -1.000000 0.000000
vn 0.000000 -1.000000 -0.000000
vn 0.000000 -1.000000 -0.000000
vn 0.000000 -1.000000 0.000000
vn 0.000000 -1.000000 -0.000000
vn 0.000000 -1.000000 0.000000
vn 0.000000 -1.000000 0.000001
vn 0.000000 -1.000000 0.000000
vn 0.000000 -1.000000 -0.000001
vn 0.000000 -1.000000 0.000000
vn 0.000000 -1.000000 0.000001
vn 0.000000 -1.000000 0.000002
vn 0.000000 -1.000000 0.000002
vn 0.000000 -1.000000 0.000001
vn 0.000000 -1.000000 0.000001
vn 0.000000 -1.000000 0.000001
vn 0.000000 -1.000000 -0.000001
vn 0.000000 -1.000000 -0.000001
vn 0.000000 -1.000000 0.000000
vn 0.000000 -1.000000 -0.000001
vn 0.000000 -1.000000 0.000000
vn 0.000000 -1.000000 0.000001
vn 0.000000 -1.000000 -0.000000
vn 0.315111 -0.948853 0.019584
vn 0.647467 -0.761412 0.032217
vn -0.222645 -0.974352 0.032682
vn -0.495774 -0.866409 0.059530
vn 0.000000 -1.000000 0.000001
vn 0.000000 -1.000000 0.000000
vn 0.000000 -1.000000 0.000000
vn 0.000000 -1.000000 -0.000001
vn 0.000000 -1.000000 -0.000001
vn 0.000000 -1.000000 0.000001
vn 0.000000 -1.000000 0.000001
vn 0.000000 -1.000000 0.000001
vn 0.000000 -1.000000 -0.000000
vn 0.000000 -1.000000 -0.000000
vn 0.000000 -1.000000 0.000001
vn 0.000000 -1.000000 0.000000
vn 0.000000 -1.000000 -0.000000
vn 0.000000 -1.000000 -0.000000
vn 0.000000 -1.000000 -0.000000
vn 0.000000 -1.000000 0.000001
vn 0.000000 -1.000000 0.000001
vn 0.000000 -1.000000 0.000000
vn 0.000000 -1.000000 -0.000000
vn 0.000000 -1.000000 0.000001
vn 0.000000 -1.000000 0.000001
vn 0.000000 -1.000000 0.000001
vn 0.000000 -1.000000 0.000000
vn 0.000000 -1.000000 0.000000
vn 0.000000 -1.000000 0.000000
vn 0.000000 -1.000000 0.000000
vn 0.000000 -1.000000 -0.000001
vn 0.248162 -0.968376 0.025765
vn 0.542457 -0.838972 0.043200
vn -0.150916 -0.987975 0.033612
vn -0.364385 -0.928738 0.068335
vn 0.000000 -1.000000 0.000000
vn 0.000000 -1.000000 -0.000001
vn 0.000000 -1.000000 -0.000001
vn 0.000000 -1.000000 0.000000
vn 0.000000 -1.000000 0.000001
vn 0.000000 -1.000000 0.000002
vn 0.000000 -1.000000 0.000000
vn 0.000000 -1.000000 -0.000000
vn 0.000000 -1.000000 -0.000000
vn 0.000000 -1.000000 0.000000
vn 0.000000 -1.000000 0.000001
vn 0.000000 -1.000000 0.000001
vn 0.000000 -1.000000 0.000001
vn 0.000000 -1.000000 -0.000001
vn 0.000000 -1.000000 -0.000001
vn 0.000000 -1.000000 -0.000001
vn 0.000000 -1.000000 -0.000001
vn 0.000000 -1.000000 -0.000001
vn 0.000000 -1.000000 -0.000001
vn 0.000000 -1.000000 -0.000001
vn 0.000000 -1.000000 0.000001
vn 0.000000 -1.000000 0.000001
vn 0.000000 -1.000000 0.000000
vn 0.000000 -1.000000 0.000001
vn 0.000000 -1.000000 -0.000000
vn 0.000000 -1.000000 -0.000002
vn 0.000000 -1.000000 0.000000
vn 0.174209 -0.984243 0.030290
vn 0.412383 -0.909189 0.057570
vn -0.087734 -0.995804 0.026021
vn -0.223371 -0.972668 0.063430
vn 0.000000 -1.000000 0.000000
vn 0.000000 -1.000000 0.000000
vn 0.000000 -1.000000 -0.000000
vn 0.000000 -1.000000 0.000000
vn 0.000000 -1.000000 0.000001
vn 0.000000 -1.000000 0.000000
vn 0.000000 -1.000000 -0.000001
vn 0.000000 -1.000000 -0.000001
vn 0.000000 -1.000000 -0.000000
vn 0.000000 -1.000000 0.000000
vn 0.000000 -1.000000 0.000000
vn 0.000000 -1.000000 0.000000
vn 0.000000 -1.000000 0.000000
vn 0.000000 -1.000000 0.000000
vn 0.000000 -1.000000 -0.000001
vn 0.000000 -1.000000 -0.000001
vn 0.000000 -1.000000 -0.000001
vn 0.000000 -1.000000 -0.000001
vn 0.000000 -1.000000 -0.000001
vn 0.000000 -1.000000 -0.000000
vn 0.000000 -1.000000 0.000000
vn 0.000000 -1.000000 0.000001
vn 0.000000 -1.000000 0.000001
vn 0.000000 -1.000000 0.000001
vn 0.000000 -1.000000 -0.000000
vn 0.000000 -1.000000 -0.000000
vn 0.000000 -1.000000 0.000000
vn 0.104900 -0.994115 0.027029
vn 0.266042 -0.961993 0.061578
vn -0.036680 -0.999026 -0.024518
vn -0.128842 -0.990851 -0.040181
vn 0.023869 -0.997239 -0.070320
vn 0.032939 -0.991394 -0.126703
vn 0.030955 -0.980783 -0.192628
vn 0.025519 -0.966796 -0.254272
vn 0.020588 -0.951033 -0.308403
vn 0.016225 -0.934447 -0.355733
vn 0.012424 -0.917839 -0.396758
vn 0.009117 -0.901867 -0.431918
vn 0.006182 -0.887055 -0.461623
vn 0.003443 -0.873888 -0.486116
vn 0.000787 -0.862853 -0.505454
vn -0.001799 -0.854438 -0.519550
vn -0.004435 -0.849061 -0.528276
vn -0.007102 -0.846975 -0.531586
vn -0.009642 -0.848384 -0.529293
vn -0.012005 -0.853086 -0.521632
vn -0.014267 -0.860901 -0.508572
vn -0.016462 -0.871421 -0.490259
vn -0.018599 -0.884170 -0.466795
vn -0.020779 -0.898688 -0.438095
vn -0.023132 -0.914497 -0.403932
vn -0.025755 -0.931053 -0.363975
vn -0.028753 -0.947715 -0.317820
vn -0.032018 -0.963716 -0.265004
vn -0.035460 -0.978127 -0.204962
vn -0.035799 -0.989425 -0.140555
vn -0.026301 -0.996069 -0.084586
vn 0.040548 -0.998745 -0.029398
vn 0.126156 -0.991476 -0.032551
vn -0.056624 -0.992909 -0.104522
vn -0.135440 -0.984347 -0.112773
vn 0.061584 -0.981734 -0.180018
vn 0.066901 -0.947627 -0.312295
vn 0.055450 -0.898055 -0.436375
vn 0.044524 -0.840134 -0.540549
vn 0.035055 -0.778293 -0.626922
vn 0.026838 -0.716036 -0.697547
vn 0.020010 -0.656184 -0.754336
vn 0.014124 -0.600754 -0.799309
vn 0.009102 -0.551254 -0.834288
vn 0.004376 -0.509009 -0.860750
vn 0.000040 -0.475316 -0.879815
vn -0.004096 -0.450989 -0.892520
vn -0.008180 -0.436318 -0.899756
vn -0.012098 -0.431099 -0.902224
vn -0.015894 -0.434598 -0.900484
vn -0.019648 -0.447274 -0.894181
vn -0.023451 -0.469478 -0.882633
vn -0.027378 -0.501198 -0.864899
vn -0.031410 -0.541633 -0.840028
vn -0.035611 -0.589659 -0.806867
vn -0.040257 -0.644069 -0.763907
vn -0.045502 -0.703333 -0.709403
vn -0.051561 -0.765388 -0.641500
vn -0.058563 -0.827682 -0.558134
vn -0.065952 -0.886810 -0.457403
vn -0.073471 -0.938390 -0.337678
vn -0.066398 -0.975518 -0.209658
vn 0.038804 -0.992752 -0.113744
vn 0.106456 -0.988752 -0.105060
vn -0.108706 0.843567 -0.525906
vn 0.070764 0.147441 -0.986536
vn -0.175073 0.492026 -0.852795
vn -0.497917 0.827702 -0.258822
vn 0.078276 0.105139 -0.991372
vn 0.038245 0.418547 -0.907390
vn -0.022843 0.454395 -0.890507
vn -0.012874 0.460658 -0.887484
vn -0.058101 0.557004 -0.828475
vn -0.036382 0.483736 -0.874458
vn -0.043680 0.556608 -0.829626
vn -0.028200 0.481057 -0.876235
vn -0.025638 0.538319 -0.842351
vn -0.014961 0.468492 -0.883341
vn -0.012443 0.521883 -0.852927
vn -0.005123 0.453822 -0.891077
vn -0.004432 0.506933 -0.861974
vn 0.001338 0.441726 -0.897149
vn 0.001373 0.494401 -0.869233
vn 0.004982 0.432622 -0.901561
vn 0.004249 0.486629 -0.873598
vn 0.006880 0.425130 -0.905106
vn 0.004504 0.481864 -0.876234
vn 0.005587 0.418985 -0.907976
vn 0.001646 0.475844 -0.879528
vn 0.001543 0.411226 -0.911532
vn -0.002321 0.466696 -0.884415
vn -0.003283 0.402303 -0.915501
vn -0.006939 0.457864 -0.888995
vn -0.007917 0.393789 -0.919167
vn -0.011848 0.453476 -0.891190
vn -0.012304 0.389740 -0.920843
vn -0.016727 0.455294 -0.890184
vn -0.016647 0.392884 -0.919437
vn -0.021009 0.462878 -0.886173
vn -0.020803 0.400400 -0.916104
vn -0.024968 0.472749 -0.880843
vn -0.025324 0.409877 -0.911789
vn -0.027787 0.480674 -0.876459
vn -0.029354 0.418430 -0.907775
vn -0.028382 0.487050 -0.872913
vn -0.031166 0.425929 -0.904220
vn -0.026409 0.494859 -0.868572
vn -0.030476 0.433980 -0.900407
vn -0.021547 0.505841 -0.862358
vn -0.027230 0.443760 -0.895732
vn -0.014206 0.518751 -0.854807
vn -0.021673 0.456031 -0.889700
vn -0.002005 0.533416 -0.845851
vn -0.012069 0.470396 -0.882373
vn 0.016822 0.553371 -0.832765
vn 0.002765 0.485665 -0.874141
vn 0.037225 0.568615 -0.821761
vn 0.014073 0.491170 -0.870950
vn 0.004618 0.484156 -0.874970
vn -0.015798 0.458894 -0.888350
vn -0.117417 0.103785 -0.987645
vn -0.067786 0.418748 -0.905569
vn -0.092379 0.171451 -0.980852
vn 0.175835 0.506665 -0.844022
vn 0.142118 0.725143 -0.673773
vn 0.527761 0.808393 -0.260709
vn 0.092743 0.430482 -0.897822
vn -0.500183 0.826962 -0.256809
vn 0.036245 0.368215 -0.929034
vn -0.024815 0.408871 -0.912255
vn -0.029521 0.423758 -0.905294
vn -0.017282 0.416220 -0.909100
vn -0.005834 0.402081 -0.915586
vn 0.001285 0.391007 -0.920387
vn 0.005392 0.381934 -0.924174
vn 0.008389 0.372600 -0.927954
vn 0.008786 0.365635 -0.930717
vn 0.005031 0.359438 -0.933155
vn -0.000018 0.353329 -0.935499
vn -0.005026 0.347574 -0.937639
vn -0.008990 0.343738 -0.939022
vn -0.012629 0.342751 -0.939341
vn -0.016224 0.344255 -0.938736
vn -0.019896 0.348210 -0.937205
vn -0.024165 0.354067 -0.934908
vn -0.029178 0.360655 -0.932243
vn -0.032937 0.367275 -0.929529
vn -0.033688 0.374854 -0.926472
vn -0.031977 0.384227 -0.922685
vn -0.027766 0.395160 -0.918192
vn -0.021579 0.408137 -0.912666
vn -0.009732 0.423802 -0.905703
vn 0.006680 0.438265 -0.898821
vn 0.005431 0.424016 -0.905638
vn -0.073328 0.347840 -0.934682
vn -0.131900 0.407574 -0.903596
vn 0.529774 0.808060 -0.257640
vn -0.553487 0.640090 -0.532857
vn -0.529595 0.653423 -0.540894
vn -0.395678 0.835567 -0.381140
vn -0.559331 0.650175 -0.514219
vn -0.116820 0.781699 -0.612618
vn -0.214220 0.808734 -0.547777
vn -0.054603 0.690256 -0.721502
vn -0.133211 0.765432 -0.629578
vn -0.067491 0.655299 -0.752348
vn -0.101245 0.736575 -0.668735
vn -0.066415 0.647836 -0.758879
vn -0.083089 0.719327 -0.689684
vn -0.054131 0.640195 -0.766303
vn -0.067526 0.706616 -0.704368
vn -0.040365 0.629568 -0.775896
vn -0.053128 0.694825 -0.717214
vn -0.028323 0.617687 -0.785914
vn -0.041279 0.683533 -0.728751
vn -0.019895 0.606175 -0.795082
vn -0.031111 0.673157 -0.738845
vn -0.012759 0.595659 -0.803136
vn -0.023797 0.663257 -0.748013
vn -0.009532 0.585604 -0.810541
vn -0.020140 0.654256 -0.756005
vn -0.010170 0.576701 -0.816892
vn -0.018671 0.647364 -0.761952
vn -0.011699 0.569664 -0.821794
vn -0.017431 0.643792 -0.765002
vn -0.012259 0.564836 -0.825112
vn -0.014824 0.644900 -0.764123
vn -0.011298 0.562871 -0.826468
vn -0.010532 0.648815 -0.760874
vn -0.010262 0.564527 -0.825351
vn -0.006199 0.645987 -0.763323
vn -0.010229 0.569144 -0.822174
vn -0.003416 0.644196 -0.764853
vn -0.011561 0.575759 -0.817537
vn -0.001965 0.647278 -0.762252
vn -0.012166 0.584116 -0.811579
vn -0.000503 0.653711 -0.756744
vn -0.009580 0.593859 -0.804512
vn 0.003000 0.662239 -0.749287
vn -0.003766 0.604648 -0.796484
vn 0.009594 0.671934 -0.740549
vn 0.004694 0.616177 -0.787594
vn 0.018847 0.682476 -0.730665
vn 0.015722 0.628329 -0.777789
vn 0.030640 0.693689 -0.719622
vn 0.030661 0.639980 -0.767779
vn 0.044563 0.705035 -0.707771
vn 0.044795 0.647291 -0.760926
vn 0.059506 0.716634 -0.694906
vn 0.040769 0.649091 -0.759617
vn 0.075406 0.732982 -0.676056
vn 0.012619 0.680064 -0.733044
vn 0.106260 0.762882 -0.637746
vn 0.102565 0.771803 -0.627535
vn 0.192180 0.805868 -0.560039
vn 0.536764 0.629038 -0.562313
vn 0.401755 0.823954 -0.399615
vn 0.560847 0.614847 -0.554449
vn 0.566744 0.624107 -0.537859
vn -0.564498 0.803232 -0.190159
vn -0.622435 0.775563 -0.105246
vn -0.360678 0.870142 -0.335803
vn -0.234018 0.868010 -0.437943
vn -0.168440 0.848595 -0.501513
vn -0.131324 0.830625 -0.541124
vn -0.106449 0.816239 -0.567823
vn -0.086850 0.804356 -0.587766
vn -0.070434 0.793889 -0.603969
vn -0.056651 0.784289 -0.617804
vn -0.045865 0.775496 -0.629685
vn -0.037926 0.767971 -0.639361
vn -0.031641 0.762459 -0.646262
vn -0.025407 0.759829 -0.649627
vn -0.017943 0.761587 -0.647814
vn -0.008985 0.765232 -0.643692
vn -0.000207 0.762208 -0.647332
vn 0.007253 0.760238 -0.649604
vn 0.013465 0.762479 -0.646873
vn 0.019660 0.767819 -0.640365
vn 0.027452 0.775065 -0.631285
vn 0.037824 0.783581 -0.620137
vn 0.050935 0.792970 -0.607127
vn 0.066613 0.803161 -0.592027
vn 0.085412 0.814535 -0.573792
vn 0.109220 0.828461 -0.549293
vn 0.146433 0.846596 -0.511695
vn 0.215314 0.867182 -0.449039
vn 0.349019 0.871954 -0.343339
vn 0.568410 0.797023 -0.204117
vn 0.641410 0.757244 -0.123185
vn -0.644683 0.757190 -0.105101
vn -0.732843 0.679865 -0.026919
vn -0.460924 0.864178 -0.201855
vn -0.324114 0.900325 -0.290456
vn -0.237886 0.902343 -0.359427
vn -0.183689 0.893628 -0.409497
vn -0.147061 0.883292 -0.445161
vn -0.119885 0.873721 -0.471422
vn -0.098268 0.865172 -0.491753
vn -0.080510 0.857495 -0.508154
vn -0.065825 0.850708 -0.521500
vn -0.053563 0.845075 -0.531958
vn -0.042667 0.840998 -0.539354
vn -0.031883 0.839008 -0.543184
vn -0.020275 0.840178 -0.541932
vn -0.007623 0.843254 -0.537461
vn 0.004786 0.840423 -0.541909
vn 0.016169 0.839122 -0.543703
vn 0.026881 0.840879 -0.540555
vn 0.037600 0.844796 -0.533765
vn 0.049643 0.850280 -0.523984
vn 0.063861 0.856930 -0.511461
vn 0.080939 0.864458 -0.496146
vn 0.101651 0.872906 -0.477181
vn 0.128032 0.882536 -0.452479
vn 0.164674 0.893322 -0.418161
vn 0.221308 0.902884 -0.368543
vn 0.313994 0.901291 -0.298466
vn 0.459880 0.862830 -0.209843
vn 0.644425 0.755856 -0.115749
vn 0.742887 0.668005 -0.043450
vn -0.678425 0.731222 -0.071086
vn -0.762476 0.645684 -0.041496
vn -0.520832 0.843332 -0.132383
vn -0.391254 0.898480 -0.199133
vn -0.298764 0.918334 -0.259620
vn -0.233488 0.921884 -0.309215
vn -0.186747 0.918825 -0.347687
vn -0.151797 0.913658 -0.377076
vn -0.124461 0.908104 -0.399821
vn -0.102196 0.902812 -0.417715
vn -0.083450 0.898077 -0.431850
vn -0.067102 0.894151 -0.442710
vn -0.052108 0.891292 -0.450425
vn -0.037447 0.889829 -0.454755
vn -0.022407 0.890631 -0.454175
vn -0.006627 0.893116 -0.449777
vn 0.009001 0.890816 -0.454274
vn 0.023781 0.889787 -0.455755
vn 0.038302 0.891151 -0.452087
vn 0.053088 0.893942 -0.445027
vn 0.069168 0.897807 -0.434923
vn 0.087411 0.902536 -0.421650
vn 0.108996 0.907926 -0.404710
vn 0.135679 0.913754 -0.382943
vn 0.170494 0.919458 -0.354299
vn 0.218712 0.923224 -0.315947
vn 0.288073 0.920037 -0.265606
vn 0.387440 0.898945 -0.204419
vn 0.522191 0.841361 -0.139388
vn 0.679666 0.728935 -0.081900
vn 0.761277 0.645874 -0.057476
vn -0.693834 0.718206 -0.052673
vn -0.763201 0.644955 -0.039451
vn -0.555981 0.825719 -0.095251
vn -0.437826 0.887465 -0.143924
vn -0.346524 0.918116 -0.192310
vn -0.276517 0.931619 -0.235847
vn -0.222988 0.936019 -0.272295
vn -0.181645 0.935938 -0.301704
vn -0.148899 0.933893 -0.325075
vn -0.122100 0.931150 -0.343587
vn -0.099332 0.928377 -0.358119
vn -0.079189 0.925953 -0.369242
vn -0.060550 0.924141 -0.377224
vn -0.042512 0.923193 -0.381979
vn -0.024445 0.923788 -0.382124
vn -0.005859 0.925859 -0.377824
vn 0.012633 0.923960 -0.382280
vn 0.030537 0.923159 -0.383203
vn 0.048425 0.924055 -0.379179
vn 0.066875 0.925878 -0.371856
vn 0.086743 0.928376 -0.361378
vn 0.109121 0.931305 -0.347511
vn 0.135475 0.934347 -0.329608
vn 0.168073 0.936868 -0.306642
vn 0.210179 0.937540 -0.277206
vn 0.266225 0.933519 -0.240138
vn 0.340736 0.919560 -0.195726
vn 0.437364 0.887141 -0.147289
vn 0.558094 0.823630 -0.100824
vn 0.694526 0.716664 -0.063451
vn 0.760793 0.646754 -0.053890
vn -0.703324 0.709912 -0.036894
vn -0.764955 0.643516 -0.027025
vn -0.578022 0.812997 -0.070187
vn -0.469854 0.876181 -0.107443
vn -0.382481 0.912381 -0.145841
vn -0.311455 0.932604 -0.182332
vn -0.254333 0.942983 -0.214703
vn -0.208483 0.947575 -0.242148
vn -0.171298 0.948971 -0.264783
vn -0.140407 0.948763 -0.283079
vn -0.113896 0.947873 -0.297598
vn -0.090262 0.946841 -0.308779
vn -0.068339 0.945992 -0.316907
vn -0.047263 0.945568 -0.321973
vn -0.026420 0.946135 -0.322692
vn -0.005216 0.947892 -0.318551
vn 0.015922 0.946306 -0.322881
vn 0.036678 0.945604 -0.323245
vn 0.057668 0.946030 -0.318905
vn 0.079500 0.946950 -0.311392
vn 0.102981 0.948127 -0.300750
vn 0.129313 0.949268 -0.286651
vn 0.160147 0.949848 -0.268591
vn 0.197748 0.948910 -0.245900
vn 0.245058 0.944675 -0.218027
vn 0.305081 0.934182 -0.185012
vn 0.380248 0.912960 -0.148037
vn 0.471464 0.874993 -0.110040
vn 0.580435 0.810832 -0.075142
vn 0.702729 0.709926 -0.046657
vn 0.763143 0.645005 -0.039766
vn -0.710323 0.703586 -0.020195
vn -0.768979 0.639149 -0.012623
vn -0.594094 0.802941 -0.048353
vn -0.493412 0.866126 -0.079812
vn -0.409787 0.905312 -0.111738
vn -0.339353 0.929813 -0.142431
vn -0.280610 0.944552 -0.170526
vn -0.231930 0.952940 -0.195229
vn -0.191395 0.957395 -0.216246
vn -0.157092 0.959545 -0.233657
vn -0.127275 0.960442 -0.247695
vn -0.100491 0.960732 -0.258641
vn -0.075603 0.960806 -0.266712
vn -0.051740 0.960940 -0.271879
vn -0.028313 0.961595 -0.273007
vn -0.004643 0.963124 -0.269019
vn 0.018981 0.961764 -0.273220
vn 0.042382 0.961049 -0.273110
vn 0.066257 0.960966 -0.268616
vn 0.091186 0.960998 -0.261091
vn 0.118017 0.960879 -0.250566
vn 0.147946 0.960231 -0.236788
vn 0.182591 0.958393 -0.219416
vn 0.223997 0.954225 -0.198193
vn 0.274490 0.945883 -0.173090
vn 0.336043 0.930673 -0.144648
vn 0.409958 0.904935 -0.114136
vn 0.496442 0.864068 -0.083253
vn 0.597249 0.800256 -0.053700
vn 0.709950 0.703702 -0.027833
vn 0.766397 0.641909 -0.024272
vn -0.716671 0.697412 0.000013
vn -0.772576 0.634908 0.004220
vn -0.608675 0.792936 -0.027684
vn -0.512767 0.856613 -0.057303
vn -0.431546 0.898031 -0.085491
vn -0.361874 0.925483 -0.111933
vn -0.302461 0.943371 -0.136265
vn -0.252012 0.954729 -0.158058
vn -0.209065 0.961746 -0.177021
vn -0.172036 0.965989 -0.193051
vn -0.139412 0.968528 -0.206199
vn -0.109859 0.970063 -0.216585
vn -0.082311 0.971029 -0.224337
vn -0.055894 0.971725 -0.229403
vn -0.030116 0.972541 -0.230775
vn -0.004099 0.973901 -0.226935
vn 0.021861 0.972706 -0.231009
vn 0.047690 0.971884 -0.230579
vn 0.074212 0.971268 -0.226120
vn 0.101948 0.970415 -0.218863
vn 0.131754 0.969032 -0.208847
vn 0.164769 0.966679 -0.195918
vn 0.202463 0.962618 -0.179929
vn 0.246570 0.955683 -0.160850
vn 0.298853 0.944124 -0.138982
vn 0.360756 0.925555 -0.114902
vn 0.433174 0.896871 -0.089352
vn 0.516693 0.853862 -0.062833
vn 0.613165 0.789172 -0.035160
vn 0.718994 0.694974 -0.007711
vn 0.771145 0.636650 -0.003516
vn -0.726082 0.687352 0.018740
vn -0.777076 0.628836 0.026791
vn -0.624060 0.781295 -0.011306
vn -0.530059 0.847017 -0.039994
vn -0.449720 0.890774 -0.065381
vn -0.380397 0.920589 -0.088394
vn -0.320584 0.940883 -0.109384
vn -0.268986 0.954558 -0.128319
vn -0.224294 0.963669 -0.145029
vn -0.185143 0.969701 -0.159383
vn -0.150197 0.973698 -0.171327
vn -0.118267 0.976368 -0.180881
vn -0.088364 0.978170 -0.188081
vn -0.059702 0.979400 -0.192903
vn -0.031742 0.980428 -0.194304
vn -0.003573 0.981656 -0.190628
vn 0.024527 0.980580 -0.194581
vn 0.052584 0.979587 -0.194022
vn 0.081455 0.978439 -0.189795
vn 0.111665 0.976737 -0.183074
vn 0.144020 0.974173 -0.173912
vn 0.179561 0.970273 -0.162258
vn 0.219582 0.964286 -0.148109
vn 0.265534 0.955077 -0.131604
vn 0.318793 0.941058 -0.113053
vn 0.380622 0.920050 -0.092922
vn 0.452008 0.889138 -0.071565
vn 0.534205 0.843951 -0.048709
vn 0.629393 0.776742 -0.023147
vn 0.732252 0.681012 0.005440
vn 0.780398 0.625034 0.017627
vn -0.740487 0.671513 0.027353
vn -0.786560 0.616044 0.042572
vn -0.639698 0.768621 -0.002780
vn -0.545403 0.837687 -0.028581
vn -0.465006 0.883861 -0.050592
vn -0.395649 0.915713 -0.070226
vn -0.335508 0.937914 -0.088049
vn -0.283121 0.953407 -0.104199
vn -0.237167 0.964202 -0.118601
vn -0.196377 0.971721 -0.131130
vn -0.159552 0.976970 -0.141680
vn -0.125625 0.980640 -0.150211
vn -0.093697 0.983189 -0.156720
vn -0.063074 0.984919 -0.161106
vn -0.033137 0.986162 -0.162440
vn -0.003071 0.987288 -0.158909
vn 0.026933 0.986296 -0.162775
vn 0.056987 0.985107 -0.162224
vn 0.087894 0.983453 -0.158413
vn 0.120221 0.980976 -0.152423
vn 0.154682 0.977362 -0.144354
vn 0.192215 0.972129 -0.134234
vn 0.233935 0.964547 -0.122161
vn 0.281083 0.953548 -0.108346
vn 0.334890 0.937648 -0.093081
vn 0.396505 0.914823 -0.076691
vn 0.467258 0.882130 -0.059309
vn 0.548950 0.834869 -0.040585
vn 0.644263 0.764558 -0.019417
vn 0.747724 0.663986 0.005708
vn 0.793064 0.608705 0.022991
vn -0.755345 0.654889 0.023966
vn -0.799449 0.599261 0.042049
vn -0.653004 0.757353 -0.001179
vn -0.557987 0.829558 -0.022000
vn -0.477368 0.877795 -0.039945
vn -0.407937 0.911287 -0.056065
vn -0.347584 0.934971 -0.070805
vn -0.294669 0.951876 -0.084272
vn -0.247808 0.964001 -0.096401
vn -0.205770 0.972727 -0.107058
vn -0.167452 0.979017 -0.116126
vn -0.131888 0.983537 -0.123535
vn -0.098272 0.986732 -0.129241
vn -0.065908 0.988908 -0.133104
vn -0.034321 0.990348 -0.134285
vn -0.002593 0.991389 -0.130921
vn 0.029073 0.990462 -0.134688
vn 0.060806 0.989079 -0.134257
vn 0.093488 0.986966 -0.130989
vn 0.127555 0.983816 -0.125844
vn 0.163703 0.979307 -0.118992
vn 0.202755 0.972975 -0.110501
vn 0.245676 0.964126 -0.100518
vn 0.293542 0.951767 -0.089293
vn 0.347562 0.934480 -0.077124
vn 0.408943 0.910299 -0.064198
vn 0.479134 0.876281 -0.050626
vn 0.560295 0.827497 -0.036309
vn 0.655447 0.754960 -0.020613
vn 0.759169 0.650888 -0.002617
vn 0.805129 0.592948 0.013421
vn -0.765430 0.643342 0.015108
vn -0.811232 0.583921 0.030645
vn -0.662395 0.749150 -0.002737
vn -0.567230 0.823359 -0.018161
vn -0.486776 0.872944 -0.031909
vn -0.417460 0.907599 -0.044625
vn -0.357084 0.932365 -0.056442
vn -0.303864 0.950329 -0.067384
vn -0.256368 0.963481 -0.077335
vn -0.213400 0.973159 -0.086156
vn -0.173922 0.980288 -0.093735
vn -0.137065 0.985502 -0.099995
vn -0.101989 0.989250 -0.104801
vn -0.068291 0.991789 -0.108128
vn -0.035251 0.993400 -0.109150
vn -0.002143 0.994374 -0.105906
vn 0.030898 0.993493 -0.109625
vn 0.064088 0.991934 -0.109356
vn 0.098164 0.989439 -0.106648
vn 0.133672 0.985716 -0.102447
vn 0.171127 0.980479 -0.096834
vn 0.211305 0.973271 -0.089961
vn 0.255050 0.963447 -0.081974
vn 0.303324 0.950079 -0.073104
vn 0.357275 0.931827 -0.063658
vn 0.418297 0.906710 -0.053894
vn 0.487901 0.871796 -0.043857
vn 0.568268 0.822158 -0.033583
vn 0.662672 0.748559 -0.022898
vn 0.765354 0.643501 -0.011787
vn 0.813361 0.581759 -0.000315
vn -0.770586 0.637297 0.007021
vn -0.818782 0.573835 0.017602
vn -0.667836 0.744296 -0.004367
vn -0.573357 0.819167 -0.015072
vn -0.493389 0.869445 -0.025161
vn -0.424488 0.904766 -0.034772
vn -0.364276 0.930252 -0.043972
vn -0.310919 0.948980 -0.052596
vn -0.263010 0.962894 -0.060510
vn -0.219373 0.973297 -0.067594
vn -0.179027 0.981077 -0.073736
vn -0.141085 0.986859 -0.078774
vn -0.105000 0.991021 -0.082784
vn -0.070155 0.993857 -0.085597
vn -0.035922 0.995619 -0.086329
vn -0.001727 0.996530 -0.083213
vn 0.032404 0.995691 -0.086883
vn 0.066807 0.993977 -0.086874
vn 0.101980 0.991169 -0.084763
vn 0.138574 0.986997 -0.081449
vn 0.177053 0.981179 -0.077080
vn 0.218034 0.973302 -0.071723
vn 0.262326 0.962749 -0.065570
vn 0.310821 0.948648 -0.058794
vn 0.364555 0.929748 -0.051657
vn 0.424992 0.904104 -0.044478
vn 0.493826 0.868751 -0.037506
vn 0.573329 0.818750 -0.030696
vn 0.666502 0.745112 -0.024135
vn 0.767743 0.640499 -0.018229
vn 0.816967 0.576562 -0.011901
vn -0.771934 0.635700 0.001963
vn -0.821923 0.569545 0.007847
vn -0.670278 0.742096 -0.004494
vn -0.576798 0.816805 -0.011567
vn -0.497659 0.867172 -0.018679
vn -0.429318 0.902785 -0.025773
vn -0.369368 0.928710 -0.032640
vn -0.316026 0.947942 -0.039168
vn -0.267875 0.962391 -0.045230
vn -0.223769 0.973324 -0.050680
vn -0.182758 0.981596 -0.055395
vn -0.144119 0.987775 -0.059422
vn -0.107239 0.992259 -0.062627
vn -0.071434 0.995338 -0.064798
vn -0.036347 0.997203 -0.065305
vn -0.001349 0.998058 -0.062273
vn 0.033597 0.997258 -0.065935
vn 0.068870 0.995426 -0.066213
vn 0.104979 0.992366 -0.064723
vn 0.142345 0.987858 -0.062248
vn 0.181516 0.981615 -0.059030
vn 0.223101 0.973235 -0.055133
vn 0.267728 0.962163 -0.050634
vn 0.316301 0.947555 -0.045742
vn 0.369827 0.928212 -0.040615
vn 0.429618 0.902312 -0.035521
vn 0.497554 0.866888 -0.030739
vn 0.575848 0.817124 -0.026592
vn 0.667830 0.743952 -0.023212
vn 0.767693 0.640481 -0.020790
vn 0.817342 0.575848 -0.018722
vn -0.770850 0.637016 0.000990
vn -0.821948 0.569556 0.002773
vn -0.670444 0.741955 -0.002693
vn -0.578111 0.815926 -0.007210
vn -0.499813 0.866049 -0.012058
vn -0.432078 0.901676 -0.017006
vn -0.372490 0.927778 -0.021904
vn -0.319248 0.947298 -0.026599
vn -0.270981 0.962087 -0.030955
vn -0.226591 0.973365 -0.034893
vn -0.185184 0.981953 -0.038398
vn -0.146065 0.988410 -0.041350
vn -0.108515 0.993135 -0.043678
vn -0.072114 0.996366 -0.045331
vn -0.036446 0.998294 -0.045609
vn -0.001006 0.999090 -0.042632
vn 0.034386 0.998335 -0.046315
vn 0.070240 0.996429 -0.046855
vn 0.106985 0.993197 -0.045976
vn 0.144945 0.988442 -0.044416
vn 0.184599 0.981905 -0.042249
vn 0.226506 0.973203 -0.039637
vn 0.271326 0.961788 -0.036688
vn 0.319869 0.946870 -0.033470
vn 0.373147 0.927282 -0.030154
vn 0.432422 0.901270 -0.026887
vn 0.499469 0.866001 -0.023961
vn 0.576788 0.816606 -0.021666
vn 0.667382 0.744438 -0.020340
vn 0.766118 0.642384 -0.020167
vn 0.816393 0.577135 -0.020414
vn -0.768349 0.640024 0.002831
vn -0.820840 0.571148 0.003319
vn -0.668649 0.743578 0.000741
vn -0.577430 0.816438 -0.002050
vn -0.499881 0.866079 -0.005143
vn -0.432621 0.901537 -0.008349
vn -0.373314 0.927634 -0.011508
vn -0.320207 0.947236 -0.014517
vn -0.271937 0.962159 -0.017322
vn -0.227433 0.973591 -0.019880
vn -0.185832 0.982332 -0.022128
vn -0.146375 0.988937 -0.024047
vn -0.108491 0.993767 -0.025617
vn -0.071716 0.997066 -0.026762
vn -0.035815 0.998996 -0.026895
vn -0.000699 0.999711 -0.024039
vn 0.034375 0.999026 -0.027658
vn 0.070455 0.997111 -0.028384
vn 0.107565 0.993802 -0.028069
vn 0.145881 0.988925 -0.027330
vn 0.185811 0.982234 -0.026276
vn 0.227860 0.973375 -0.024934
vn 0.272732 0.961806 -0.023373
vn 0.321180 0.946770 -0.021696
vn 0.374202 0.927132 -0.019993
vn 0.433086 0.901165 -0.018398
vn 0.499546 0.866119 -0.017074
vn 0.575905 0.817354 -0.016300
vn 0.665413 0.746297 -0.016317
vn 0.763453 0.645637 -0.017080
vn 0.815245 0.578824 -0.018418
vn -0.765255 0.643694 0.006568
vn -0.819823 0.572578 0.006726
vn -0.665800 0.746112 0.005233
vn -0.575027 0.818127 0.003597
vn -0.497741 0.867324 0.001955
vn -0.430534 0.902574 0.000356
vn -0.371163 0.928567 -0.001169
vn -0.317933 0.948110 -0.002601
vn -0.269516 0.962988 -0.003927
vn -0.224839 0.974383 -0.005139
vn -0.183030 0.983088 -0.006232
vn -0.143367 0.989644 -0.007198
vn -0.105259 0.994412 -0.008035
vn -0.068261 0.997630 -0.008716
vn -0.032407 0.999434 -0.008972
vn -0.000421 0.999973 -0.007371
vn 0.031521 0.999456 -0.009729
vn 0.067550 0.997662 -0.010368
vn 0.104886 0.994428 -0.010578
vn 0.143427 0.989604 -0.010646
vn 0.183567 0.982950 -0.010603
vn 0.225832 0.974110 -0.010476
vn 0.270864 0.962563 -0.010296
vn 0.319456 0.947547 -0.010107
vn 0.372590 0.927943 -0.009958
vn 0.431513 0.902052 -0.009914
vn 0.497842 0.867209 -0.010065
vn 0.573830 0.818907 -0.010510
vn 0.662703 0.748797 -0.011338
vn 0.760457 0.649269 -0.012445
vn 0.814615 0.579846 -0.013466
vn -0.764363 0.644691 0.011086
vn -0.819368 0.573145 0.011873
vn -0.664928 0.746839 0.010131
vn -0.574221 0.818645 0.009526
vn -0.496984 0.867710 0.009281
vn -0.429876 0.902841 0.009242
vn -0.370548 0.928767 0.009324
vn -0.317355 0.948260 0.009454
vn -0.268961 0.963103 0.009586
vn -0.224298 0.974473 0.009685
vn -0.182493 0.983159 0.009723
vn -0.142828 0.989700 0.009683
vn -0.104717 0.994456 0.009544
vn -0.067707 0.997662 0.009279
vn -0.031860 0.999455 0.008649
vn -0.000219 0.999979 0.006453
vn 0.031468 0.999474 0.007823
vn 0.067511 0.997690 0.007533
vn 0.104872 0.994462 0.006844
vn 0.143444 0.989640 0.006011
vn 0.183614 0.982985 0.005057
vn 0.225901 0.974142 0.003984
vn 0.270941 0.962592 0.002793
vn 0.319516 0.947580 0.001487
vn 0.372601 0.927991 0.000068
vn 0.431438 0.902141 -0.001451
vn 0.497676 0.867358 -0.003035
vn 0.573550 0.819158 -0.004619
vn 0.662323 0.749193 -0.006121
vn 0.760041 0.649834 -0.007382
vn 0.814759 0.579749 -0.007703
vn -0.766599 0.641945 0.015240
vn -0.819858 0.572338 0.016207
vn -0.667098 0.744823 0.014803
vn -0.576124 0.817220 0.015274
vn -0.498812 0.866553 0.016473
vn -0.431640 0.901865 0.018048
vn -0.372433 0.927849 0.019720
vn -0.319379 0.947385 0.021408
vn -0.271137 0.962266 0.023004
vn -0.226639 0.973672 0.024445
vn -0.185036 0.982397 0.025648
vn -0.145569 0.988991 0.026568
vn -0.107672 0.993815 0.027183
vn -0.070885 0.997108 0.027395
vn -0.035001 0.999032 0.026632
vn -0.000053 0.999737 0.022916
vn 0.035029 0.999057 0.025644
vn 0.071127 0.997142 0.025462
vn 0.108250 0.993828 0.024241
vn 0.146574 0.988941 0.022598
vn 0.186498 0.982239 0.020615
vn 0.228515 0.973368 0.018305
vn 0.273314 0.961797 0.015708
vn 0.321647 0.946772 0.012890
vn 0.374500 0.927174 0.009899
vn 0.433167 0.901288 0.006811
vn 0.499346 0.866394 0.003783
vn 0.575404 0.817869 0.001025
vn 0.664625 0.747176 -0.001258
vn 0.762953 0.646447 -0.002827
vn 0.815724 0.578436 -0.002602
vn -0.769167 0.638802 0.017742
vn -0.820708 0.571086 0.017303
vn -0.669002 0.743026 0.018681
vn -0.576878 0.816568 0.020700
vn -0.498650 0.866486 0.023458
vn -0.431063 0.901927 0.026691
vn -0.371506 0.927942 0.030103
vn -0.318246 0.947420 0.033407
vn -0.269942 0.962183 0.036530
vn -0.225508 0.973447 0.039337
vn -0.184052 0.982027 0.041798
vn -0.144874 0.988481 0.043784
vn -0.107297 0.993200 0.045189
vn -0.070869 0.996427 0.045941
vn -0.035205 0.998351 0.045334
vn 0.000140 0.999140 0.041472
vn 0.035631 0.998384 0.044273
vn 0.071516 0.996472 0.043909
vn 0.108276 0.993228 0.042118
vn 0.146237 0.988456 0.039622
vn 0.185862 0.981898 0.036490
vn 0.227696 0.973177 0.032870
vn 0.272394 0.961754 0.028840
vn 0.320743 0.946851 0.024440
vn 0.373758 0.927315 0.019794
vn 0.432744 0.901390 0.015089
vn 0.499495 0.866253 0.010524
vn 0.576440 0.817115 0.006322
vn 0.666856 0.745181 0.002829
vn 0.765894 0.642966 0.000563
vn 0.817409 0.576058 0.000130
vn -0.770449 0.637261 0.017509
vn -0.820853 0.570969 0.013964
vn -0.669152 0.742822 0.021225
vn -0.575779 0.817205 0.025589
vn -0.496592 0.867453 0.030346
vn -0.428127 0.903023 0.035443
vn -0.368190 0.928860 0.040676
vn -0.314775 0.948060 0.045812
vn -0.266507 0.962504 0.050597
vn -0.222293 0.973432 0.054927
vn -0.181175 0.981702 0.058631
vn -0.142449 0.987877 0.061706
vn -0.105487 0.992357 0.064023
vn -0.069658 0.995428 0.065353
vn -0.034574 0.997286 0.065007
vn 0.000334 0.998131 0.061111
vn 0.035386 0.997328 0.063907
vn 0.070692 0.995489 0.063280
vn 0.106798 0.992417 0.060858
vn 0.144149 0.987889 0.057415
vn 0.183274 0.981622 0.053194
vn 0.224760 0.973219 0.048242
vn 0.269213 0.962137 0.042623
vn 0.317532 0.947544 0.036510
vn 0.370760 0.928241 0.030092
vn 0.430273 0.902392 0.023549
vn 0.497812 0.867117 0.017090
vn 0.575864 0.817471 0.011074
vn 0.667738 0.744374 0.005719
vn 0.768162 0.640254 0.001533
vn 0.818792 0.574089 -0.001459
vn -0.769674 0.638286 0.013853
vn -0.819186 0.573492 0.006455
vn -0.667182 0.744582 0.021575
vn -0.572703 0.819235 0.029422
vn -0.492530 0.869506 0.037066
vn -0.423363 0.904867 0.044488
vn -0.362903 0.930384 0.051844
vn -0.309403 0.949101 0.058964
vn -0.261286 0.963029 0.065609
vn -0.217443 0.973445 0.071578
vn -0.176920 0.981229 0.076741
vn -0.138851 0.987002 0.080910
vn -0.102655 0.991157 0.084088
vn -0.067763 0.993980 0.086088
vn -0.033549 0.995728 0.086021
vn 0.000532 0.996626 0.082077
vn 0.034756 0.995783 0.084900
vn 0.069160 0.994064 0.083985
vn 0.104307 0.991247 0.080927
vn 0.140866 0.987059 0.076624
vn 0.179279 0.981217 0.071220
vn 0.220135 0.973316 0.064776
vn 0.264220 0.962749 0.057469
vn 0.312426 0.948653 0.049473
vn 0.365856 0.929768 0.040992
vn 0.425871 0.904208 0.032273
vn 0.494307 0.868967 0.023590
vn 0.573667 0.818950 0.015039
vn 0.667023 0.745007 0.006747
vn 0.768881 0.639392 -0.000996
vn 0.818046 0.575087 -0.008699
vn -0.766270 0.642481 0.006982
vn -0.814449 0.580212 -0.005191
vn -0.662396 0.748884 0.020093
vn -0.566841 0.823196 0.032242
vn -0.486104 0.872818 0.043495
vn -0.416454 0.907545 0.054113
vn -0.355647 0.932422 0.064070
vn -0.302073 0.950451 0.073448
vn -0.254244 0.963648 0.082120
vn -0.210959 0.973354 0.089874
vn -0.171215 0.980493 0.096529
vn -0.134156 0.985700 0.101970
vn -0.098971 0.989426 0.106022
vn -0.065206 0.991943 0.108612
vn -0.032209 0.993535 0.108864
vn 0.000745 0.994489 0.104836
vn 0.033840 0.993604 0.107733
vn 0.066989 0.992046 0.106568
vn 0.101004 0.989549 0.102910
vn 0.136450 0.985817 0.097702
vn 0.173820 0.980561 0.091033
vn 0.213860 0.973327 0.083058
vn 0.257381 0.963479 0.073918
vn 0.305347 0.950100 0.063815
vn 0.358897 0.931872 0.052989
vn 0.419429 0.906831 0.041683
vn 0.488733 0.871916 0.030054
vn 0.569134 0.822044 0.018139
vn 0.663909 0.747791 0.005758
vn 0.767060 0.641536 -0.007119
vn 0.817928 0.575159 -0.013654
vn -0.758798 0.651323 -0.001855
vn -0.805579 0.592209 -0.018175
vn -0.654024 0.756257 0.018115
vn -0.557993 0.829087 0.035472
vn -0.476768 0.877556 0.050861
vn -0.406909 0.911158 0.064932
vn -0.346026 0.934982 0.077946
vn -0.292556 0.952009 0.089945
vn -0.245192 0.964212 0.100872
vn -0.202712 0.972979 0.110542
vn -0.164039 0.979277 0.118773
vn -0.128219 0.983781 0.125436
vn -0.094455 0.986945 0.130450
vn -0.062050 0.989086 0.133633
vn -0.030538 0.990499 0.134088
vn 0.000985 0.991517 0.129975
vn 0.032644 0.990584 0.132958
vn 0.064290 0.989210 0.131641
vn 0.096863 0.987107 0.127426
vn 0.130843 0.983957 0.121276
vn 0.166902 0.979433 0.113377
vn 0.205820 0.973069 0.103806
vn 0.248513 0.964182 0.092700
vn 0.296032 0.951800 0.080254
vn 0.349565 0.934533 0.066723
vn 0.410471 0.910371 0.052320
vn 0.480425 0.876250 0.037117
vn 0.561688 0.827084 0.020959
vn 0.657371 0.753560 0.003175
vn 0.763046 0.646186 -0.014281
vn 0.808955 0.586483 -0.040359
vn -0.746072 0.665826 -0.007211
vn -0.793589 0.608023 -0.022874
vn -0.641716 0.766714 0.018713
vn -0.545763 0.836928 0.041161
vn -0.464434 0.883527 0.060671
vn -0.394432 0.915582 0.078313
vn -0.333599 0.937960 0.094565
vn -0.280504 0.953591 0.109459
vn -0.233891 0.964473 0.122828
vn -0.192548 0.972026 0.134499
vn -0.155297 0.977270 0.144314
vn -0.121078 0.980908 0.152181
vn -0.088992 0.983412 0.158052
vn -0.058344 0.985098 0.161797
vn -0.028532 0.986307 0.162432
vn 0.001266 0.987407 0.158196
vn 0.031200 0.986411 0.161304
vn 0.061079 0.985245 0.159883
vn 0.091865 0.983613 0.155131
vn 0.124080 0.981147 0.148169
vn 0.158459 0.977521 0.139081
vn 0.195885 0.972248 0.127921
vn 0.237392 0.964611 0.114764
vn 0.284151 0.953572 0.099790
vn 0.337408 0.937672 0.083228
vn 0.398479 0.914850 0.065296
vn 0.468855 0.882075 0.046027
vn 0.550565 0.834417 0.025024
vn 0.646454 0.762951 0.001416
vn 0.750799 0.659826 -0.030509
vn 0.793855 0.606188 -0.048270
vn -0.731606 0.681726 -0.001559
vn -0.781820 0.623409 -0.010875
vn -0.626794 0.778743 0.026241
vn -0.530670 0.845997 0.051746
vn -0.449061 0.890376 0.074661
vn -0.378791 0.920511 0.095797
vn -0.318037 0.941031 0.115387
vn -0.265551 0.954839 0.133284
vn -0.220100 0.964000 0.149198
vn -0.180340 0.970028 0.162861
vn -0.144941 0.973990 0.174172
vn -0.112710 0.976606 0.183131
vn -0.082666 0.978347 0.189743
vn -0.054011 0.979524 0.193949
vn -0.026234 0.980520 0.194661
vn 0.001600 0.981727 0.190286
vn 0.029528 0.980653 0.193515
vn 0.057377 0.979698 0.192091
vn 0.086083 0.978584 0.186982
vn 0.116175 0.976911 0.179298
vn 0.148476 0.974341 0.169157
vn 0.183960 0.970394 0.156504
vn 0.223809 0.964330 0.141338
vn 0.269360 0.955056 0.123750
vn 0.321988 0.941019 0.103959
vn 0.383011 0.920075 0.082247
vn 0.453731 0.889198 0.058779
vn 0.535766 0.843710 0.033283
vn 0.631252 0.775567 0.004193
vn 0.731539 0.681223 -0.028041
vn 0.779026 0.625647 -0.041038
vn -0.720146 0.693657 0.015109
vn -0.773590 0.633594 0.010809
vn -0.611624 0.790058 0.041527
vn -0.513601 0.855304 0.068323
vn -0.430660 0.897600 0.094053
vn -0.359559 0.925531 0.118784
vn -0.298906 0.943655 0.142022
vn -0.247374 0.955100 0.163063
vn -0.203632 0.962089 0.181436
vn -0.166020 0.966259 0.196930
vn -0.132973 0.968715 0.209543
vn -0.103148 0.970169 0.219390
vn -0.075487 0.971059 0.226598
vn -0.049146 0.971694 0.231076
vn -0.023617 0.972486 0.231763
vn 0.001972 0.973840 0.227225
vn 0.027679 0.972665 0.230557
vn 0.053272 0.971891 0.229327
vn 0.079567 0.971342 0.223975
vn 0.107202 0.970539 0.215781
vn 0.136996 0.969168 0.204803
vn 0.170020 0.966774 0.190895
vn 0.207621 0.962627 0.173907
vn 0.251369 0.955594 0.153799
vn 0.302897 0.944014 0.130736
vn 0.363695 0.925568 0.105117
vn 0.435005 0.897089 0.077469
vn 0.518014 0.854023 0.048023
vn 0.614257 0.788930 0.016668
vn 0.718374 0.695521 -0.013757
vn 0.771035 0.636481 -0.019909
vn -0.711401 0.701936 0.034580
vn -0.767994 0.639832 0.028289
vn -0.596627 0.800203 0.060919
vn -0.494264 0.864650 0.089906
vn -0.408394 0.904923 0.119705
vn -0.335881 0.930045 0.148999
vn -0.275500 0.944987 0.176351
vn -0.225656 0.953325 0.200628
vn -0.184389 0.957627 0.221251
vn -0.149607 0.959617 0.238227
vn -0.119448 0.960379 0.251801
vn -0.092443 0.960557 0.262269
vn -0.067485 0.960534 0.269851
vn -0.043774 0.960592 0.274492
vn -0.020715 0.961228 0.274976
vn 0.002416 0.962770 0.270311
vn 0.025716 0.961467 0.273714
vn 0.048782 0.960832 0.272804
vn 0.072426 0.960859 0.267404
vn 0.097271 0.960982 0.258944
vn 0.124134 0.960916 0.247452
vn 0.154141 0.960265 0.232662
vn 0.188796 0.958361 0.214244
vn 0.229956 0.954086 0.191936
vn 0.279673 0.945687 0.165706
vn 0.339914 0.930578 0.135953
vn 0.412153 0.905210 0.103556
vn 0.497447 0.864688 0.069719
vn 0.597815 0.800816 0.036200
vn 0.710014 0.704157 0.006497
vn 0.767023 0.641620 0.000177
vn -0.703065 0.709225 0.051958
vn -0.762256 0.645835 0.043162
vn -0.580160 0.810375 0.081898
vn -0.470326 0.874774 0.116466
vn -0.379904 0.912234 0.153302
vn -0.306144 0.933021 0.189072
vn -0.247083 0.943431 0.221106
vn -0.200150 0.947785 0.248282
vn -0.162425 0.948901 0.270565
vn -0.131199 0.948465 0.288447
vn -0.104447 0.947397 0.302540
vn -0.080616 0.946219 0.313321
vn -0.058670 0.945233 0.321081
vn -0.037829 0.944701 0.325743
vn -0.017532 0.945224 0.325951
vn 0.002967 0.947001 0.321217
vn 0.023629 0.945557 0.324596
vn 0.043968 0.944989 0.324133
vn 0.064734 0.945579 0.318887
vn 0.086498 0.946656 0.310419
vn 0.110044 0.947959 0.298772
vn 0.136500 0.949177 0.283604
vn 0.167451 0.949769 0.264386
vn 0.205009 0.948750 0.240509
vn 0.251764 0.944395 0.211504
vn 0.310443 0.933905 0.177331
vn 0.383375 0.913098 0.138837
vn 0.472366 0.875911 0.098233
vn 0.580251 0.812292 0.059072
vn 0.702588 0.711146 0.025326
vn 0.763342 0.645817 0.015163
vn -0.693190 0.717492 0.068506
vn -0.756898 0.650958 0.057955
vn -0.558358 0.822713 0.106675
vn -0.437296 0.886307 0.152420
vn -0.341658 0.918320 0.199893
vn -0.268441 0.932061 0.243314
vn -0.213158 0.936149 0.279622
vn -0.171034 0.935689 0.308598
vn -0.137997 0.933341 0.331409
vn -0.110955 0.930383 0.349394
vn -0.087949 0.927418 0.363539
vn -0.067599 0.924802 0.374394
vn -0.048912 0.922783 0.382202
vn -0.031245 0.921645 0.386774
vn -0.013968 0.922104 0.386690
vn 0.003634 0.924167 0.381973
vn 0.021429 0.922582 0.385206
vn 0.038836 0.921981 0.385283
vn 0.056498 0.923106 0.380372
vn 0.074924 0.925158 0.372115
vn 0.094862 0.927857 0.360670
vn 0.117350 0.930978 0.345699
vn 0.143900 0.934166 0.326537
vn 0.176695 0.936726 0.302198
vn 0.218736 0.937261 0.271471
vn 0.273726 0.933078 0.233324
vn 0.345688 0.919372 0.187764
vn 0.438762 0.888075 0.137156
vn 0.557175 0.825852 0.086744
vn 0.692738 0.719901 0.043081
vn 0.759606 0.649758 0.028505
vn -0.678411 0.729568 0.086540
vn -0.754774 0.652579 0.066762
vn -0.523080 0.840248 0.142726
vn -0.388216 0.897799 0.207953
vn -0.290215 0.918495 0.268592
vn -0.222109 0.921673 0.318098
vn -0.174281 0.918155 0.355833
vn -0.139047 0.912727 0.384181
vn -0.111511 0.907060 0.405965
vn -0.088960 0.901675 0.423165
vn -0.069806 0.896804 0.436887
vn -0.053138 0.892659 0.447590
vn -0.037982 0.889515 0.455324
vn -0.023814 0.887708 0.459791
vn -0.009920 0.888156 0.459436
vn 0.004464 0.890504 0.454953
vn 0.019108 0.888830 0.457838
vn 0.033332 0.888084 0.458472
vn 0.047598 0.889708 0.454041
vn 0.062460 0.892767 0.446168
vn 0.078611 0.896881 0.435229
vn 0.096931 0.901852 0.421031
vn 0.118663 0.907499 0.402944
vn 0.145688 0.913538 0.379768
vn 0.180948 0.919273 0.349562
vn 0.228936 0.922816 0.309838
vn 0.296076 0.919500 0.258572
vn 0.390705 0.899383 0.196110
vn 0.521259 0.843784 0.127744
vn 0.676198 0.733846 0.065011
vn 0.755023 0.654580 0.038280
vn -0.644678 0.755193 0.118634
vn -0.748017 0.660924 0.060424
vn -0.459912 0.862022 0.213071
vn -0.315188 0.899564 0.302392
vn -0.224646 0.900717 0.371811
vn -0.169213 0.891455 0.420327
vn -0.132465 0.881189 0.453828
vn -0.105109 0.871906 0.478259
vn -0.083100 0.863549 0.497370
vn -0.064865 0.855931 0.513005
vn -0.049565 0.849107 0.525891
vn -0.036670 0.843288 0.536209
vn -0.025448 0.838878 0.543725
vn -0.015213 0.836382 0.547937
vn -0.005169 0.836856 0.547399
vn 0.005544 0.839467 0.543383
vn 0.016633 0.837805 0.545716
vn 0.027257 0.836742 0.546919
vn 0.037732 0.838827 0.543089
vn 0.048751 0.842939 0.535795
vn 0.061007 0.848510 0.525651
vn 0.075209 0.855235 0.512754
vn 0.092166 0.862975 0.496768
vn 0.113049 0.871786 0.476665
vn 0.140020 0.881813 0.450333
vn 0.177323 0.892769 0.414150
vn 0.233201 0.902093 0.363106
vn 0.321752 0.900467 0.292634
vn 0.460386 0.864257 0.202741
vn 0.640936 0.760406 0.104805
vn 0.736105 0.675328 0.045632
vn -0.564142 0.798633 0.209594
vn -0.663307 0.743182 0.087770
vn -0.352546 0.866817 0.352619
vn -0.218238 0.863675 0.454355
vn -0.151685 0.843226 0.515715
vn -0.115614 0.826092 0.551547
vn -0.090725 0.813122 0.574979
vn -0.070268 0.802238 0.592855
vn -0.052852 0.792185 0.607988
vn -0.038512 0.782742 0.621154
vn -0.027027 0.774156 0.632418
vn -0.018017 0.766790 0.641645
vn -0.010959 0.761060 0.648589
vn -0.005171 0.757709 0.652572
vn 0.000441 0.758197 0.652026
vn 0.006984 0.760737 0.649022
vn 0.014004 0.759302 0.650587
vn 0.020458 0.757975 0.651963
vn 0.026703 0.760446 0.648852
vn 0.033539 0.765592 0.642452
vn 0.041894 0.772546 0.633575
vn 0.052224 0.780761 0.622644
vn 0.064942 0.789961 0.609708
vn 0.080348 0.800178 0.594356
vn 0.099184 0.812001 0.575167
vn 0.123972 0.826652 0.548887
vn 0.161938 0.845334 0.509104
vn 0.230555 0.865464 0.444765
vn 0.360147 0.867570 0.342953
vn 0.563645 0.801336 0.200412
vn 0.646572 0.755910 0.102685
vn -0.396034 0.822426 0.408377
vn -0.330189 0.885648 0.326499
vn -0.196187 0.800593 0.566182
vn -0.113380 0.756933 0.643582
vn -0.085501 0.730842 0.677170
vn -0.067708 0.716965 0.693813
vn -0.050509 0.705775 0.706633
vn -0.034701 0.694672 0.718490
vn -0.021231 0.683921 0.729247
vn -0.010619 0.673737 0.738895
vn -0.003037 0.664477 0.747303
vn 0.002078 0.656481 0.754340
vn 0.004933 0.650123 0.759813
vn 0.006152 0.646005 0.763308
vn 0.007030 0.645423 0.763793
vn 0.008783 0.647516 0.762001
vn 0.011057 0.646284 0.763017
vn 0.012865 0.645733 0.763455
vn 0.014517 0.648634 0.760962
vn 0.017119 0.654538 0.755835
vn 0.021632 0.662120 0.749085
vn 0.028379 0.670920 0.740987
vn 0.037419 0.680456 0.731833
vn 0.048392 0.690718 0.721503
vn 0.061261 0.701749 0.709786
vn 0.075919 0.714246 0.695765
vn 0.094411 0.731459 0.675317
vn 0.128533 0.760576 0.636399
vn 0.215731 0.802284 0.556598
vn 0.407249 0.820705 0.400739
vn 0.331583 0.885939 0.324291
vn -0.290246 0.883638 0.367343
vn -0.308254 0.888865 0.338966
vn -0.058318 0.744670 0.664881
vn -0.043568 0.664048 0.746420
vn -0.060810 0.653540 0.754445
vn -0.053672 0.650587 0.757533
vn -0.036514 0.642116 0.765737
vn -0.021018 0.630857 0.775615
vn -0.007830 0.619223 0.785176
vn 0.002088 0.608259 0.793736
vn 0.008737 0.598306 0.801220
vn 0.012586 0.589378 0.807759
vn 0.014163 0.581548 0.813389
vn 0.013316 0.575212 0.817896
vn 0.011382 0.570822 0.820995
vn 0.009947 0.568812 0.822407
vn 0.008863 0.569831 0.821714
vn 0.007803 0.573618 0.819086
vn 0.007062 0.579566 0.814895
vn 0.008173 0.587143 0.809442
vn 0.011647 0.595868 0.802998
vn 0.017607 0.605301 0.795802
vn 0.025642 0.615427 0.787776
vn 0.035957 0.625787 0.779165
vn 0.047453 0.635292 0.770813
vn 0.057985 0.643049 0.763627
vn 0.062616 0.651222 0.756299
vn 0.063451 0.674681 0.735378
vn 0.108431 0.755049 0.646640
vn 0.306471 0.884564 0.351599
vn 0.316869 0.888230 0.332628
vn 0.921663 0.381296 0.071762
vn 0.247625 0.822993 -0.511239
vn 0.249435 0.824040 -0.508666
vn 0.848806 0.488989 -0.201042
vn 0.930909 0.364440 0.024331
vn 0.914179 0.404592 0.024107
vn 0.906414 0.421401 -0.028897
vn 0.888446 0.458661 -0.017147
vn 0.896988 0.441252 -0.026629
vn 0.870326 0.491156 -0.036040
vn 0.897374 0.441054 -0.013824
vn 0.869073 0.494073 -0.024600
vn 0.899041 0.437853 -0.003050
vn 0.873816 0.486125 -0.011313
vn 0.897445 0.440956 0.012221
vn 0.875630 0.482983 0.000419
vn 0.891015 0.452823 0.032320
vn 0.866695 0.498605 0.015241
vn 0.884495 0.464679 0.041730
vn 0.846927 0.530909 0.029159
vn 0.884566 0.465069 0.035412
vn 0.824598 0.564883 0.030743
vn 0.892546 0.450549 0.019162
vn 0.815999 0.577667 0.021116
vn 0.902548 0.430587 0.000963
vn 0.828168 0.560431 0.007436
vn 0.908758 0.417143 -0.012292
vn 0.849617 0.527373 -0.005386
vn 0.911751 0.410349 -0.017977
vn 0.868495 0.495518 -0.013392
vn 0.913283 0.406867 -0.019311
vn 0.882072 0.470829 -0.016394
vn 0.914372 0.404527 -0.016766
vn 0.892179 0.451412 -0.015637
vn 0.915070 0.403076 -0.013270
vn 0.896383 0.443102 -0.012546
vn 0.915166 0.402959 -0.009808
vn 0.897350 0.441216 -0.009586
vn 0.914601 0.404308 -0.006274
vn 0.893671 0.448673 -0.006729
vn 0.913402 0.407046 -0.003319
vn 0.885849 0.463945 -0.005191
vn 0.911471 0.411347 -0.003663
vn 0.871673 0.490025 -0.007829
vn 0.908249 0.418312 -0.009973
vn 0.854167 0.519764 -0.015646
vn 0.902498 0.430176 -0.021117
vn 0.824625 0.565156 -0.024346
vn 0.881311 0.470963 -0.038538
vn 0.806259 0.589898 -0.044345
vn 0.876349 0.477248 -0.065168
vn 0.823701 0.564368 -0.054816
vn 0.887213 0.456165 -0.069044
vn 0.850638 0.522931 -0.054388
vn 0.893077 0.446164 -0.057887
vn 0.869582 0.492079 -0.041048
vn 0.897226 0.439877 -0.038651
vn 0.878695 0.476591 -0.027499
vn 0.897627 0.440079 -0.024428
vn 0.878368 0.477687 -0.016909
vn 0.895923 0.443972 -0.014506
vn 0.875095 0.483916 -0.005819
vn 0.895688 0.444663 -0.004185
vn 0.877344 0.479841 0.004357
vn 0.904955 0.425507 0.000329
vn 0.897774 0.440453 0.001878
vn 0.936754 0.349325 -0.021538
vn 0.940355 0.339241 -0.025466
vn 0.976906 0.200038 -0.075097
vn 0.984093 0.176834 -0.017028
vn 0.998157 0.053252 -0.029117
vn 0.992553 0.121794 0.002151
vn 0.451333 0.880467 -0.145175
vn 0.953284 0.301658 0.015893
vn 0.991451 0.117474 0.056785
vn 0.890517 0.453806 -0.032251
vn 0.828091 0.557582 -0.058029
vn 0.825994 0.562248 -0.040128
vn 0.835380 0.549250 -0.021545
vn 0.844936 0.534805 -0.008132
vn 0.843876 0.536520 0.004405
vn 0.818673 0.574024 0.016444
vn 0.772665 0.634467 0.020985
vn 0.732910 0.680135 0.016127
vn 0.725978 0.687682 0.007055
vn 0.752545 0.658536 -0.002558
vn 0.792382 0.609953 -0.009389
vn 0.827828 0.560842 -0.012495
vn 0.853351 0.521187 -0.012463
vn 0.867646 0.497066 -0.010744
vn 0.870045 0.492873 -0.009856
vn 0.860169 0.509932 -0.008817
vn 0.837210 0.546821 -0.008131
vn 0.802042 0.597172 -0.010685
vn 0.759408 0.650418 -0.016006
vn 0.725667 0.687544 -0.026280
vn 0.729482 0.683128 -0.034533
vn 0.773605 0.632185 -0.043333
vn 0.823924 0.565214 -0.041027
vn 0.851938 0.522735 -0.030837
vn 0.856576 0.515638 -0.019894
vn 0.850444 0.526002 -0.008227
vn 0.844038 0.536237 0.007042
vn 0.846199 0.532313 0.024297
vn 0.876083 0.481161 0.031030
vn 0.950363 0.311139 -0.001465
vn 0.991208 0.132259 0.003884
vn 0.992014 0.126057 0.004106
vn -0.260415 0.834065 -0.486334
vn -0.931057 0.347262 0.111991
vn -0.869367 0.465830 -0.164938
vn -0.261860 0.834528 -0.484760
vn -0.947657 0.313615 0.059928
vn -0.926793 0.371310 0.056429
vn -0.915120 0.403137 -0.005937
vn -0.906405 0.422273 0.010728
vn -0.900780 0.434198 -0.008228
vn -0.883547 0.468118 -0.014480
vn -0.901612 0.432515 0.005242
vn -0.880951 0.473184 -0.004623
vn -0.904828 0.425455 0.016562
vn -0.886917 0.461833 0.009441
vn -0.906631 0.421077 0.026735
vn -0.892629 0.450333 0.020344
vn -0.904888 0.423342 0.044265
vn -0.891637 0.451659 0.031431
vn -0.899563 0.432464 0.061331
vn -0.879880 0.472971 0.045932
vn -0.895013 0.441259 0.065130
vn -0.860375 0.506668 0.055157
vn -0.894900 0.442926 0.054498
vn -0.841419 0.537976 0.050944
vn -0.899827 0.434701 0.036700
vn -0.836945 0.545942 0.038359
vn -0.906361 0.421998 0.020681
vn -0.847166 0.530741 0.024982
vn -0.911155 0.411958 0.009387
vn -0.862679 0.505555 0.014125
vn -0.914519 0.404490 0.006636
vn -0.877173 0.480097 0.008627
vn -0.916751 0.399403 0.006761
vn -0.886438 0.462780 0.007815
vn -0.917637 0.397318 0.008977
vn -0.892103 0.451745 0.008885
vn -0.917845 0.396745 0.012427
vn -0.893479 0.448938 0.012221
vn -0.917755 0.396835 0.015733
vn -0.890128 0.455469 0.014863
vn -0.917110 0.398285 0.016681
vn -0.882967 0.469229 0.013928
vn -0.915098 0.403005 0.013536
vn -0.871818 0.489753 0.008722
vn -0.911237 0.411849 0.005330
vn -0.857234 0.514927 -0.000147
vn -0.905215 0.424883 -0.007724
vn -0.843476 0.537025 -0.012340
vn -0.897785 0.439721 -0.025062
vn -0.839817 0.542260 -0.025724
vn -0.893272 0.447812 -0.039096
vn -0.852840 0.521126 -0.033036
vn -0.894789 0.444656 -0.040427
vn -0.872214 0.488390 -0.026786
vn -0.900083 0.434943 -0.025994
vn -0.885889 0.463727 -0.012557
vn -0.902971 0.429623 -0.008154
vn -0.888446 0.458981 -0.000966
vn -0.901112 0.433576 0.003087
vn -0.882691 0.469868 0.009012
vn -0.896513 0.442820 0.013260
vn -0.875058 0.483515 0.022062
vn -0.892404 0.450438 0.026833
vn -0.871619 0.488812 0.036642
vn -0.895358 0.443765 0.037497
vn -0.884058 0.465913 0.036967
vn -0.921338 0.388466 0.015144
vn -0.931048 0.364837 -0.006518
vn -0.970416 0.232405 -0.065422
vn -0.983457 0.181112 0.003111
vn -0.997488 0.070788 -0.002688
vn -0.995408 0.093297 0.021404
vn -0.990101 0.111175 0.085679
vn -0.533743 0.839227 -0.104003
vn -0.993897 0.053692 0.096368
vn -0.901250 0.433198 -0.009366
vn -0.843423 0.535879 -0.038353
vn -0.846217 0.532489 -0.019264
vn -0.857967 0.513705 0.000302
vn -0.869781 0.493230 0.014326
vn -0.877215 0.479449 0.024929
vn -0.868624 0.494159 0.036040
vn -0.836265 0.546573 0.043804
vn -0.791367 0.609864 0.042467
vn -0.761013 0.647879 0.033339
vn -0.760582 0.648821 0.023371
vn -0.783088 0.621729 0.015056
vn -0.812726 0.582549 0.010622
vn -0.836408 0.548022 0.009698
vn -0.849732 0.527130 0.009466
vn -0.852277 0.522966 0.011422
vn -0.843900 0.536352 0.012632
vn -0.825013 0.565016 0.010502
vn -0.798133 0.602455 0.005558
vn -0.772140 0.635451 -0.001456
vn -0.762701 0.646658 -0.010968
vn -0.782504 0.622305 -0.020598
vn -0.823660 0.566593 -0.023570
vn -0.858998 0.511711 -0.016543
vn -0.871605 0.490175 -0.005818
vn -0.866087 0.499876 0.004027
vn -0.854366 0.519418 0.016249
vn -0.843161 0.536596 0.033813
vn -0.838723 0.541800 0.054741
vn -0.865798 0.496713 0.060582
vn -0.952460 0.304381 0.013085
vn -0.994299 0.104058 0.023257
vn -0.995148 0.095481 0.023746
s 1
g pCube1
usemtl initialShadingGroup
f 5/5/5 6/6/6 37/37/7 36/36/8
f 6/6/6 7/7/9 38/38/10 37/37/7
f 7/7/9 8/8/11 39/39/12 38/38/10
f 8/8/11 9/9/13 40/40/14 39/39/12
f 9/9/13 10/10/15 41/41/16 40/40/14
f 10/10/15 11/11/17 42/42/18 41/41/16
f 11/11/17 12/12/19 43/43/20 42/42/18
f 12/12/19 13/13/21 44/44/22 43/43/20
f 13/13/21 14/14/23 45/45/24 44/44/22
f 14/14/23 15/15/25 46/46/26 45/45/24
f 15/15/25 16/16/27 47/47/28 46/46/26
f 16/16/27 17/17/29 48/48/30 47/47/28
f 17/17/29 18/18/31 49/49/32 48/48/30
f 18/18/31 19/19/33 50/50/34 49/49/32
f 19/19/33 20/20/35 51/51/36 50/50/34
f 20/20/35 21/21/37 52/52/38 51/51/36
f 21/21/37 22/22/39 53/53/40 52/52/38
f 22/22/39 23/23/41 54/54/42 53/53/40
f 23/23/41 24/24/43 55/55/44 54/54/42
f 24/24/43 25/25/45 56/56/46 55/55/44
f 25/25/45 26/26/47 57/57/48 56/56/46
f 26/26/47 27/27/49 58/58/50 57/57/48
f 27/27/49 28/28/51 59/59/52 58/58/50
f 28/28/51 29/29/53 60/60/54 59/59/52
f 29/29/53 30/30/55 61/61/56 60/60/54
f 30/30/55 31/31/57 62/62/58 61/61/56
f 31/31/57 32/32/59 63/63/60 62/62/58
f 32/32/59 33/33/61 64/64/62 63/63/60
f 33/33/61 34/34/63 65/65/64 64/64/62
f 34/34/63 35/35/65 66/66/66 65/65/64
f 36/36/8 37/37/7 68/68/67 67/67/68
f 37/37/7 38/38/10 69/69/69 68/68/67
f 38/38/10 39/39/12 70/70/70 69/69/69
f 39/39/12 40/40/14 71/71/71 70/70/70
f 40/40/14 41/41/16 72/72/72 71/71/71
f 41/41/16 42/42/18 73/73/73 72/72/72
f 42/42/18 43/43/20 74/74/74 73/73/73
f 43/43/20 44/44/22 75/75/75 74/74/74
f 44/44/22 45/45/24 76/76/76 75/75/75
f 45/45/24 46/46/26 77/77/77 76/76/76
f 46/46/26 47/47/28 78/78/78 77/77/77
f 47/47/28 48/48/30 79/79/79 78/78/78
f 48/48/30 49/49/32 80/80/80 79/79/79
f 49/49/32 50/50/34 81/81/81 80/80/80
f 50/50/34 51/51/36 82/82/82 81/81/81
f 51/51/36 52/52/38 83/83/83 82/82/82
f 52/52/38 53/53/40 84/84/84 83/83/83
f 53/53/40 54/54/42 85/85/85 84/84/84
f 54/54/42 55/55/44 86/86/86 85/85/85
f 55/55/44 56/56/46 87/87/87 86/86/86
f 56/56/46 57/57/48 88/88/88 87/87/87
f 57/57/48 58/58/50 89/89/89 88/88/88
f 58/58/50 59/59/52 90/90/90 89/89/89
f 59/59/52 60/60/54 91/91/91 90/90/90
f 60/60/54 61/61/56 92/92/92 91/91/91
f 61/61/56 62/62/58 93/93/93 92/92/92
f 62/62/58 63/63/60 94/94/94 93/93/93
f 63/63/60 64/64/62 95/95/95 94/94/94
f 64/64/62 65/65/64 96/96/96 95/95/95
f 65/65/64 66/66/66 97/97/97 96/96/96
s 2
f 67/67/98 68/68/99 99/99/100 98/98/101
f 68/68/99 69/69/102 100/100/103 99/99/100
f 69/69/102 70/70/104 101/101/105 100/100/103
f 70/70/104 71/71/106 102/102/107 101/101/105
f 71/71/106 72/72/108 103/103/109 102/102/107
f 72/72/108 73/73/110 104/104/111 103/103/109
f 73/73/110 74/74/112 105/105/113 104/104/111
f 74/74/112 75/75/114 106/106/115 105/105/113
f 75/75/114 76/76/116 107/107/117 106/106/115
f 76/76/116 77/77/118 108/108/119 107/107/117
f 77/77/118 78/78/120 109/109/121 108/108/119
f 78/78/120 79/79/122 110/110/123 109/109/121
f 79/79/122 80/80/124 111/111/125 110/110/123
f 80/80/124 81/81/126 112/112/127 111/111/125
f 81/81/126 82/82/128 113/113/129 112/112/127
f 82/82/128 83/83/130 114/114/131 113/113/129
f 83/83/130 84/84/132 115/115/133 114/114/131
f 84/84/132 85/85/134 116/116/135 115/115/133
f 85/85/134 86/86/136 117/117/137 116/116/135
f 86/86/136 87/87/138 118/118/139 117/117/137
f 87/87/138 88/88/140 119/119/141 118/118/139
f 88/88/140 89/89/142 120/120/143 119/119/141
f 89/89/142 90/90/144 121/121/145 120/120/143
f 90/90/144 91/91/146 122/122/147 121/121/145
f 91/91/146 92/92/148 123/123/149 122/122/147
f 92/92/148 93/93/150 124/124/151 123/123/149
f 93/93/150 94/94/152 125/125/153 124/124/151
f 94/94/152 95/95/154 126/126/155 125/125/153
f 95/95/154 96/96/156 127/127/157 126/126/155
f 96/96/156 97/97/158 128/128/159 127/127/157
f 98/98/101 99/99/100 130/130/160 129/129/161
f 99/99/100 100/100/103 131/131/162 130/130/160
f 100/100/103 101/101/105 132/132/163 131/131/162
f 101/101/105 102/102/107 133/133/164 132/132/163
f 102/102/107 103/103/109 134/134/165 133/133/164
f 103/103/109 104/104/111 135/135/166 134/134/165
f 104/104/111 105/105/113 136/136/167 135/135/166
f 105/105/113 106/106/115 137/137/168 136/136/167
f 106/106/115 107/107/117 138/138/169 137/137/168
f 107/107/117 108/108/119 139/139/170 138/138/169
f 108/108/119 109/109/121 140/140/171 139/139/170
f 109/109/121 110/110/123 141/141/172 140/140/171
f 110/110/123 111/111/125 142/142/173 141/141/172
f 111/111/125 112/112/127 143/143/174 142/142/173
f 112/112/127 113/113/129 144/144/175 143/143/174
f 113/113/129 114/114/131 145/145/176 144/144/175
f 114/114/131 115/115/133 146/146/177 145/145/176
f 115/115/133 116/116/135 147/147/178 146/146/177
f 116/116/135 117/117/137 148/148/179 147/147/178
f 117/117/137 118/118/139 149/149/180 148/148/179
f 118/118/139 119/119/141 150/150/181 149/149/180
f 119/119/141 120/120/143 151/151/182 150/150/181
f 120/120/143 121/121/145 152/152/183 151/151/182
f 121/121/145 122/122/147 153/153/184 152/152/183
f 122/122/147 123/123/149 154/154/185 153/153/184
f 123/123/149 124/124/151 155/155/186 154/154/185
f 124/124/151 125/125/153 156/156/187 155/155/186
f 125/125/153 126/126/155 157/157/188 156/156/187
f 126/126/155 127/127/157 158/158/189 157/157/188
f 127/127/157 128/128/159 159/159/190 158/158/189
f 129/129/161 130/130/160 161/161/191 160/160/192
f 130/130/160 131/131/162 162/162/193 161/161/191
f 131/131/162 132/132/163 163/163/194 162/162/193
f 132/132/163 133/133/164 164/164/195 163/163/194
f 133/133/164 134/134/165 165/165/196 164/164/195
f 134/134/165 135/135/166 166/166/197 165/165/196
f 135/135/166 136/136/167 167/167/198 166/166/197
f 136/136/167 137/137/168 168/168/199 167/167/198
f 137/137/168 138/138/169 169/169/200 168/168/199
f 138/138/169 139/139/170 170/170/201 169/169/200
f 139/139/170 140/140/171 171/171/202 170/170/201
f 140/140/171 141/141/172 172/172/203 171/171/202
f 141/141/172 142/142/173 173/173/204 172/172/203
f 142/142/173 143/143/174 174/174/205 173/173/204
f 143/143/174 144/144/175 175/175/206 174/174/205
f 144/144/175 145/145/176 176/176/207 175/175/206
f 145/145/176 146/146/177 177/177/208 176/176/207
f 146/146/177 147/147/178 178/178/209 177/177/208
f 147/147/178 148/148/179 179/179/210 178/178/209
f 148/148/179 149/149/180 180/180/211 179/179/210
f 149/149/180 150/150/181 181/181/212 180/180/211
f 150/150/181 151/151/182 182/182/213 181/181/212
f 151/151/182 152/152/183 183/183/214 182/182/213
f 152/152/183 153/153/184 184/184/215 183/183/214
f 153/153/184 154/154/185 185/185/216 184/184/215
f 154/154/185 155/155/186 186/186/217 185/185/216
f 155/155/186 156/156/187 187/187/218 186/186/217
f 156/156/187 157/157/188 188/188/219 187/187/218
f 157/157/188 158/158/189 189/189/220 188/188/219
f 158/158/189 159/159/190 190/190/221 189/189/220
f 160/160/192 161/161/191 192/192/222 191/191/223
f 161/161/191 162/162/193 193/193/224 192/192/222
f 162/162/193 163/163/194 194/194/225 193/193/224
f 163/163/194 164/164/195 195/195/226 194/194/225
f 164/164/195 165/165/196 196/196/227 195/195/226
f 165/165/196 166/166/197 197/197/228 196/196/227
f 166/166/197 167/167/198 198/198/229 197/197/228
f 167/167/198 168/168/199 199/199/230 198/198/229
f 168/168/199 169/169/200 200/200/231 199/199/230
f 169/169/200 170/170/201 201/201/232 200/200/231
f 170/170/201 171/171/202 202/202/233 201/201/232
f 171/171/202 172/172/203 203/203/234 202/202/233
f 172/172/203 173/173/204 204/204/235 203/203/234
f 173/173/204 174/174/205 205/205/236 204/204/235
f 174/174/205 175/175/206 206/206/237 205/205/236
f 175/175/206 176/176/207 207/207/238 206/206/237
f 176/176/207 177/177/208 208/208/239 207/207/238
f 177/177/208 178/178/209 209/209/240 208/208/239
f 178/178/209 179/179/210 210/210/241 209/209/240
f 179/179/210 180/180/211 211/211/242 210/210/241
f 180/180/211 181/181/212 212/212/243 211/211/242
f 181/181/212 182/182/213 213/213/244 212/212/243
f 182/182/213 183/183/214 214/214/245 213/213/244
f 183/183/214 184/184/215 215/215/246 214/214/245
f 184/184/215 185/185/216 216/216/247 215/215/246
f 185/185/216 186/186/217 217/217/248 216/216/247
f 186/186/217 187/187/218 218/218/249 217/217/248
f 187/187/218 188/188/219 219/219/250 218/218/249
f 188/188/219 189/189/220 220/220/251 219/219/250
f 189/189/220 190/190/221 221/221/252 220/220/251
f 191/191/223 192/192/222 223/223/253 222/222/254
f 192/192/222 193/193/224 224/224/255 223/223/253
f 193/193/224 194/194/225 225/225/256 224/224/255
f 194/194/225 195/195/226 226/226/257 225/225/256
f 195/195/226 196/196/227 227/227/258 226/226/257
f 196/196/227 197/197/228 228/228/259 227/227/258
f 197/197/228 198/198/229 229/229/260 228/228/259
f 198/198/229 199/199/230 230/230/261 229/229/260
f 199/199/230 200/200/231 231/231/262 230/230/261
f 200/200/231 201/201/232 232/232/263 231/231/262
f 201/201/232 202/202/233 233/233/264 232/232/263
f 202/202/233 203/203/234 234/234/265 233/233/264
f 203/203/234 204/204/235 235/235/266 234/234/265
f 204/204/235 205/205/236 236/236/267 235/235/266
f 205/205/236 206/206/237 237/237/268 236/236/267
f 206/206/237 207/207/238 238/238/269 237/237/268
f 207/207/238 208/208/239 239/239/270 238/238/269
f 208/208/239 209/209/240 240/240/271 239/239/270
f 209/209/240 210/210/241 241/241/272 240/240/271
f 210/210/241 211/211/242 242/242/273 241/241/272
f 211/211/242 212/212/243 243/243/274 242/242/273
f 212/212/243 213/213/244 244/244/275 243/243/274
f 213/213/244 214/214/245 245/245/276 244/244/275
f 214/214/245 215/215/246 246/246/277 245/245/276
f 215/215/246 216/216/247 247/247/278 246/246/277
f 216/216/247 217/217/248 248/248/279 247/247/278
f 217/217/248 218/218/249 249/249/280 248/248/279
f 218/218/249 219/219/250 250/250/281 249/249/280
f 219/219/250 220/220/251 251/251/282 250/250/281
f 220/220/251 221/221/252 252/252/283 251/251/282
f 222/222/254 223/223/253 254/254/284 253/253/285
f 223/223/253 224/224/255 255/255/286 254/254/284
f 224/224/255 225/225/256 256/256/287 255/255/286
f 225/225/256 226/226/257 257/257/288 256/256/287
f 226/226/257 227/227/258 258/258/289 257/257/288
f 227/227/258 228/228/259 259/259/290 258/258/289
f 228/228/259 229/229/260 260/260/291 259/259/290
f 229/229/260 230/230/261 261/261/292 260/260/291
f 230/230/261 231/231/262 262/262/293 261/261/292
f 231/231/262 232/232/263 263/263/294 262/262/293
f 232/232/263 233/233/264 264/264/295 263/263/294
f 233/233/264 234/234/265 265/265/296 264/264/295
f 234/234/265 235/235/266 266/266/297 265/265/296
f 235/235/266 236/236/267 267/267/298 266/266/297
f 236/236/267 237/237/268 268/268/299 267/267/298
f 237/237/268 238/238/269 269/269/300 268/268/299
f 238/238/269 239/239/270 270/270/301 269/269/300
f 239/239/270 240/240/271 271/271/302 270/270/301
f 240/240/271 241/241/272 272/272/303 271/271/302
f 241/241/272 242/242/273 273/273/304 272/272/303
f 242/242/273 243/243/274 274/274/305 273/273/304
f 243/243/274 244/244/275 275/275/306 274/274/305
f 244/244/275 245/245/276 276/276/307 275/275/306
f 245/245/276 246/246/277 277/277/308 276/276/307
f 246/246/277 247/247/278 278/278/309 277/277/308
f 247/247/278 248/248/279 279/279/310 278/278/309
f 248/248/279 249/249/280 280/280/311 279/279/310
f 249/249/280 250/250/281 281/281/312 280/280/311
f 250/250/281 251/251/282 282/282/313 281/281/312
f 251/251/282 252/252/283 283/283/314 282/282/313
f 253/253/285 254/254/284 285/285/315 284/284/316
f 254/254/284 255/255/286 286/286/317 285/285/315
f 255/255/286 256/256/287 287/287/318 286/286/317
f 256/256/287 257/257/288 288/288/319 287/287/318
f 257/257/288 258/258/289 289/289/320 288/288/319
f 258/258/289 259/259/290 290/290/321 289/289/320
f 259/259/290 260/260/291 291/291/322 290/290/321
f 260/260/291 261/261/292 292/292/323 291/291/322
f 261/261/292 262/262/293 293/293/324 292/292/323
f 262/262/293 263/263/294 294/294/325 293/293/324
f 263/263/294 264/264/295 295/295/326 294/294/325
f 264/264/295 265/265/296 296/296/327 295/295/326
f 265/265/296 266/266/297 297/297/328 296/296/327
f 266/266/297 267/267/298 298/298/329 297/297/328
f 267/267/298 268/268/299 299/299/330 298/298/329
f 268/268/299 269/269/300 300/300/331 299/299/330
f 269/269/300 270/270/301 301/301/332 300/300/331
f 270/270/301 271/271/302 302/302/333 301/301/332
f 271/271/302 272/272/303 303/303/334 302/302/333
f 272/272/303 273/273/304 304/304/335 303/303/334
f 273/273/304 274/274/305 305/305/336 304/304/335
f 274/274/305 275/275/306 306/306/337 305/305/336
f 275/275/306 276/276/307 307/307/338 306/306/337
f 276/276/307 277/277/308 308/308/339 307/307/338
f 277/277/308 278/278/309 309/309/340 308/308/339
f 278/278/309 279/279/310 310/310/341 309/309/340
f 279/279/310 280/280/311 311/311/342 310/310/341
f 280/280/311 281/281/312 312/312/343 311/311/342
f 281/281/312 282/282/313 313/313/344 312/312/343
f 282/282/313 283/283/314 314/314/345 313/313/344
f 284/284/316 285/285/315 316/316/346 315/315/347
f 285/285/315 286/286/317 317/317/348 316/316/346
f 286/286/317 287/287/318 318/318/349 317/317/348
f 287/287/318 288/288/319 319/319/350 318/318/349
f 288/288/319 289/289/320 320/320/351 319/319/350
f 289/289/320 290/290/321 321/321/352 320/320/351
f 290/290/321 291/291/322 322/322/353 321/321/352
f 291/291/322 292/292/323 323/323/354 322/322/353
f 292/292/323 293/293/324 324/324/355 323/323/354
f 293/293/324 294/294/325 325/325/356 324/324/355
f 294/294/325 295/295/326 326/326/357 325/325/356
f 295/295/326 296/296/327 327/327/358 326/326/357
f 296/296/327 297/297/328 328/328/359 327/327/358
f 297/297/328 298/298/329 329/329/360 328/328/359
f 298/298/329 299/299/330 330/330/361 329/329/360
f 299/299/330 300/300/331 331/331/362 330/330/361
f 300/300/331 301/301/332 332/332/363 331/331/362
f 301/301/332 302/302/333 333/333/364 332/332/363
f 302/302/333 303/303/334 334/334/365 333/333/364
f 303/303/334 304/304/335 335/335/366 334/334/365
f 304/304/335 305/305/336 336/336/367 335/335/366
f 305/305/336 306/306/337 337/337/368 336/336/367
f 306/306/337 307/307/338 338/338/369 337/337/368
f 307/307/338 308/308/339 339/339/370 338/338/369
f 308/308/339 309/309/340 340/340/371 339/339/370
f 309/309/340 310/310/341 341/341/372 340/340/371
f 310/310/341 311/311/342 342/342/373 341/341/372
f 311/311/342 312/312/343 343/343/374 342/342/373
f 312/312/343 313/313/344 344/344/375 343/343/374
f 313/313/344 314/314/345 345/345/376 344/344/375
f 315/315/347 316/316/346 347/347/377 346/346/378
f 316/316/346 317/317/348 348/348/379 347/347/377
f 317/317/348 318/318/349 349/349/380 348/348/379
f 318/318/349 319/319/350 350/350/381 349/349/380
f 319/319/350 320/320/351 351/351/382 350/350/381
f 320/320/351 321/321/352 352/352/383 351/351/382
f 321/321/352 322/322/353 353/353/384 352/352/383
f 322/322/353 323/323/354 354/354/385 353/353/384
f 323/323/354 324/324/355 355/355/386 354/354/385
f 324/324/355 325/325/356 356/356/387 355/355/386
f 325/325/356 326/326/357 357/357/388 356/356/387
f 326/326/357 327/327/358 358/358/389 357/357/388
f 327/327/358 328/328/359 359/359/390 358/358/389
f 328/328/359 329/329/360 360/360/391 359/359/390
f 329/329/360 330/330/361 361/361/392 360/360/391
f 330/330/361 331/331/362 362/362/393 361/361/392
f 331/331/362 332/332/363 363/363/394 362/362/393
f 332/332/363 333/333/364 364/364/395 363/363/394
f 333/333/364 334/334/365 365/365/396 364/364/395
f 334/334/365 335/335/366 366/366/397 365/365/396
f 335/335/366 336/336/367 367/367/398 366/366/397
f 336/336/367 337/337/368 368/368/399 367/367/398
f 337/337/368 338/338/369 369/369/400 368/368/399
f 338/338/369 339/339/370 370/370/401 369/369/400
f 339/339/370 340/340/371 371/371/402 370/370/401
f 340/340/371 341/341/372 372/372/403 371/371/402
f 341/341/372 342/342/373 373/373/404 372/372/403
f 342/342/373 343/343/374 374/374/405 373/373/404
f 343/343/374 344/344/375 375/375/406 374/374/405
f 344/344/375 345/345/376 376/376/407 375/375/406
f 346/346/378 347/347/377 378/378/408 377/377/409
f 347/347/377 348/348/379 379/379/410 378/378/408
f 348/348/379 349/349/380 380/380/411 379/379/410
f 349/349/380 350/350/381 381/381/412 380/380/411
f 350/350/381 351/351/382 382/382/413 381/381/412
f 351/351/382 352/352/383 383/383/414 382/382/413
f 352/352/383 353/353/384 384/384/415 383/383/414
f 353/353/384 354/354/385 385/385/416 384/384/415
f 354/354/385 355/355/386 386/386/417 385/385/416
f 355/355/386 356/356/387 387/387/418 386/386/417
f 356/356/387 357/357/388 388/388/419 387/387/418
f 357/357/388 358/358/389 389/389/420 388/388/419
f 358/358/389 359/359/390 390/390/421 389/389/420
f 359/359/390 360/360/391 391/391/422 390/390/421
f 360/360/391 361/361/392 392/392/423 391/391/422
f 361/361/392 362/362/393 393/393/424 392/392/423
f 362/362/393 363/363/394 394/394/425 393/393/424
f 363/363/394 364/364/395 395/395/426 394/394/425
f 364/364/395 365/365/396 396/396/427 395/395/426
f 365/365/396 366/366/397 397/397/428 396/396/427
f 366/366/397 367/367/398 398/398/429 397/397/428
f 367/367/398 368/368/399 399/399/430 398/398/429
f 368/368/399 369/369/400 400/400/431 399/399/430
f 369/369/400 370/370/401 401/401/432 400/400/431
f 370/370/401 371/371/402 402/402/433 401/401/432
f 371/371/402 372/372/403 403/403/434 402/402/433
f 372/372/403 373/373/404 404/404/435 403/403/434
f 373/373/404 374/374/405 405/405/436 404/404/435
f 374/374/405 375/375/406 406/406/437 405/405/436
f 375/375/406 376/376/407 407/407/438 406/406/437
f 377/377/409 378/378/408 409/409/439 408/408/440
f 378/378/408 379/379/410 410/410/441 409/409/439
f 379/379/410 380/380/411 411/411/442 410/410/441
f 380/380/411 381/381/412 412/412/443 411/411/442
f 381/381/412 382/382/413 413/413/444 412/412/443
f 382/382/413 383/383/414 414/414/445 413/413/444
f 383/383/414 384/384/415 415/415/446 414/414/445
f 384/384/415 385/385/416 416/416/447 415/415/446
f 385/385/416 386/386/417 417/417/448 416/416/447
f 386/386/417 387/387/418 418/418/449 417/417/448
f 387/387/418 388/388/419 419/419/450 418/418/449
f 388/388/419 389/389/420 420/420/451 419/419/450
f 389/389/420 390/390/421 421/421/452 420/420/451
f 390/390/421 391/391/422 422/422/453 421/421/452
f 391/391/422 392/392/423 423/423/454 422/422/453
f 392/392/423 393/393/424 424/424/455 423/423/454
f 393/393/424 394/394/425 425/425/456 424/424/455
f 394/394/425 395/395/426 426/426/457 425/425/456
f 395/395/426 396/396/427 427/427/458 426/426/457
f 396/396/427 397/397/428 428/428/459 427/427/458
f 397/397/428 398/398/429 429/429/460 428/428/459
f 398/398/429 399/399/430 430/430/461 429/429/460
f 399/399/430 400/400/431 431/431/462 430/430/461
f 400/400/431 401/401/432 432/432/463 431/431/462
f 401/401/432 402/402/433 433/433/464 432/432/463
f 402/402/433 403/403/434 434/434/465 433/433/464
f 403/403/434 404/404/435 435/435/466 434/434/465
f 404/404/435 405/405/436 436/436/467 435/435/466
f 405/405/436 406/406/437 437/437/468 436/436/467
f 406/406/437 407/407/438 438/438/469 437/437/468
f 408/408/440 409/409/439 440/440/470 439/439/471
f 409/409/439 410/410/441 441/441/472 440/440/470
f 410/410/441 411/411/442 442/442/473 441/441/472
f 411/411/442 412/412/443 443/443/474 442/442/473
f 412/412/443 413/413/444 444/444/475 443/443/474
f 413/413/444 414/414/445 445/445/476 444/444/475
f 414/414/445 415/415/446 446/446/477 445/445/476
f 415/415/446 416/416/447 447/447/478 446/446/477
f 416/416/447 417/417/448 448/448/479 447/447/478
f 417/417/448 418/418/449 449/449/480 448/448/479
f 418/418/449 419/419/450 450/450/481 449/449/480
f 419/419/450 420/420/451 451/451/482 450/450/481
f 420/420/451 421/421/452 452/452/483 451/451/482
f 421/421/452 422/422/453 453/453/484 452/452/483
f 422/422/453 423/423/454 454/454/485 453/453/484
f 423/423/454 424/424/455 455/455/486 454/454/485
f 424/424/455 425/425/456 456/456/487 455/455/486
f 425/425/456 426/426/457 457/457/488 456/456/487
f 426/426/457 427/427/458 458/458/489 457/457/488
f 427/427/458 428/428/459 459/459/490 458/458/489
f 428/428/459 429/429/460 460/460/491 459/459/490
f 429/429/460 430/430/461 461/461/492 460/460/491
f 430/430/461 431/431/462 462/462/493 461/461/492
f 431/431/462 432/432/463 463/463/494 462/462/493
f 432/432/463 433/433/464 464/464/495 463/463/494
f 433/433/464 434/434/465 465/465/496 464/464/495
f 434/434/465 435/435/466 466/466/497 465/465/496
f 435/435/466 436/436/467 467/467/498 466/466/497
f 436/436/467 437/437/468 468/468/499 467/467/498
f 437/437/468 438/438/469 469/469/500 468/468/499
f 439/439/471 440/440/470 471/471/501 470/470/502
f 440/440/470 441/441/472 472/472/503 471/471/501
f 441/441/472 442/442/473 473/473/504 472/472/503
f 442/442/473 443/443/474 474/474/505 473/473/504
f 443/443/474 444/444/475 475/475/506 474/474/505
f 444/444/475 445/445/476 476/476/507 475/475/506
f 445/445/476 446/446/477 477/477/508 476/476/507
f 446/446/477 447/447/478 478/478/509 477/477/508
f 447/447/478 448/448/479 479/479/510 478/478/509
f 448/448/479 449/449/480 480/480/511 479/479/510
f 449/449/480 450/450/481 481/481/512 480/480/511
f 450/450/481 451/451/482 482/482/513 481/481/512
f 451/451/482 452/452/483 483/483/514 482/482/513
f 452/452/483 453/453/484 484/484/515 483/483/514
f 453/453/484 454/454/485 485/485/516 484/484/515
f 454/454/485 455/455/486 486/486/517 485/485/516
f 455/455/486 456/456/487 487/487/518 486/486/517
f 456/456/487 457/457/488 488/488/519 487/487/518
f 457/457/488 458/458/489 489/489/520 488/488/519
f 458/458/489 459/459/490 490/490/521 489/489/520
f 459/459/490 460/460/491 491/491/522 490/490/521
f 460/460/491 461/461/492 492/492/523 491/491/522
f 461/461/492 462/462/493 493/493/524 492/492/523
f 462/462/493 463/463/494 494/494/525 493/493/524
f 463/463/494 464/464/495 495/495/526 494/494/525
f 464/464/495 465/465/496 496/496/527 495/495/526
f 465/465/496 466/466/497 497/497/528 496/496/527
f 466/466/497 467/467/498 498/498/529 497/497/528
f 467/467/498 468/468/499 499/499/530 498/498/529
f 468/468/499 469/469/500 500/500/531 499/499/530
f 470/470/502 471/471/501 502/502/532 501/501/533
f 471/471/501 472/472/503 503/503/534 502/502/532
f 472/472/503 473/473/504 504/504/535 503/503/534
f 473/473/504 474/474/505 505/505/536 504/504/535
f 474/474/505 475/475/506 506/506/537 505/505/536
f 475/475/506 476/476/507 507/507/538 506/506/537
f 476/476/507 477/477/508 508/508/539 507/507/538
f 477/477/508 478/478/509 509/509/540 508/508/539
f 478/478/509 479/479/510 510/510/541 509/509/540
f 479/479/510 480/480/511 511/511/542 510/510/541
f 480/480/511 481/481/512 512/512/543 511/511/542
f 481/481/512 482/482/513 513/513/544 512/512/543
f 482/482/513 483/483/514 514/514/545 513/513/544
f 483/483/514 484/484/515 515/515/546 514/514/545
f 484/484/515 485/485/516 516/516/547 515/515/546
f 485/485/516 486/486/517 517/517/548 516/516/547
f 486/486/517 487/487/518 518/518/549 517/517/548
f 487/487/518 488/488/519 519/519/550 518/518/549
f 488/488/519 489/489/520 520/520/551 519/519/550
f 489/489/520 490/490/521 521/521/552 520/520/551
f 490/490/521 491/491/522 522/522/553 521/521/552
f 491/491/522 492/492/523 523/523/554 522/522/553
f 492/492/523 493/493/524 524/524/555 523/523/554
f 493/493/524 494/494/525 525/525/556 524/524/555
f 494/494/525 495/495/526 526/526/557 525/525/556
f 495/495/526 496/496/527 527/527/558 526/526/557
f 496/496/527 497/497/528 528/528/559 527/527/558
f 497/497/528 498/498/529 529/529/560 528/528/559
f 498/498/529 499/499/530 530/530/561 529/529/560
f 499/499/530 500/500/531 531/531/562 530/530/561
f 501/501/533 502/502/532 533/533/563 532/532/564
f 502/502/532 503/503/534 534/534/565 533/533/563
f 503/503/534 504/504/535 535/535/566 534/534/565
f 504/504/535 505/505/536 536/536/567 535/535/566
f 505/505/536 506/506/537 537/537/568 536/536/567
f 506/506/537 507/507/538 538/538/569 537/537/568
f 507/507/538 508/508/539 539/539/570 538/538/569
f 508/508/539 509/509/540 540/540/571 539/539/570
f 509/509/540 510/510/541 541/541/572 540/540/571
f 510/510/541 511/511/542 542/542/573 541/541/572
f 511/511/542 512/512/543 543/543/574 542/542/573
f 512/512/543 513/513/544 544/544/575 543/543/574
f 513/513/544 514/514/545 545/545/576 544/544/575
f 514/514/545 515/515/546 546/546/577 545/545/576
f 515/515/546 516/516/547 547/547/578 546/546/577
f 516/516/547 517/517/548 548/548/579 547/547/578
f 517/517/548 518/518/549 549/549/580 548/548/579
f 518/518/549 519/519/550 550/550/581 549/549/580
f 519/519/550 520/520/551 551/551/582 550/550/581
f 520/520/551 521/521/552 552/552/583 551/551/582
f 521/521/552 522/522/553 553/553/584 552/552/583
f 522/522/553 523/523/554 554/554/585 553/553/584
f 523/523/554 524/524/555 555/555/586 554/554/585
f 524/524/555 525/525/556 556/556/587 555/555/586
f 525/525/556 526/526/557 557/557/588 556/556/587
f 526/526/557 527/527/558 558/558/589 557/557/588
f 527/527/558 528/528/559 559/559/590 558/558/589
f 528/528/559 529/529/560 560/560/591 559/559/590
f 529/529/560 530/530/561 561/561/592 560/560/591
f 530/530/561 531/531/562 562/562/593 561/561/592
f 532/532/564 533/533/563 564/564/594 563/563/595
f 533/533/563 534/534/565 565/565/596 564/564/594
f 534/534/565 535/535/566 566/566/597 565/565/596
f 535/535/566 536/536/567 567/567/598 566/566/597
f 536/536/567 537/537/568 568/568/599 567/567/598
f 537/537/568 538/538/569 569/569/600 568/568/599
f 538/538/569 539/539/570 570/570/601 569/569/600
f 539/539/570 540/540/571 571/571/602 570/570/601
f 540/540/571 541/541/572 572/572/603 571/571/602
f 541/541/572 542/542/573 573/573/604 572/572/603
f 542/542/573 543/543/574 574/574/605 573/573/604
f 543/543/574 544/544/575 575/575/606 574/574/605
f 544/544/575 545/545/576 576/576/607 575/575/606
f 545/545/576 546/546/577 577/577/608 576/576/607
f 546/546/577 547/547/578 578/578/609 577/577/608
f 547/547/578 548/548/579 579/579/610 578/578/609
f 548/548/579 549/549/580 580/580/611 579/579/610
f 549/549/580 550/550/581 581/581/612 580/580/611
f 550/550/581 551/551/582 582/582/613 581/581/612
f 551/551/582 552/552/583 583/583/614 582/582/613
f 552/552/583 553/553/584 584/584/615 583/583/614
f 553/553/584 554/554/585 585/585/616 584/584/615
f 554/554/585 555/555/586 586/586/617 585/585/616
f 555/555/586 556/556/587 587/587/618 586/586/617
f 556/556/587 557/557/588 588/588/619 587/587/618
f 557/557/588 558/558/589 589/589/620 588/588/619
f 558/558/589 559/559/590 590/590/621 589/589/620
f 559/559/590 560/560/591 591/591/622 590/590/621
f 560/560/591 561/561/592 592/592/623 591/591/622
f 561/561/592 562/562/593 593/593/624 592/592/623
f 563/563/595 564/564/594 595/595/625 594/594/626
f 564/564/594 565/565/596 596/596/627 595/595/625
f 565/565/596 566/566/597 597/597/628 596/596/627
f 566/566/597 567/567/598 598/598/629 597/597/628
f 567/567/598 568/568/599 599/599/630 598/598/629
f 568/568/599 569/569/600 600/600/631 599/599/630
f 569/569/600 570/570/601 601/601/632 600/600/631
f 570/570/601 571/571/602 602/602/633 601/601/632
f 571/571/602 572/572/603 603/603/634 602/602/633
f 572/572/603 573/573/604 604/604/635 603/603/634
f 573/573/604 574/574/605 605/605/636 604/604/635
f 574/574/605 575/575/606 606/606/637 605/605/636
f 575/575/606 576/576/607 607/607/638 606/606/637
f 576/576/607 577/577/608 608/608/639 607/607/638
f 577/577/608 578/578/609 609/609/640 608/608/639
f 578/578/609 579/579/610 610/610/641 609/609/640
f 579/579/610 580/580/611 611/611/642 610/610/641
f 580/580/611 581/581/612 612/612/643 611/611/642
f 581/581/612 582/582/613 613/613/644 612/612/643
f 582/582/613 583/583/614 614/614/645 613/613/644
f 583/583/614 584/584/615 615/615/646 614/614/645
f 584/584/615 585/585/616 616/616/647 615/615/646
f 585/585/616 586/586/617 617/617/648 616/616/647
f 586/586/617 587/587/618 618/618/649 617/617/648
f 587/587/618 588/588/619 619/619/650 618/618/649
f 588/588/619 589/589/620 620/620/651 619/619/650
f 589/589/620 590/590/621 621/621/652 620/620/651
f 590/590/621 591/591/622 622/622/653 621/621/652
f 591/591/622 592/592/623 623/623/654 622/622/653
f 592/592/623 593/593/624 624/624/655 623/623/654
f 594/594/626 595/595/625 626/626/656 625/625/657
f 595/595/625 596/596/627 627/627/658 626/626/656
f 596/596/627 597/597/628 628/628/659 627/627/658
f 597/597/628 598/598/629 629/629/660 628/628/659
f 598/598/629 599/599/630 630/630/661 629/629/660
f 599/599/630 600/600/631 631/631/662 630/630/661
f 600/600/631 601/601/632 632/632/663 631/631/662
f 601/601/632 602/602/633 633/633/664 632/632/663
f 602/602/633 603/603/634 634/634/665 633/633/664
f 603/603/634 604/604/635 635/635/666 634/634/665
f 604/604/635 605/605/636 636/636/667 635/635/666
f 605/605/636 606/606/637 637/637/668 636/636/667
f 606/606/637 607/607/638 638/638/669 637/637/668
f 607/607/638 608/608/639 639/639/670 638/638/669
f 608/608/639 609/609/640 640/640/671 639/639/670
f 609/609/640 610/610/641 641/641/672 640/640/671
f 610/610/641 611/611/642 642/642/673 641/641/672
f 611/611/642 612/612/643 643/643/674 642/642/673
f 612/612/643 613/613/644 644/644/675 643/643/674
f 613/613/644 614/614/645 645/645/676 644/644/675
f 614/614/645 615/615/646 646/646/677 645/645/676
f 615/615/646 616/616/647 647/647/678 646/646/677
f 616/616/647 617/617/648 648/648/679 647/647/678
f 617/617/648 618/618/649 649/649/680 648/648/679
f 618/618/649 619/619/650 650/650/681 649/649/680
f 619/619/650 620/620/651 651/651/682 650/650/681
f 620/620/651 621/621/652 652/652/683 651/651/682
f 621/621/652 622/622/653 653/653/684 652/652/683
f 622/622/653 623/623/654 654/654/685 653/653/684
f 623/623/654 624/624/655 655/655/686 654/654/685
f 625/625/657 626/626/656 657/657/687 656/656/688
f 626/626/656 627/627/658 658/658/689 657/657/687
f 627/627/658 628/628/659 659/659/690 658/658/689
f 628/628/659 629/629/660 660/660/691 659/659/690
f 629/629/660 630/630/661 661/661/692 660/660/691
f 630/630/661 631/631/662 662/662/693 661/661/692
f 631/631/662 632/632/663 663/663/694 662/662/693
f 632/632/663 633/633/664 664/664/695 663/663/694
f 633/633/664 634/634/665 665/665/696 664/664/695
f 634/634/665 635/635/666 666/666/697 665/665/696
f 635/635/666 636/636/667 667/667/698 666/666/697
f 636/636/667 637/637/668 668/668/699 667/667/698
f 637/637/668 638/638/669 669/669/700 668/668/699
f 638/638/669 639/639/670 670/670/701 669/669/700
f 639/639/670 640/640/671 671/671/702 670/670/701
f 640/640/671 641/641/672 672/672/703 671/671/702
f 641/641/672 642/642/673 673/673/704 672/672/703
f 642/642/673 643/643/674 674/674/705 673/673/704
f 643/643/674 644/644/675 675/675/706 674/674/705
f 644/644/675 645/645/676 676/676/707 675/675/706
f 645/645/676 646/646/677 677/677/708 676/676/707
f 646/646/677 647/647/678 678/678/709 677/677/708
f 647/647/678 648/648/679 679/679/710 678/678/709
f 648/648/679 649/649/680 680/680/711 679/679/710
f 649/649/680 650/650/681 681/681/712 680/680/711
f 650/650/681 651/651/682 682/682/713 681/681/712
f 651/651/682 652/652/683 683/683/714 682/682/713
f 652/652/683 653/653/684 684/684/715 683/683/714
f 653/653/684 654/654/685 685/685/716 684/684/715
f 654/654/685 655/655/686 686/686/717 685/685/716
f 656/656/688 657/657/687 688/688/718 687/687/719
f 657/657/687 658/658/689 689/689/720 688/688/718
f 658/658/689 659/659/690 690/690/721 689/689/720
f 659/659/690 660/660/691 691/691/722 690/690/721
f 660/660/691 661/661/692 692/692/723 691/691/722
f 661/661/692 662/662/693 693/693/724 692/692/723
f 662/662/693 663/663/694 694/694/725 693/693/724
f 663/663/694 664/664/695 695/695/726 694/694/725
f 664/664/695 665/665/696 696/696/727 695/695/726
f 665/665/696 666/666/697 697/697/728 696/696/727
f 666/666/697 667/667/698 698/698/729 697/697/728
f 667/667/698 668/668/699 699/699/730 698/698/729
f 668/668/699 669/669/700 700/700/731 699/699/730
f 669/669/700 670/670/701 701/701/732 700/700/731
f 670/670/701 671/671/702 702/702/733 701/701/732
f 671/671/702 672/672/703 703/703/734 702/702/733
f 672/672/703 673/673/704 704/704/735 703/703/734
f 673/673/704 674/674/705 705/705/736 704/704/735
f 674/674/705 675/675/706 706/706/737 705/705/736
f 675/675/706 676/676/707 707/707/738 706/706/737
f 676/676/707 677/677/708 708/708/739 707/707/738
f 677/677/708 678/678/709 709/709/740 708/708/739
f 678/678/709 679/679/710 710/710/741 709/709/740
f 679/679/710 680/680/711 711/711/742 710/710/741
f 680/680/711 681/681/712 712/712/743 711/711/742
f 681/681/712 682/682/713 713/713/744 712/712/743
f 682/682/713 683/683/714 714/714/745 713/713/744
f 683/683/714 684/684/715 715/715/746 714/714/745
f 684/684/715 685/685/716 716/716/747 715/715/746
f 685/685/716 686/686/717 717/717/748 716/716/747
f 687/687/719 688/688/718 719/719/749 718/718/750
f 688/688/718 689/689/720 720/720/751 719/719/749
f 689/689/720 690/690/721 721/721/752 720/720/751
f 690/690/721 691/691/722 722/722/753 721/721/752
f 691/691/722 692/692/723 723/723/754 722/722/753
f 692/692/723 693/693/724 724/724/755 723/723/754
f 693/693/724 694/694/725 725/725/756 724/724/755
f 694/694/725 695/695/726 726/726/757 725/725/756
f 695/695/726 696/696/727 727/727/758 726/726/757
f 696/696/727 697/697/728 728/728/759 727/727/758
f 697/697/728 698/698/729 729/729/760 728/728/759
f 698/698/729 699/699/730 730/730/761 729/729/760
f 699/699/730 700/700/731 731/731/762 730/730/761
f 700/700/731 701/701/732 732/732/763 731/731/762
f 701/701/732 702/702/733 733/733/764 732/732/763
f 702/702/733 703/703/734 734/734/765 733/733/764
f 703/703/734 704/704/735 735/735/766 734/734/765
f 704/704/735 705/705/736 736/736/767 735/735/766
f 705/705/736 706/706/737 737/737/768 736/736/767
f 706/706/737 707/707/738 738/738/769 737/737/768
f 707/707/738 708/708/739 739/739/770 738/738/769
f 708/708/739 709/709/740 740/740/771 739/739/770
f 709/709/740 710/710/741 741/741/772 740/740/771
f 710/710/741 711/711/742 742/742/773 741/741/772
f 711/711/742 712/712/743 743/743/774 742/742/773
f 712/712/743 713/713/744 744/744/775 743/743/774
f 713/713/744 714/714/745 745/745/776 744/744/775
f 714/714/745 715/715/746 746/746/777 745/745/776
f 715/715/746 716/716/747 747/747/778 746/746/777
f 716/716/747 717/717/748 748/748/779 747/747/778
f 718/718/750 719/719/749 750/750/780 749/749/781
f 719/719/749 720/720/751 751/751/782 750/750/780
f 720/720/751 721/721/752 752/752/783 751/751/782
f 721/721/752 722/722/753 753/753/784 752/752/783
f 722/722/753 723/723/754 754/754/785 753/753/784
f 723/723/754 724/724/755 755/755/786 754/754/785
f 724/724/755 725/725/756 756/756/787 755/755/786
f 725/725/756 726/726/757 757/757/788 756/756/787
f 726/726/757 727/727/758 758/758/789 757/757/788
f 727/727/758 728/728/759 759/759/790 758/758/789
f 728/728/759 729/729/760 760/760/791 759/759/790
f 729/729/760 730/730/761 761/761/792 760/760/791
f 730/730/761 731/731/762 762/762/793 761/761/792
f 731/731/762 732/732/763 763/763/794 762/762/793
f 732/732/763 733/733/764 764/764/795 763/763/794
f 733/733/764 734/734/765 765/765/796 764/764/795
f 734/734/765 735/735/766 766/766/797 765/765/796
f 735/735/766 736/736/767 767/767/798 766/766/797
f 736/736/767 737/737/768 768/768/799 767/767/798
f 737/737/768 738/738/769 769/769/800 768/768/799
f 738/738/769 739/739/770 770/770/801 769/769/800
f 739/739/770 740/740/771 771/771/802 770/770/801
f 740/740/771 741/741/772 772/772/803 771/771/802
f 741/741/772 742/742/773 773/773/804 772/772/803
f 742/742/773 743/743/774 774/774/805 773/773/804
f 743/743/774 744/744/775 775/775/806 774/774/805
f 744/744/775 745/745/776 776/776/807 775/775/806
f 745/745/776 746/746/777 777/777/808 776/776/807
f 746/746/777 747/747/778 778/778/809 777/777/808
f 747/747/778 748/748/779 779/779/810 778/778/809
f 749/749/781 750/750/780 781/781/811 780/780/812
f 750/750/780 751/751/782 782/782/813 781/781/811
f 751/751/782 752/752/783 783/783/814 782/782/813
f 752/752/783 753/753/784 784/784/815 783/783/814
f 753/753/784 754/754/785 785/785/816 784/784/815
f 754/754/785 755/755/786 786/786/817 785/785/816
f 755/755/786 756/756/787 787/787/818 786/786/817
f 756/756/787 757/757/788 788/788/819 787/787/818
f 757/757/788 758/758/789 789/789/820 788/788/819
f 758/758/789 759/759/790 790/790/821 789/789/820
f 759/759/790 760/760/791 791/791/822 790/790/821
f 760/760/791 761/761/792 792/792/823 791/791/822
f 761/761/792 762/762/793 793/793/824 792/792/823
f 762/762/793 763/763/794 794/794/825 793/793/824
f 763/763/794 764/764/795 795/795/826 794/794/825
f 764/764/795 765/765/796 796/796/827 795/795/826
f 765/765/796 766/766/797 797/797/828 796/796/827
f 766/766/797 767/767/798 798/798/829 797/797/828
f 767/767/798 768/768/799 799/799/830 798/798/829
f 768/768/799 769/769/800 800/800/831 799/799/830
f 769/769/800 770/770/801 801/801/832 800/800/831
f 770/770/801 771/771/802 802/802/833 801/801/832
f 771/771/802 772/772/803 803/803/834 802/802/833
f 772/772/803 773/773/804 804/804/835 803/803/834
f 773/773/804 774/774/805 805/805/836 804/804/835
f 774/774/805 775/775/806 806/806/837 805/805/836
f 775/775/806 776/776/807 807/807/838 806/806/837
f 776/776/807 777/777/808 808/808/839 807/807/838
f 777/777/808 778/778/809 809/809/840 808/808/839
f 778/778/809 779/779/810 810/810/841 809/809/840
f 780/780/812 781/781/811 812/812/842 811/811/843
f 781/781/811 782/782/813 813/813/844 812/812/842
f 782/782/813 783/783/814 814/814/845 813/813/844
f 783/783/814 784/784/815 815/815/846 814/814/845
f 784/784/815 785/785/816 816/816/847 815/815/846
f 785/785/816 786/786/817 817/817/848 816/816/847
f 786/786/817 787/787/818 818/818/849 817/817/848
f 787/787/818 788/788/819 819/819/850 818/818/849
f 788/788/819 789/789/820 820/820/851 819/819/850
f 789/789/820 790/790/821 821/821/852 820/820/851
f 790/790/821 791/791/822 822/822/853 821/821/852
f 791/791/822 792/792/823 823/823/854 822/822/853
f 792/792/823 793/793/824 824/824/855 823/823/854
f 793/793/824 794/794/825 825/825/856 824/824/855
f 794/794/825 795/795/826 826/826/857 825/825/856
f 795/795/826 796/796/827 827/827/858 826/826/857
f 796/796/827 797/797/828 828/828/859 827/827/858
f 797/797/828 798/798/829 829/829/860 828/828/859
f 798/798/829 799/799/830 830/830/861 829/829/860
f 799/799/830 800/800/831 831/831/862 830/830/861
f 800/800/831 801/801/832 832/832/863 831/831/862
f 801/801/832 802/802/833 833/833/864 832/832/863
f 802/802/833 803/803/834 834/834/865 833/833/864
f 803/803/834 804/804/835 835/835/866 834/834/865
f 804/804/835 805/805/836 836/836/867 835/835/866
f 805/805/836 806/806/837 837/837/868 836/836/867
f 806/806/837 807/807/838 838/838/869 837/837/868
f 807/807/838 808/808/839 839/839/870 838/838/869
f 808/808/839 809/809/840 840/840/871 839/839/870
f 809/809/840 810/810/841 841/841/872 840/840/871
f 811/811/843 812/812/842 843/843/873 842/842/874
f 812/812/842 813/813/844 844/844/875 843/843/873
f 813/813/844 814/814/845 845/845/876 844/844/875
f 814/814/845 815/815/846 846/846/877 845/845/876
f 815/815/846 816/816/847 847/847/878 846/846/877
f 816/816/847 817/817/848 848/848/879 847/847/878
f 817/817/848 818/818/849 849/849/880 848/848/879
f 818/818/849 819/819/850 850/850/881 849/849/880
f 819/819/850 820/820/851 851/851/882 850/850/881
f 820/820/851 821/821/852 852/852/883 851/851/882
f 821/821/852 822/822/853 853/853/884 852/852/883
f 822/822/853 823/823/854 854/854/885 853/853/884
f 823/823/854 824/824/855 855/855/886 854/854/885
f 824/824/855 825/825/856 856/856/887 855/855/886
f 825/825/856 826/826/857 857/857/888 856/856/887
f 826/826/857 827/827/858 858/858/889 857/857/888
f 827/827/858 828/828/859 859/859/890 858/858/889
f 828/828/859 829/829/860 860/860/891 859/859/890
f 829/829/860 830/830/861 861/861/892 860/860/891
f 830/830/861 831/831/862 862/862/893 861/861/892
f 831/831/862 832/832/863 863/863/894 862/862/893
f 832/832/863 833/833/864 864/864/895 863/863/894
f 833/833/864 834/834/865 865/865/896 864/864/895
f 834/834/865 835/835/866 866/866/897 865/865/896
f 835/835/866 836/836/867 867/867/898 866/866/897
f 836/836/867 837/837/868 868/868/899 867/867/898
f 837/837/868 838/838/869 869/869/900 868/868/899
f 838/838/869 839/839/870 870/870/901 869/869/900
f 839/839/870 840/840/871 871/871/902 870/870/901
f 840/840/871 841/841/872 872/872/903 871/871/902
f 842/842/874 843/843/873 874/874/904 873/873/905
f 843/843/873 844/844/875 875/875/906 874/874/904
f 844/844/875 845/845/876 876/876/907 875/875/906
f 845/845/876 846/846/877 877/877/908 876/876/907
f 846/846/877 847/847/878 878/878/909 877/877/908
f 847/847/878 848/848/879 879/879/910 878/878/909
f 848/848/879 849/849/880 880/880/911 879/879/910
f 849/849/880 850/850/881 881/881/912 880/880/911
f 850/850/881 851/851/882 882/882/913 881/881/912
f 851/851/882 852/852/883 883/883/914 882/882/913
f 852/852/883 853/853/884 884/884/915 883/883/914
f 853/853/884 854/854/885 885/885/916 884/884/915
f 854/854/885 855/855/886 886/886/917 885/885/916
f 855/855/886 856/856/887 887/887/918 886/886/917
f 856/856/887 857/857/888 888/888/919 887/887/918
f 857/857/888 858/858/889 889/889/920 888/888/919
f 858/858/889 859/859/890 890/890/921 889/889/920
f 859/859/890 860/860/891 891/891/922 890/890/921
f 860/860/891 861/861/892 892/892/923 891/891/922
f 861/861/892 862/862/893 893/893/924 892/892/923
f 862/862/893 863/863/894 894/894/925 893/893/924
f 863/863/894 864/864/895 895/895/926 894/894/925
f 864/864/895 865/865/896 896/896/927 895/895/926
f 865/865/896 866/866/897 897/897/928 896/896/927
f 866/866/897 867/867/898 898/898/929 897/897/928
f 867/867/898 868/868/899 899/899/930 898/898/929
f 868/868/899 869/869/900 900/900/931 899/899/930
f 869/869/900 870/870/901 901/901/932 900/900/931
f 870/870/901 871/871/902 902/902/933 901/901/932
f 871/871/902 872/872/903 903/903/934 902/902/933
f 873/873/905 874/874/904 905/905/935 904/904/936
f 874/874/904 875/875/906 906/906/937 905/905/935
f 875/875/906 876/876/907 907/907/938 906/906/937
f 876/876/907 877/877/908 908/908/939 907/907/938
f 877/877/908 878/878/909 909/909/940 908/908/939
f 878/878/909 879/879/910 910/910/941 909/909/940
f 879/879/910 880/880/911 911/911/942 910/910/941
f 880/880/911 881/881/912 912/912/943 911/911/942
f 881/881/912 882/882/913 913/913/944 912/912/943
f 882/882/913 883/883/914 914/914/945 913/913/944
f 883/883/914 884/884/915 915/915/946 914/914/945
f 884/884/915 885/885/916 916/916/947 915/915/946
f 885/885/916 886/886/917 917/917/948 916/916/947
f 886/886/917 887/887/918 918/918/949 917/917/948
f 887/887/918 888/888/919 919/919/950 918/918/949
f 888/888/919 889/889/920 920/920/951 919/919/950
f 889/889/920 890/890/921 921/921/952 920/920/951
f 890/890/921 891/891/922 922/922/953 921/921/952
f 891/891/922 892/892/923 923/923/954 922/922/953
f 892/892/923 893/893/924 924/924/955 923/923/954
f 893/893/924 894/894/925 925/925/956 924/924/955
f 894/894/925 895/895/926 926/926/957 925/925/956
f 895/895/926 896/896/927 927/927/958 926/926/957
f 896/896/927 897/897/928 928/928/959 927/927/958
f 897/897/928 898/898/929 929/929/960 928/928/959
f 898/898/929 899/899/930 930/930/961 929/929/960
f 899/899/930 900/900/931 931/931/962 930/930/961
f 900/900/931 901/901/932 932/932/963 931/931/962
f 901/901/932 902/902/933 933/933/964 932/932/963
f 902/902/933 903/903/934 934/934/965 933/933/964
f 904/904/936 905/905/935 936/936/966 935/935/967
f 905/905/935 906/906/937 937/937/968 936/936/966
f 906/906/937 907/907/938 938/938/969 937/937/968
f 907/907/938 908/908/939 939/939/970 938/938/969
f 908/908/939 909/909/940 940/940/971 939/939/970
f 909/909/940 910/910/941 941/941/972 940/940/971
f 910/910/941 911/911/942 942/942/973 941/941/972
f 911/911/942 912/912/943 943/943/974 942/942/973
f 912/912/943 913/913/944 944/944/975 943/943/974
f 913/913/944 914/914/945 945/945/976 944/944/975
f 914/914/945 915/915/946 946/946/977 945/945/976
f 915/915/946 916/916/947 947/947/978 946/946/977
f 916/916/947 917/917/948 948/948/979 947/947/978
f 917/917/948 918/918/949 949/949/980 948/948/979
f 918/918/949 919/919/950 950/950/981 949/949/980
f 919/919/950 920/920/951 951/951/982 950/950/981
f 920/920/951 921/921/952 952/952/983 951/951/982
f 921/921/952 922/922/953 953/953/984 952/952/983
f 922/922/953 923/923/954 954/954/985 953/953/984
f 923/923/954 924/924/955 955/955/986 954/954/985
f 924/924/955 925/925/956 956/956/987 955/955/986
f 925/925/956 926/926/957 957/957/988 956/956/987
f 926/926/957 927/927/958 958/958/989 957/957/988
f 927/927/958 928/928/959 959/959/990 958/958/989
f 928/928/959 929/929/960 960/960/991 959/959/990
f 929/929/960 930/930/961 961/961/992 960/960/991
f 930/930/961 931/931/962 962/962/993 961/961/992
f 931/931/962 932/932/963 963/963/994 962/962/993
f 932/932/963 933/933/964 964/964/995 963/963/994
f 933/933/964 934/934/965 965/965/996 964/964/995
f 935/935/967 936/936/966 967/967/997 966/966/998
f 936/936/966 937/937/968 968/968/999 967/967/997
f 937/937/968 938/938/969 969/969/1000 968/968/999
f 938/938/969 939/939/970 970/970/1001 969/969/1000
f 939/939/970 940/940/971 971/971/1002 970/970/1001
f 940/940/971 941/941/972 972/972/1003 971/971/1002
f 941/941/972 942/942/973 973/973/1004 972/972/1003
f 942/942/973 943/943/974 974/974/1005 973/973/1004
f 943/943/974 944/944/975 975/975/1006 974/974/1005
f 944/944/975 945/945/976 976/976/1007 975/975/1006
f 945/945/976 946/946/977 977/977/1008 976/976/1007
f 946/946/977 947/947/978 978/978/1009 977/977/1008
f 947/947/978 948/948/979 979/979/1010 978/978/1009
f 948/948/979 949/949/980 980/980/1011 979/979/1010
f 949/949/980 950/950/981 981/981/1012 980/980/1011
f 950/950/981 951/951/982 982/982/1013 981/981/1012
f 951/951/982 952/952/983 983/983/1014 982/982/1013
f 952/952/983 953/953/984 984/984/1015 983/983/1014
f 953/953/984 954/954/985 985/985/1016 984/984/1015
f 954/954/985 955/955/986 986/986/1017 985/985/1016
f 955/955/986 956/956/987 987/987/1018 986/986/1017
f 956/956/987 957/957/988 988/988/1019 987/987/1018
f 957/957/988 958/958/989 989/989/1020 988/988/1019
f 958/958/989 959/959/990 990/990/1021 989/989/1020
f 959/959/990 960/960/991 991/991/1022 990/990/1021
f 960/960/991 961/961/992 992/992/1023 991/991/1022
f 961/961/992 962/962/993 993/993/1024 992/992/1023
f 962/962/993 963/963/994 994/994/1025 993/993/1024
f 963/963/994 964/964/995 995/995/1026 994/994/1025
f 964/964/995 965/965/996 996/996/1027 995/995/1026
f 966/966/998 967/967/997 998/998/1028 997/997/1029
f 967/967/997 968/968/999 999/999/1030 998/998/1028
f 968/968/999 969/969/1000 1000/1000/1031 999/999/1030
f 969/969/1000 970/970/1001 1001/1001/1032 1000/1000/1031
f 970/970/1001 971/971/1002 1002/1002/1033 1001/1001/1032
f 971/971/1002 972/972/1003 1003/1003/1034 1002/1002/1033
f 972/972/1003 973/973/1004 1004/1004/1035 1003/1003/1034
f 973/973/1004 974/974/1005 1005/1005/1036 1004/1004/1035
f 974/974/1005 975/975/1006 1006/1006/1037 1005/1005/1036
f 975/975/1006 976/976/1007 1007/1007/1038 1006/1006/1037
f 976/976/1007 977/977/1008 1008/1008/1039 1007/1007/1038
f 977/977/1008 978/978/1009 1009/1009/1040 1008/1008/1039
f 978/978/1009 979/979/1010 1010/1010/1041 1009/1009/1040
f 979/979/1010 980/980/1011 1011/1011/1042 1010/1010/1041
f 980/980/1011 981/981/1012 1012/1012/1043 1011/1011/1042
f 981/981/1012 982/982/1013 1013/1013/1044 1012/1012/1043
f 982/982/1013 983/983/1014 1014/1014/1045 1013/1013/1044
f 983/983/1014 984/984/1015 1015/1015/1046 1014/1014/1045
f 984/984/1015 985/985/1016 1016/1016/1047 1015/1015/1046
f 985/985/1016 986/986/1017 1017/1017/1048 1016/1016/1047
f 986/986/1017 987/987/1018 1018/1018/1049 1017/1017/1048
f 987/987/1018 988/988/1019 1019/1019/1050 1018/1018/1049
f 988/988/1019 989/989/1020 1020/1020/1051 1019/1019/1050
f 989/989/1020 990/990/1021 1021/1021/1052 1020/1020/1051
f 990/990/1021 991/991/1022 1022/1022/1053 1021/1021/1052
f 991/991/1022 992/992/1023 1023/1023/1054 1022/1022/1053
f 992/992/1023 993/993/1024 1024/1024/1055 1023/1023/1054
f 993/993/1024 994/994/1025 1025/1025/1056 1024/1024/1055
f 994/994/1025 995/995/1026 1026/1026/1057 1025/1025/1056
f 995/995/1026 996/996/1027 1027/1027/1058 1026/1026/1057
f 997/997/1029 998/998/1028 1029/1029/1059 1028/1028/1060
f 998/998/1028 999/999/1030 1030/1030/1061 1029/1029/1059
f 999/999/1030 1000/1000/1031 1031/1031/1062 1030/1030/1061
f 1000/1000/1031 1001/1001/1032 1032/1032/1063 1031/1031/1062
f 1001/1001/1032 1002/1002/1033 1033/1033/1064 1032/1032/1063
f 1002/1002/1033 1003/1003/1034 1034/1034/1065 1033/1033/1064
f 1003/1003/1034 1004/1004/1035 1035/1035/1066 1034/1034/1065
f 1004/1004/1035 1005/1005/1036 1036/1036/1067 1035/1035/1066
f 1005/1005/1036 1006/1006/1037 1037/1037/1068 1036/1036/1067
f 1006/1006/1037 1007/1007/1038 1038/1038/1069 1037/1037/1068
f 1007/1007/1038 1008/1008/1039 1039/1039/1070 1038/1038/1069
f 1008/1008/1039 1009/1009/1040 1040/1040/1071 1039/1039/1070
f 1009/1009/1040 1010/1010/1041 1041/1041/1072 1040/1040/1071
f 1010/1010/1041 1011/1011/1042 1042/1042/1073 1041/1041/1072
f 1011/1011/1042 1012/1012/1043 1043/1043/1074 1042/1042/1073
f 1012/1012/1043 1013/1013/1044 1044/1044/1075 1043/1043/1074
f 1013/1013/1044 1014/1014/1045 1045/1045/1076 1044/1044/1075
f 1014/1014/1045 1015/1015/1046 1046/1046/1077 1045/1045/1076
f 1015/1015/1046 1016/1016/1047 1047/1047/1078 1046/1046/1077
f 1016/1016/1047 1017/1017/1048 1048/1048/1079 1047/1047/1078
f 1017/1017/1048 1018/1018/1049 1049/1049/1080 1048/1048/1079
f 1018/1018/1049 1019/1019/1050 1050/1050/1081 1049/1049/1080
f 1019/1019/1050 1020/1020/1051 1051/1051/1082 1050/1050/1081
f 1020/1020/1051 1021/1021/1052 1052/1052/1083 1051/1051/1082
f 1021/1021/1052 1022/1022/1053 1053/1053/1084 1052/1052/1083
f 1022/1022/1053 1023/1023/1054 1054/1054/1085 1053/1053/1084
f 1023/1023/1054 1024/1024/1055 1055/1055/1086 1054/1054/1085
f 1024/1024/1055 1025/1025/1056 1056/1056/1087 1055/1055/1086
f 1025/1025/1056 1026/1026/1057 1057/1057/1088 1056/1056/1087
f 1026/1026/1057 1027/1027/1058 1058/1058/1089 1057/1057/1088
f 1028/1028/1060 1029/1029/1059 1060/1060/1090 1059/1059/1091
f 1029/1029/1059 1030/1030/1061 1061/1061/1092 1060/1060/1090
f 1030/1030/1061 1031/1031/1062 1062/1062/1093 1061/1061/1092
f 1031/1031/1062 1032/1032/1063 1063/1063/1094 1062/1062/1093
f 1032/1032/1063 1033/1033/1064 1064/1064/1095 1063/1063/1094
f 1033/1033/1064 1034/1034/1065 1065/1065/1096 1064/1064/1095
f 1034/1034/1065 1035/1035/1066 1066/1066/1097 1065/1065/1096
f 1035/1035/1066 1036/1036/1067 1067/1067/1098 1066/1066/1097
f 1036/1036/1067 1037/1037/1068 1068/1068/1099 1067/1067/1098
f 1037/1037/1068 1038/1038/1069 1069/1069/1100 1068/1068/1099
f 1038/1038/1069 1039/1039/1070 1070/1070/1101 1069/1069/1100
f 1039/1039/1070 1040/1040/1071 1071/1071/1102 1070/1070/1101
f 1040/1040/1071 1041/1041/1072 1072/1072/1103 1071/1071/1102
f 1041/1041/1072 1042/1042/1073 1073/1073/1104 1072/1072/1103
f 1042/1042/1073 1043/1043/1074 1074/1074/1105 1073/1073/1104
f 1043/1043/1074 1044/1044/1075 1075/1075/1106 1074/1074/1105
f 1044/1044/1075 1045/1045/1076 1076/1076/1107 1075/1075/1106
f 1045/1045/1076 1046/1046/1077 1077/1077/1108 1076/1076/1107
f 1046/1046/1077 1047/1047/1078 1078/1078/1109 1077/1077/1108
f 1047/1047/1078 1048/1048/1079 1079/1079/1110 1078/1078/1109
f 1048/1048/1079 1049/1049/1080 1080/1080/1111 1079/1079/1110
f 1049/1049/1080 1050/1050/1081 1081/1081/1112 1080/1080/1111
f 1050/1050/1081 1051/1051/1082 1082/1082/1113 1081/1081/1112
f 1051/1051/1082 1052/1052/1083 1083/1083/1114 1082/1082/1113
f 1052/1052/1083 1053/1053/1084 1084/1084/1115 1083/1083/1114
f 1053/1053/1084 1054/1054/1085 1085/1085/1116 1084/1084/1115
f 1054/1054/1085 1055/1055/1086 1086/1086/1117 1085/1085/1116
f 1055/1055/1086 1056/1056/1087 1087/1087/1118 1086/1086/1117
f 1056/1056/1087 1057/1057/1088 1088/1088/1119 1087/1087/1118
f 1057/1057/1088 1058/1058/1089 1089/1089/1120 1088/1088/1119
f 1059/1059/1091 1060/1060/1090 1091/1091/1121 1090/1090/1122
f 1060/1060/1090 1061/1061/1092 1092/1092/1123 1091/1091/1121
f 1061/1061/1092 1062/1062/1093 1093/1093/1124 1092/1092/1123
f 1062/1062/1093 1063/1063/1094 1094/1094/1125 1093/1093/1124
f 1063/1063/1094 1064/1064/1095 1095/1095/1126 1094/1094/1125
f 1064/1064/1095 1065/1065/1096 1096/1096/1127 1095/1095/1126
f 1065/1065/1096 1066/1066/1097 1097/1097/1128 1096/1096/1127
f 1066/1066/1097 1067/1067/1098 1098/1098/1129 1097/1097/1128
f 1067/1067/1098 1068/1068/1099 1099/1099/1130 1098/1098/1129
f 1068/1068/1099 1069/1069/1100 1100/1100/1131 1099/1099/1130
f 1069/1069/1100 1070/1070/1101 1101/1101/1132 1100/1100/1131
f 1070/1070/1101 1071/1071/1102 1102/1102/1133 1101/1101/1132
f 1071/1071/1102 1072/1072/1103 1103/1103/1134 1102/1102/1133
f 1072/1072/1103 1073/1073/1104 1104/1104/1135 1103/1103/1134
f 1073/1073/1104 1074/1074/1105 1105/1105/1136 1104/1104/1135
f 1074/1074/1105 1075/1075/1106 1106/1106/1137 1105/1105/1136
f 1075/1075/1106 1076/1076/1107 1107/1107/1138 1106/1106/1137
f 1076/1076/1107 1077/1077/1108 1108/1108/1139 1107/1107/1138
f 1077/1077/1108 1078/1078/1109 1109/1109/1140 1108/1108/1139
f 1078/1078/1109 1079/1079/1110 1110/1110/1141 1109/1109/1140
f 1079/1079/1110 1080/1080/1111 1111/1111/1142 1110/1110/1141
f 1080/1080/1111 1081/1081/1112 1112/1112/1143 1111/1111/1142
f 1081/1081/1112 1082/1082/1113 1113/1113/1144 1112/1112/1143
f 1082/1082/1113 1083/1083/1114 1114/1114/1145 1113/1113/1144
f 1083/1083/1114 1084/1084/1115 1115/1115/1146 1114/1114/1145
f 1084/1084/1115 1085/1085/1116 1116/1116/1147 1115/1115/1146
f 1085/1085/1116 1086/1086/1117 1117/1117/1148 1116/1116/1147
f 1086/1086/1117 1087/1087/1118 1118/1118/1149 1117/1117/1148
f 1087/1087/1118 1088/1088/1119 1119/1119/1150 1118/1118/1149
f 1088/1088/1119 1089/1089/1120 1120/1120/1151 1119/1119/1150
f 1090/1090/1122 1091/1091/1121 1122/1122/1152 1121/1121/1153
f 1091/1091/1121 1092/1092/1123 1123/1123/1154 1122/1122/1152
f 1092/1092/1123 1093/1093/1124 1124/1124/1155 1123/1123/1154
f 1093/1093/1124 1094/1094/1125 1125/1125/1156 1124/1124/1155
f 1094/1094/1125 1095/1095/1126 1126/1126/1157 1125/1125/1156
f 1095/1095/1126 1096/1096/1127 1127/1127/1158 1126/1126/1157
f 1096/1096/1127 1097/1097/1128 1128/1128/1159 1127/1127/1158
f 1097/1097/1128 1098/1098/1129 1129/1129/1160 1128/1128/1159
f 1098/1098/1129 1099/1099/1130 1130/1130/1161 1129/1129/1160
f 1099/1099/1130 1100/1100/1131 1131/1131/1162 1130/1130/1161
f 1100/1100/1131 1101/1101/1132 1132/1132/1163 1131/1131/1162
f 1101/1101/1132 1102/1102/1133 1133/1133/1164 1132/1132/1163
f 1102/1102/1133 1103/1103/1134 1134/1134/1165 1133/1133/1164
f 1103/1103/1134 1104/1104/1135 1135/1135/1166 1134/1134/1165
f 1104/1104/1135 1105/1105/1136 1136/1136/1167 1135/1135/1166
f 1105/1105/1136 1106/1106/1137 1137/1137/1168 1136/1136/1167
f 1106/1106/1137 1107/1107/1138 1138/1138/1169 1137/1137/1168
f 1107/1107/1138 1108/1108/1139 1139/1139/1170 1138/1138/1169
f 1108/1108/1139 1109/1109/1140 1140/1140/1171 1139/1139/1170
f 1109/1109/1140 1110/1110/1141 1141/1141/1172 1140/1140/1171
f 1110/1110/1141 1111/1111/1142 1142/1142/1173 1141/1141/1172
f 1111/1111/1142 1112/1112/1143 1143/1143/1174 1142/1142/1173
f 1112/1112/1143 1113/1113/1144 1144/1144/1175 1143/1143/1174
f 1113/1113/1144 1114/1114/1145 1145/1145/1176 1144/1144/1175
f 1114/1114/1145 1115/1115/1146 1146/1146/1177 1145/1145/1176
f 1115/1115/1146 1116/1116/1147 1147/1147/1178 1146/1146/1177
f 1116/1116/1147 1117/1117/1148 1148/1148/1179 1147/1147/1178
f 1117/1117/1148 1118/1118/1149 1149/1149/1180 1148/1148/1179
f 1118/1118/1149 1119/1119/1150 1150/1150/1181 1149/1149/1180
f 1119/1119/1150 1120/1120/1151 1151/1151/1182 1150/1150/1181
f 1121/1121/1153 1122/1122/1152 1153/1153/1183 1152/1152/1184
f 1122/1122/1152 1123/1123/1154 1154/1154/1185 1153/1153/1183
f 1123/1123/1154 1124/1124/1155 1155/1155/1186 1154/1154/1185
f 1124/1124/1155 1125/1125/1156 1156/1156/1187 1155/1155/1186
f 1125/1125/1156 1126/1126/1157 1157/1157/1188 1156/1156/1187
f 1126/1126/1157 1127/1127/1158 1158/1158/1189 1157/1157/1188
f 1127/1127/1158 1128/1128/1159 1159/1159/1190 1158/1158/1189
f 1128/1128/1159 1129/1129/1160 1160/1160/1191 1159/1159/1190
f 1129/1129/1160 1130/1130/1161 1161/1161/1192 1160/1160/1191
f 1130/1130/1161 1131/1131/1162 1162/1162/1193 1161/1161/1192
f 1131/1131/1162 1132/1132/1163 1163/1163/1194 1162/1162/1193
f 1132/1132/1163 1133/1133/1164 1164/1164/1195 1163/1163/1194
f 1133/1133/1164 1134/1134/1165 1165/1165/1196 1164/1164/1195
f 1134/1134/1165 1135/1135/1166 1166/1166/1197 1165/1165/1196
f 1135/1135/1166 1136/1136/1167 1167/1167/1198 1166/1166/1197
f 1136/1136/1167 1137/1137/1168 1168/1168/1199 1167/1167/1198
f 1137/1137/1168 1138/1138/1169 1169/1169/1200 1168/1168/1199
f 1138/1138/1169 1139/1139/1170 1170/1170/1201 1169/1169/1200
f 1139/1139/1170 1140/1140/1171 1171/1171/1202 1170/1170/1201
f 1140/1140/1171 1141/1141/1172 1172/1172/1203 1171/1171/1202
f 1141/1141/1172 1142/1142/1173 1173/1173/1204 1172/1172/1203
f 1142/1142/1173 1143/1143/1174 1174/1174/1205 1173/1173/1204
f 1143/1143/1174 1144/1144/1175 1175/1175/1206 1174/1174/1205
f 1144/1144/1175 1145/1145/1176 1176/1176/1207 1175/1175/1206
f 1145/1145/1176 1146/1146/1177 1177/1177/1208 1176/1176/1207
f 1146/1146/1177 1147/1147/1178 1178/1178/1209 1177/1177/1208
f 1147/1147/1178 1148/1148/1179 1179/1179/1210 1178/1178/1209
f 1148/1148/1179 1149/1149/1180 1180/1180/1211 1179/1179/1210
f 1149/1149/1180 1150/1150/1181 1181/1181/1212 1180/1180/1211
f 1150/1150/1181 1151/1151/1182 1182/1182/1213 1181/1181/1212
s 3
f 1152/1152/1214 1153/1153/1215 1184/1184/1216 1183/1183/1217
f 1153/1153/1215 1154/1154/1218 1185/1185/1219 1184/1184/1216
f 1154/1154/1218 1155/1155/1220 1186/1186/1221 1185/1185/1219
f 1155/1155/1220 1156/1156/1222 1187/1187/1223 1186/1186/1221
f 1156/1156/1222 1157/1157/1224 1188/1188/1225 1187/1187/1223
f 1157/1157/1224 1158/1158/1226 1189/1189/1227 1188/1188/1225
f 1158/1158/1226 1159/1159/1228 1190/1190/1229 1189/1189/1227
f 1159/1159/1228 1160/1160/1230 1191/1191/1231 1190/1190/1229
f 1160/1160/1230 1161/1161/1232 1192/1192/1233 1191/1191/1231
f 1161/1161/1232 1162/1162/1234 1193/1193/1235 1192/1192/1233
f 1162/1162/1234 1163/1163/1236 1194/1194/1237 1193/1193/1235
f 1163/1163/1236 1164/1164/1238 1195/1195/1239 1194/1194/1237
f 1164/1164/1238 1165/1165/1240 1196/1196/1241 1195/1195/1239
f 1165/1165/1240 1166/1166/1242 1197/1197/1243 1196/1196/1241
f 1166/1166/1242 1167/1167/1244 1198/1198/1245 1197/1197/1243
f 1167/1167/1244 1168/1168/1246 1199/1199/1247 1198/1198/1245
f 1168/1168/1246 1169/1169/1248 1200/1200/1249 1199/1199/1247
f 1169/1169/1248 1170/1170/1250 1201/1201/1251 1200/1200/1249
f 1170/1170/1250 1171/1171/1252 1202/1202/1253 1201/1201/1251
f 1171/1171/1252 1172/1172/1254 1203/1203/1255 1202/1202/1253
f 1172/1172/1254 1173/1173/1256 1204/1204/1257 1203/1203/1255
f 1173/1173/1256 1174/1174/1258 1205/1205/1259 1204/1204/1257
f 1174/1174/1258 1175/1175/1260 1206/1206/1261 1205/1205/1259
f 1175/1175/1260 1176/1176/1262 1207/1207/1263 1206/1206/1261
f 1176/1176/1262 1177/1177/1264 1208/1208/1265 1207/1207/1263
f 1177/1177/1264 1178/1178/1266 1209/1209/1267 1208/1208/1265
f 1178/1178/1266 1179/1179/1268 1210/1210/1269 1209/1209/1267
f 1179/1179/1268 1180/1180/1270 1211/1211/1271 1210/1210/1269
f 1180/1180/1270 1181/1181/1272 1212/1212/1273 1211/1211/1271
f 1181/1181/1272 1182/1182/1274 1213/1213/1275 1212/1212/1273
f 1183/1183/1217 1184/1184/1216 1215/1215/1276 1214/1214/1277
f 1184/1184/1216 1185/1185/1219 1216/1216/1278 1215/1215/1276
f 1185/1185/1219 1186/1186/1221 1217/1217/1279 1216/1216/1278
f 1186/1186/1221 1187/1187/1223 1218/1218/1280 1217/1217/1279
f 1187/1187/1223 1188/1188/1225 1219/1219/1281 1218/1218/1280
f 1188/1188/1225 1189/1189/1227 1220/1220/1282 1219/1219/1281
f 1189/1189/1227 1190/1190/1229 1221/1221/1283 1220/1220/1282
f 1190/1190/1229 1191/1191/1231 1222/1222/1284 1221/1221/1283
f 1191/1191/1231 1192/1192/1233 1223/1223/1285 1222/1222/1284
f 1192/1192/1233 1193/1193/1235 1224/1224/1286 1223/1223/1285
f 1193/1193/1235 1194/1194/1237 1225/1225/1287 1224/1224/1286
f 1194/1194/1237 1195/1195/1239 1226/1226/1288 1225/1225/1287
f 1195/1195/1239 1196/1196/1241 1227/1227/1289 1226/1226/1288
f 1196/1196/1241 1197/1197/1243 1228/1228/1290 1227/1227/1289
f 1197/1197/1243 1198/1198/1245 1229/1229/1291 1228/1228/1290
f 1198/1198/1245 1199/1199/1247 1230/1230/1292 1229/1229/1291
f 1199/1199/1247 1200/1200/1249 1231/1231/1293 1230/1230/1292
f 1200/1200/1249 1201/1201/1251 1232/1232/1294 1231/1231/1293
f 1201/1201/1251 1202/1202/1253 1233/1233/1295 1232/1232/1294
f 1202/1202/1253 1203/1203/1255 1234/1234/1296 1233/1233/1295
f 1203/1203/1255 1204/1204/1257 1235/1235/1297 1234/1234/1296
f 1204/1204/1257 1205/1205/1259 1236/1236/1298 1235/1235/1297
f 1205/1205/1259 1206/1206/1261 1237/1237/1299 1236/1236/1298
f 1206/1206/1261 1207/1207/1263 1238/1238/1300 1237/1237/1299
f 1207/1207/1263 1208/1208/1265 1239/1239/1301 1238/1238/1300
f 1208/1208/1265 1209/1209/1267 1240/1240/1302 1239/1239/1301
f 1209/1209/1267 1210/1210/1269 1241/1241/1303 1240/1240/1302
f 1210/1210/1269 1211/1211/1271 1242/1242/1304 1241/1241/1303
f 1211/1211/1271 1212/1212/1273 1243/1243/1305 1242/1242/1304
f 1212/1212/1273 1213/1213/1275 1244/1244/1306 1243/1243/1305
s 4
f 1214/1214/1307 1215/1215/1308 1246/1246/1309 1245/1245/1310
f 1215/1215/1308 1216/1216/1311 1247/1247/1312 1246/1246/1309
f 1216/1216/1311 1217/1217/1313 1248/1248/1314 1247/1247/1312
f 1217/1217/1313 1218/1218/1315 1249/1249/1316 1248/1248/1314
f 1218/1218/1315 1219/1219/1317 1250/1250/1318 1249/1249/1316
f 1219/1219/1317 1220/1220/1319 1251/1251/1320 1250/1250/1318
f 1220/1220/1319 1221/1221/1321 1252/1252/1322 1251/1251/1320
f 1221/1221/1321 1222/1222/1323 1253/1253/1324 1252/1252/1322
f 1222/1222/1323 1223/1223/1325 1254/1254/1326 1253/1253/1324
f 1223/1223/1325 1224/1224/1327 1255/1255/1328 1254/1254/1326
f 1224/1224/1327 1225/1225/1329 1256/1256/1330 1255/1255/1328
f 1225/1225/1329 1226/1226/1331 1257/1257/1332 1256/1256/1330
f 1226/1226/1331 1227/1227/1333 1258/1258/1334 1257/1257/1332
f 1227/1227/1333 1228/1228/1335 1259/1259/1336 1258/1258/1334
f 1228/1228/1335 1229/1229/1337 1260/1260/1338 1259/1259/1336
f 1229/1229/1337 1230/1230/1339 1261/1261/1340 1260/1260/1338
f 1230/1230/1339 1231/1231/1341 1262/1262/1342 1261/1261/1340
f 1231/1231/1341 1232/1232/1343 1263/1263/1344 1262/1262/1342
f 1232/1232/1343 1233/1233/1345 1264/1264/1346 1263/1263/1344
f 1233/1233/1345 1234/1234/1347 1265/1265/1348 1264/1264/1346
f 1234/1234/1347 1235/1235/1349 1266/1266/1350 1265/1265/1348
f 1235/1235/1349 1236/1236/1351 1267/1267/1352 1266/1266/1350
f 1236/1236/1351 1237/1237/1353 1268/1268/1354 1267/1267/1352
f 1237/1237/1353 1238/1238/1355 1269/1269/1356 1268/1268/1354
f 1238/1238/1355 1239/1239/1357 1270/1270/1358 1269/1269/1356
f 1239/1239/1357 1240/1240/1359 1271/1271/1360 1270/1270/1358
f 1240/1240/1359 1241/1241/1361 1272/1272/1362 1271/1271/1360
f 1241/1241/1361 1242/1242/1363 1273/1273/1364 1272/1272/1362
f 1242/1242/1363 1243/1243/1365 1274/1274/1366 1273/1273/1364
f 1243/1243/1365 1244/1244/1367 1275/1275/1368 1274/1274/1366
f 1245/1245/1310 1246/1246/1309 1277/1277/1369 1276/1276/1370
f 1246/1246/1309 1247/1247/1312 1278/1278/1371 1277/1277/1369
f 1247/1247/1312 1248/1248/1314 1279/1279/1372 1278/1278/1371
f 1248/1248/1314 1249/1249/1316 1280/1280/1373 1279/1279/1372
f 1249/1249/1316 1250/1250/1318 1281/1281/1374 1280/1280/1373
f 1250/1250/1318 1251/1251/1320 1282/1282/1375 1281/1281/1374
f 1251/1251/1320 1252/1252/1322 1283/1283/1376 1282/1282/1375
f 1252/1252/1322 1253/1253/1324 1284/1284/1377 1283/1283/1376
f 1253/1253/1324 1254/1254/1326 1285/1285/1378 1284/1284/1377
f 1254/1254/1326 1255/1255/1328 1286/1286/1379 1285/1285/1378
f 1255/1255/1328 1256/1256/1330 1287/1287/1380 1286/1286/1379
f 1256/1256/1330 1257/1257/1332 1288/1288/1381 1287/1287/1380
f 1257/1257/1332 1258/1258/1334 1289/1289/1382 1288/1288/1381
f 1258/1258/1334 1259/1259/1336 1290/1290/1383 1289/1289/1382
f 1259/1259/1336 1260/1260/1338 1291/1291/1384 1290/1290/1383
f 1260/1260/1338 1261/1261/1340 1292/1292/1385 1291/1291/1384
f 1261/1261/1340 1262/1262/1342 1293/1293/1386 1292/1292/1385
f 1262/1262/1342 1263/1263/1344 1294/1294/1387 1293/1293/1386
f 1263/1263/1344 1264/1264/1346 1295/1295/1388 1294/1294/1387
f 1264/1264/1346 1265/1265/1348 1296/1296/1389 1295/1295/1388
f 1265/1265/1348 1266/1266/1350 1297/1297/1390 1296/1296/1389
f 1266/1266/1350 1267/1267/1352 1298/1298/1391 1297/1297/1390
f 1267/1267/1352 1268/1268/1354 1299/1299/1392 1298/1298/1391
f 1268/1268/1354 1269/1269/1356 1300/1300/1393 1299/1299/1392
f 1269/1269/1356 1270/1270/1358 1301/1301/1394 1300/1300/1393
f 1270/1270/1358 1271/1271/1360 1302/1302/1395 1301/1301/1394
f 1271/1271/1360 1272/1272/1362 1303/1303/1396 1302/1302/1395
f 1272/1272/1362 1273/1273/1364 1304/1304/1397 1303/1303/1396
f 1273/1273/1364 1274/1274/1366 1305/1305/1398 1304/1304/1397
f 1274/1274/1366 1275/1275/1368 1306/1306/1399 1305/1305/1398
f 1276/1276/1370 1277/1277/1369 1308/1308/1400 1307/1307/1401
f 1277/1277/1369 1278/1278/1371 1309/1309/1402 1308/1308/1400
f 1278/1278/1371 1279/1279/1372 1310/1310/1403 1309/1309/1402
f 1279/1279/1372 1280/1280/1373 1311/1311/1404 1310/1310/1403
f 1280/1280/1373 1281/1281/1374 1312/1312/1405 1311/1311/1404
f 1281/1281/1374 1282/1282/1375 1313/1313/1406 1312/1312/1405
f 1282/1282/1375 1283/1283/1376 1314/1314/1407 1313/1313/1406
f 1283/1283/1376 1284/1284/1377 1315/1315/1408 1314/1314/1407
f 1284/1284/1377 1285/1285/1378 1316/1316/1409 1315/1315/1408
f 1285/1285/1378 1286/1286/1379 1317/1317/1410 1316/1316/1409
f 1286/1286/1379 1287/1287/1380 1318/1318/1411 1317/1317/1410
f 1287/1287/1380 1288/1288/1381 1319/1319/1412 1318/1318/1411
f 1288/1288/1381 1289/1289/1382 1320/1320/1413 1319/1319/1412
f 1289/1289/1382 1290/1290/1383 1321/1321/1414 1320/1320/1413
f 1290/1290/1383 1291/1291/1384 1322/1322/1415 1321/1321/1414
f 1291/1291/1384 1292/1292/1385 1323/1323/1416 1322/1322/1415
f 1292/1292/1385 1293/1293/1386 1324/1324/1417 1323/1323/1416
f 1293/1293/1386 1294/1294/1387 1325/1325/1418 1324/1324/1417
f 1294/1294/1387 1295/1295/1388 1326/1326/1419 1325/1325/1418
f 1295/1295/1388 1296/1296/1389 1327/1327/1420 1326/1326/1419
f 1296/1296/1389 1297/1297/1390 1328/1328/1421 1327/1327/1420
f 1297/1297/1390 1298/1298/1391 1329/1329/1422 1328/1328/1421
f 1298/1298/1391 1299/1299/1392 1330/1330/1423 1329/1329/1422
f 1299/1299/1392 1300/1300/1393 1331/1331/1424 1330/1330/1423
f 1300/1300/1393 1301/1301/1394 1332/1332/1425 1331/1331/1424
f 1301/1301/1394 1302/1302/1395 1333/1333/1426 1332/1332/1425
f 1302/1302/1395 1303/1303/1396 1334/1334/1427 1333/1333/1426
f 1303/1303/1396 1304/1304/1397 1335/1335/1428 1334/1334/1427
f 1304/1304/1397 1305/1305/1398 1336/1336/1429 1335/1335/1428
f 1305/1305/1398 1306/1306/1399 1337/1337/1430 1336/1336/1429
f 1307/1307/1401 1308/1308/1400 1339/1339/1431 1338/1338/1432
f 1308/1308/1400 1309/1309/1402 1340/1340/1433 1339/1339/1431
f 1309/1309/1402 1310/1310/1403 1341/1341/1434 1340/1340/1433
f 1310/1310/1403 1311/1311/1404 1342/1342/1435 1341/1341/1434
f 1311/1311/1404 1312/1312/1405 1343/1343/1436 1342/1342/1435
f 1312/1312/1405 1313/1313/1406 1344/1344/1437 1343/1343/1436
f 1313/1313/1406 1314/1314/1407 1345/1345/1438 1344/1344/1437
f 1314/1314/1407 1315/1315/1408 1346/1346/1439 1345/1345/1438
f 1315/1315/1408 1316/1316/1409 1347/1347/1440 1346/1346/1439
f 1316/1316/1409 1317/1317/1410 1348/1348/1441 1347/1347/1440
f 1317/1317/1410 1318/1318/1411 1349/1349/1442 1348/1348/1441
f 1318/1318/1411 1319/1319/1412 1350/1350/1443 1349/1349/1442
f 1319/1319/1412 1320/1320/1413 1351/1351/1444 1350/1350/1443
f 1320/1320/1413 1321/1321/1414 1352/1352/1445 1351/1351/1444
f 1321/1321/1414 1322/1322/1415 1353/1353/1446 1352/1352/1445
f 1322/1322/1415 1323/1323/1416 1354/1354/1447 1353/1353/1446
f 1323/1323/1416 1324/1324/1417 1355/1355/1448 1354/1354/1447
f 1324/1324/1417 1325/1325/1418 1356/1356/1449 1355/1355/1448
f 1325/1325/1418 1326/1326/1419 1357/1357/1450 1356/1356/1449
f 1326/1326/1419 1327/1327/1420 1358/1358/1451 1357/1357/1450
f 1327/1327/1420 1328/1328/1421 1359/1359/1452 1358/1358/1451
f 1328/1328/1421 1329/1329/1422 1360/1360/1453 1359/1359/1452
f 1329/1329/1422 1330/1330/1423 1361/1361/1454 1360/1360/1453
f 1330/1330/1423 1331/1331/1424 1362/1362/1455 1361/1361/1454
f 1331/1331/1424 1332/1332/1425 1363/1363/1456 1362/1362/1455
f 1332/1332/1425 1333/1333/1426 1364/1364/1457 1363/1363/1456
f 1333/1333/1426 1334/1334/1427 1365/1365/1458 1364/1364/1457
f 1334/1334/1427 1335/1335/1428 1366/1366/1459 1365/1365/1458
f 1335/1335/1428 1336/1336/1429 1367/1367/1460 1366/1366/1459
f 1336/1336/1429 1337/1337/1430 1368/1368/1461 1367/1367/1460
f 1338/1338/1432 1339/1339/1431 1370/1370/1462 1369/1369/1463
f 1339/1339/1431 1340/1340/1433 1371/1371/1464 1370/1370/1462
f 1340/1340/1433 1341/1341/1434 1372/1372/1465 1371/1371/1464
f 1341/1341/1434 1342/1342/1435 1373/1373/1466 1372/1372/1465
f 1342/1342/1435 1343/1343/1436 1374/1374/1467 1373/1373/1466
f 1343/1343/1436 1344/1344/1437 1375/1375/1468 1374/1374/1467
f 1344/1344/1437 1345/1345/1438 1376/1376/1469 1375/1375/1468
f 1345/1345/1438 1346/1346/1439 1377/1377/1470 1376/1376/1469
f 1346/1346/1439 1347/1347/1440 1378/1378/1471 1377/1377/1470
f 1347/1347/1440 1348/1348/1441 1379/1379/1472 1378/1378/1471
f 1348/1348/1441 1349/1349/1442 1380/1380/1473 1379/1379/1472
f 1349/1349/1442 1350/1350/1443 1381/1381/1474 1380/1380/1473
f 1350/1350/1443 1351/1351/1444 1382/1382/1475 1381/1381/1474
f 1351/1351/1444 1352/1352/1445 1383/1383/1476 1382/1382/1475
f 1352/1352/1445 1353/1353/1446 1384/1384/1477 1383/1383/1476
f 1353/1353/1446 1354/1354/1447 1385/1385/1478 1384/1384/1477
f 1354/1354/1447 1355/1355/1448 1386/1386/1479 1385/1385/1478
f 1355/1355/1448 1356/1356/1449 1387/1387/1480 1386/1386/1479
f 1356/1356/1449 1357/1357/1450 1388/1388/1481 1387/1387/1480
f 1357/1357/1450 1358/1358/1451 1389/1389/1482 1388/1388/1481
f 1358/1358/1451 1359/1359/1452 1390/1390/1483 1389/1389/1482
f 1359/1359/1452 1360/1360/1453 1391/1391/1484 1390/1390/1483
f 1360/1360/1453 1361/1361/1454 1392/1392/1485 1391/1391/1484
f 1361/1361/1454 1362/1362/1455 1393/1393/1486 1392/1392/1485
f 1362/1362/1455 1363/1363/1456 1394/1394/1487 1393/1393/1486
f 1363/1363/1456 1364/1364/1457 1395/1395/1488 1394/1394/1487
f 1364/1364/1457 1365/1365/1458 1396/1396/1489 1395/1395/1488
f 1365/1365/1458 1366/1366/1459 1397/1397/1490 1396/1396/1489
f 1366/1366/1459 1367/1367/1460 1398/1398/1491 1397/1397/1490
f 1367/1367/1460 1368/1368/1461 1399/1399/1492 1398/1398/1491
f 1369/1369/1463 1370/1370/1462 1401/1401/1493 1400/1400/1494
f 1370/1370/1462 1371/1371/1464 1402/1402/1495 1401/1401/1493
f 1371/1371/1464 1372/1372/1465 1403/1403/1496 1402/1402/1495
f 1372/1372/1465 1373/1373/1466 1404/1404/1497 1403/1403/1496
f 1373/1373/1466 1374/1374/1467 1405/1405/1498 1404/1404/1497
f 1374/1374/1467 1375/1375/1468 1406/1406/1499 1405/1405/1498
f 1375/1375/1468 1376/1376/1469 1407/1407/1500 1406/1406/1499
f 1376/1376/1469 1377/1377/1470 1408/1408/1501 1407/1407/1500
f 1377/1377/1470 1378/1378/1471 1409/1409/1502 1408/1408/1501
f 1378/1378/1471 1379/1379/1472 1410/1410/1503 1409/1409/1502
f 1379/1379/1472 1380/1380/1473 1411/1411/1504 1410/1410/1503
f 1380/1380/1473 1381/1381/1474 1412/1412/1505 1411/1411/1504
f 1381/1381/1474 1382/1382/1475 1413/1413/1506 1412/1412/1505
f 1382/1382/1475 1383/1383/1476 1414/1414/1507 1413/1413/1506
f 1383/1383/1476 1384/1384/1477 1415/1415/1508 1414/1414/1507
f 1384/1384/1477 1385/1385/1478 1416/1416/1509 1415/1415/1508
f 1385/1385/1478 1386/1386/1479 1417/1417/1510 1416/1416/1509
f 1386/1386/1479 1387/1387/1480 1418/1418/1511 1417/1417/1510
f 1387/1387/1480 1388/1388/1481 1419/1419/1512 1418/1418/1511
f 1388/1388/1481 1389/1389/1482 1420/1420/1513 1419/1419/1512
f 1389/1389/1482 1390/1390/1483 1421/1421/1514 1420/1420/1513
f 1390/1390/1483 1391/1391/1484 1422/1422/1515 1421/1421/1514
f 1391/1391/1484 1392/1392/1485 1423/1423/1516 1422/1422/1515
f 1392/1392/1485 1393/1393/1486 1424/1424/1517 1423/1423/1516
f 1393/1393/1486 1394/1394/1487 1425/1425/1518 1424/1424/1517
f 1394/1394/1487 1395/1395/1488 1426/1426/1519 1425/1425/1518
f 1395/1395/1488 1396/1396/1489 1427/1427/1520 1426/1426/1519
f 1396/1396/1489 1397/1397/1490 1428/1428/1521 1427/1427/1520
f 1397/1397/1490 1398/1398/1491 1429/1429/1522 1428/1428/1521
f 1398/1398/1491 1399/1399/1492 1430/1430/1523 1429/1429/1522
f 1400/1400/1494 1401/1401/1493 1432/1432/1524 1431/1431/1525
f 1401/1401/1493 1402/1402/1495 1433/1433/1526 1432/1432/1524
f 1402/1402/1495 1403/1403/1496 1434/1434/1527 1433/1433/1526
f 1403/1403/1496 1404/1404/1497 1435/1435/1528 1434/1434/1527
f 1404/1404/1497 1405/1405/1498 1436/1436/1529 1435/1435/1528
f 1405/1405/1498 1406/1406/1499 1437/1437/1530 1436/1436/1529
f 1406/1406/1499 1407/1407/1500 1438/1438/1531 1437/1437/1530
f 1407/1407/1500 1408/1408/1501 1439/1439/1532 1438/1438/1531
f 1408/1408/1501 1409/1409/1502 1440/1440/1533 1439/1439/1532
f 1409/1409/1502 1410/1410/1503 1441/1441/1534 1440/1440/1533
f 1410/1410/1503 1411/1411/1504 1442/1442/1535 1441/1441/1534
f 1411/1411/1504 1412/1412/1505 1443/1443/1536 1442/1442/1535
f 1412/1412/1505 1413/1413/1506 1444/1444/1537 1443/1443/1536
f 1413/1413/1506 1414/1414/1507 1445/1445/1538 1444/1444/1537
f 1414/1414/1507 1415/1415/1508 1446/1446/1539 1445/1445/1538
f 1415/1415/1508 1416/1416/1509 1447/1447/1540 1446/1446/1539
f 1416/1416/1509 1417/1417/1510 1448/1448/1541 1447/1447/1540
f 1417/1417/1510 1418/1418/1511 1449/1449/1542 1448/1448/1541
f 1418/1418/1511 1419/1419/1512 1450/1450/1543 1449/1449/1542
f 1419/1419/1512 1420/1420/1513 1451/1451/1544 1450/1450/1543
f 1420/1420/1513 1421/1421/1514 1452/1452/1545 1451/1451/1544
f 1421/1421/1514 1422/1422/1515 1453/1453/1546 1452/1452/1545
f 1422/1422/1515 1423/1423/1516 1454/1454/1547 1453/1453/1546
f 1423/1423/1516 1424/1424/1517 1455/1455/1548 1454/1454/1547
f 1424/1424/1517 1425/1425/1518 1456/1456/1549 1455/1455/1548
f 1425/1425/1518 1426/1426/1519 1457/1457/1550 1456/1456/1549
f 1426/1426/1519 1427/1427/1520 1458/1458/1551 1457/1457/1550
f 1427/1427/1520 1428/1428/1521 1459/1459/1552 1458/1458/1551
f 1428/1428/1521 1429/1429/1522 1460/1460/1553 1459/1459/1552
f 1429/1429/1522 1430/1430/1523 1461/1461/1554 1460/1460/1553
f 1431/1431/1525 1432/1432/1524 1463/1463/1555 1462/1462/1556
f 1432/1432/1524 1433/1433/1526 1464/1464/1557 1463/1463/1555
f 1433/1433/1526 1434/1434/1527 1465/1465/1558 1464/1464/1557
f 1434/1434/1527 1435/1435/1528 1466/1466/1559 1465/1465/1558
f 1435/1435/1528 1436/1436/1529 1467/1467/1560 1466/1466/1559
f 1436/1436/1529 1437/1437/1530 1468/1468/1561 1467/1467/1560
f 1437/1437/1530 1438/1438/1531 1469/1469/1562 1468/1468/1561
f 1438/1438/1531 1439/1439/1532 1470/1470/1563 1469/1469/1562
f 1439/1439/1532 1440/1440/1533 1471/1471/1564 1470/1470/1563
f 1440/1440/1533 1441/1441/1534 1472/1472/1565 1471/1471/1564
f 1441/1441/1534 1442/1442/1535 1473/1473/1566 1472/1472/1565
f 1442/1442/1535 1443/1443/1536 1474/1474/1567 1473/1473/1566
f 1443/1443/1536 1444/1444/1537 1475/1475/1568 1474/1474/1567
f 1444/1444/1537 1445/1445/1538 1476/1476/1569 1475/1475/1568
f 1445/1445/1538 1446/1446/1539 1477/1477/1570 1476/1476/1569
f 1446/1446/1539 1447/1447/1540 1478/1478/1571 1477/1477/1570
f 1447/1447/1540 1448/1448/1541 1479/1479/1572 1478/1478/1571
f 1448/1448/1541 1449/1449/1542 1480/1480/1573 1479/1479/1572
f 1449/1449/1542 1450/1450/1543 1481/1481/1574 1480/1480/1573
f 1450/1450/1543 1451/1451/1544 1482/1482/1575 1481/1481/1574
f 1451/1451/1544 1452/1452/1545 1483/1483/1576 1482/1482/1575
f 1452/1452/1545 1453/1453/1546 1484/1484/1577 1483/1483/1576
f 1453/1453/1546 1454/1454/1547 1485/1485/1578 1484/1484/1577
f 1454/1454/1547 1455/1455/1548 1486/1486/1579 1485/1485/1578
f 1455/1455/1548 1456/1456/1549 1487/1487/1580 1486/1486/1579
f 1456/1456/1549 1457/1457/1550 1488/1488/1581 1487/1487/1580
f 1457/1457/1550 1458/1458/1551 1489/1489/1582 1488/1488/1581
f 1458/1458/1551 1459/1459/1552 1490/1490/1583 1489/1489/1582
f 1459/1459/1552 1460/1460/1553 1491/1491/1584 1490/1490/1583
f 1460/1460/1553 1461/1461/1554 1492/1492/1585 1491/1491/1584
f 1462/1462/1556 1463/1463/1555 1494/1494/1586 1493/1493/1587
f 1463/1463/1555 1464/1464/1557 1495/1495/1588 1494/1494/1586
f 1464/1464/1557 1465/1465/1558 1496/1496/1589 1495/1495/1588
f 1465/1465/1558 1466/1466/1559 1497/1497/1590 1496/1496/1589
f 1466/1466/1559 1467/1467/1560 1498/1498/1591 1497/1497/1590
f 1467/1467/1560 1468/1468/1561 1499/1499/1592 1498/1498/1591
f 1468/1468/1561 1469/1469/1562 1500/1500/1593 1499/1499/1592
f 1469/1469/1562 1470/1470/1563 1501/1501/1594 1500/1500/1593
f 1470/1470/1563 1471/1471/1564 1502/1502/1595 1501/1501/1594
f 1471/1471/1564 1472/1472/1565 1503/1503/1596 1502/1502/1595
f 1472/1472/1565 1473/1473/1566 1504/1504/1597 1503/1503/1596
f 1473/1473/1566 1474/1474/1567 1505/1505/1598 1504/1504/1597
f 1474/1474/1567 1475/1475/1568 1506/1506/1599 1505/1505/1598
f 1475/1475/1568 1476/1476/1569 1507/1507/1600 1506/1506/1599
f 1476/1476/1569 1477/1477/1570 1508/1508/1601 1507/1507/1600
f 1477/1477/1570 1478/1478/1571 1509/1509/1602 1508/1508/1601
f 1478/1478/1571 1479/1479/1572 1510/1510/1603 1509/1509/1602
f 1479/1479/1572 1480/1480/1573 1511/1511/1604 1510/1510/1603
f 1480/1480/1573 1481/1481/1574 1512/1512/1605 1511/1511/1604
f 1481/1481/1574 1482/1482/1575 1513/1513/1606 1512/1512/1605
f 1482/1482/1575 1483/1483/1576 1514/1514/1607 1513/1513/1606
f 1483/1483/1576 1484/1484/1577 1515/1515/1608 1514/1514/1607
f 1484/1484/1577 1485/1485/1578 1516/1516/1609 1515/1515/1608
f 1485/1485/1578 1486/1486/1579 1517/1517/1610 1516/1516/1609
f 1486/1486/1579 1487/1487/1580 1518/1518/1611 1517/1517/1610
f 1487/1487/1580 1488/1488/1581 1519/1519/1612 1518/1518/1611
f 1488/1488/1581 1489/1489/1582 1520/1520/1613 1519/1519/1612
f 1489/1489/1582 1490/1490/1583 1521/1521/1614 1520/1520/1613
f 1490/1490/1583 1491/1491/1584 1522/1522/1615 1521/1521/1614
f 1491/1491/1584 1492/1492/1585 1523/1523/1616 1522/1522/1615
f 1493/1493/1587 1494/1494/1586 1525/1525/1617 1524/1524/1618
f 1494/1494/1586 1495/1495/1588 1526/1526/1619 1525/1525/1617
f 1495/1495/1588 1496/1496/1589 1527/1527/1620 1526/1526/1619
f 1496/1496/1589 1497/1497/1590 1528/1528/1621 1527/1527/1620
f 1497/1497/1590 1498/1498/1591 1529/1529/1622 1528/1528/1621
f 1498/1498/1591 1499/1499/1592 1530/1530/1623 1529/1529/1622
f 1499/1499/1592 1500/1500/1593 1531/1531/1624 1530/1530/1623
f 1500/1500/1593 1501/1501/1594 1532/1532/1625 1531/1531/1624
f 1501/1501/1594 1502/1502/1595 1533/1533/1626 1532/1532/1625
f 1502/1502/1595 1503/1503/1596 1534/1534/1627 1533/1533/1626
f 1503/1503/1596 1504/1504/1597 1535/1535/1628 1534/1534/1627
f 1504/1504/1597 1505/1505/1598 1536/1536/1629 1535/1535/1628
f 1505/1505/1598 1506/1506/1599 1537/1537/1630 1536/1536/1629
f 1506/1506/1599 1507/1507/1600 1538/1538/1631 1537/1537/1630
f 1507/1507/1600 1508/1508/1601 1539/1539/1632 1538/1538/1631
f 1508/1508/1601 1509/1509/1602 1540/1540/1633 1539/1539/1632
f 1509/1509/1602 1510/1510/1603 1541/1541/1634 1540/1540/1633
f 1510/1510/1603 1511/1511/1604 1542/1542/1635 1541/1541/1634
f 1511/1511/1604 1512/1512/1605 1543/1543/1636 1542/1542/1635
f 1512/1512/1605 1513/1513/1606 1544/1544/1637 1543/1543/1636
f 1513/1513/1606 1514/1514/1607 1545/1545/1638 1544/1544/1637
f 1514/1514/1607 1515/1515/1608 1546/1546/1639 1545/1545/1638
f 1515/1515/1608 1516/1516/1609 1547/1547/1640 1546/1546/1639
f 1516/1516/1609 1517/1517/1610 1548/1548/1641 1547/1547/1640
f 1517/1517/1610 1518/1518/1611 1549/1549/1642 1548/1548/1641
f 1518/1518/1611 1519/1519/1612 1550/1550/1643 1549/1549/1642
f 1519/1519/1612 1520/1520/1613 1551/1551/1644 1550/1550/1643
f 1520/1520/1613 1521/1521/1614 1552/1552/1645 1551/1551/1644
f 1521/1521/1614 1522/1522/1615 1553/1553/1646 1552/1552/1645
f 1522/1522/1615 1523/1523/1616 1554/1554/1647 1553/1553/1646
f 1524/1524/1618 1525/1525/1617 1556/1556/1648 1555/1555/1649
f 1525/1525/1617 1526/1526/1619 1557/1557/1650 1556/1556/1648
f 1526/1526/1619 1527/1527/1620 1558/1558/1651 1557/1557/1650
f 1527/1527/1620 1528/1528/1621 1559/1559/1652 1558/1558/1651
f 1528/1528/1621 1529/1529/1622 1560/1560/1653 1559/1559/1652
f 1529/1529/1622 1530/1530/1623 1561/1561/1654 1560/1560/1653
f 1530/1530/1623 1531/1531/1624 1562/1562/1655 1561/1561/1654
f 1531/1531/1624 1532/1532/1625 1563/1563/1656 1562/1562/1655
f 1532/1532/1625 1533/1533/1626 1564/1564/1657 1563/1563/1656
f 1533/1533/1626 1534/1534/1627 1565/1565/1658 1564/1564/1657
f 1534/1534/1627 1535/1535/1628 1566/1566/1659 1565/1565/1658
f 1535/1535/1628 1536/1536/1629 1567/1567/1660 1566/1566/1659
f 1536/1536/1629 1537/1537/1630 1568/1568/1661 1567/1567/1660
f 1537/1537/1630 1538/1538/1631 1569/1569/1662 1568/1568/1661
f 1538/1538/1631 1539/1539/1632 1570/1570/1663 1569/1569/1662
f 1539/1539/1632 1540/1540/1633 1571/1571/1664 1570/1570/1663
f 1540/1540/1633 1541/1541/1634 1572/1572/1665 1571/1571/1664
f 1541/1541/1634 1542/1542/1635 1573/1573/1666 1572/1572/1665
f 1542/1542/1635 1543/1543/1636 1574/1574/1667 1573/1573/1666
f 1543/1543/1636 1544/1544/1637 1575/1575/1668 1574/1574/1667
f 1544/1544/1637 1545/1545/1638 1576/1576/1669 1575/1575/1668
f 1545/1545/1638 1546/1546/1639 1577/1577/1670 1576/1576/1669
f 1546/1546/1639 1547/1547/1640 1578/1578/1671 1577/1577/1670
f 1547/1547/1640 1548/1548/1641 1579/1579/1672 1578/1578/1671
f 1548/1548/1641 1549/1549/1642 1580/1580/1673 1579/1579/1672
f 1549/1549/1642 1550/1550/1643 1581/1581/1674 1580/1580/1673
f 1550/1550/1643 1551/1551/1644 1582/1582/1675 1581/1581/1674
f 1551/1551/1644 1552/1552/1645 1583/1583/1676 1582/1582/1675
f 1552/1552/1645 1553/1553/1646 1584/1584/1677 1583/1583/1676
f 1553/1553/1646 1554/1554/1647 1585/1585/1678 1584/1584/1677
f 1555/1555/1649 1556/1556/1648 1587/1587/1679 1586/1586/1680
f 1556/1556/1648 1557/1557/1650 1588/1588/1681 1587/1587/1679
f 1557/1557/1650 1558/1558/1651 1589/1589/1682 1588/1588/1681
f 1558/1558/1651 1559/1559/1652 1590/1590/1683 1589/1589/1682
f 1559/1559/1652 1560/1560/1653 1591/1591/1684 1590/1590/1683
f 1560/1560/1653 1561/1561/1654 1592/1592/1685 1591/1591/1684
f 1561/1561/1654 1562/1562/1655 1593/1593/1686 1592/1592/1685
f 1562/1562/1655 1563/1563/1656 1594/1594/1687 1593/1593/1686
f 1563/1563/1656 1564/1564/1657 1595/1595/1688 1594/1594/1687
f 1564/1564/1657 1565/1565/1658 1596/1596/1689 1595/1595/1688
f 1565/1565/1658 1566/1566/1659 1597/1597/1690 1596/1596/1689
f 1566/1566/1659 1567/1567/1660 1598/1598/1691 1597/1597/1690
f 1567/1567/1660 1568/1568/1661 1599/1599/1692 1598/1598/1691
f 1568/1568/1661 1569/1569/1662 1600/1600/1693 1599/1599/1692
f 1569/1569/1662 1570/1570/1663 1601/1601/1694 1600/1600/1693
f 1570/1570/1663 1571/1571/1664 1602/1602/1695 1601/1601/1694
f 1571/1571/1664 1572/1572/1665 1603/1603/1696 1602/1602/1695
f 1572/1572/1665 1573/1573/1666 1604/1604/1697 1603/1603/1696
f 1573/1573/1666 1574/1574/1667 1605/1605/1698 1604/1604/1697
f 1574/1574/1667 1575/1575/1668 1606/1606/1699 1605/1605/1698
f 1575/1575/1668 1576/1576/1669 1607/1607/1700 1606/1606/1699
f 1576/1576/1669 1577/1577/1670 1608/1608/1701 1607/1607/1700
f 1577/1577/1670 1578/1578/1671 1609/1609/1702 1608/1608/1701
f 1578/1578/1671 1579/1579/1672 1610/1610/1703 1609/1609/1702
f 1579/1579/1672 1580/1580/1673 1611/1611/1704 1610/1610/1703
f 1580/1580/1673 1581/1581/1674 1612/1612/1705 1611/1611/1704
f 1581/1581/1674 1582/1582/1675 1613/1613/1706 1612/1612/1705
f 1582/1582/1675 1583/1583/1676 1614/1614/1707 1613/1613/1706
f 1583/1583/1676 1584/1584/1677 1615/1615/1708 1614/1614/1707
f 1584/1584/1677 1585/1585/1678 1616/1616/1709 1615/1615/1708
f 1586/1586/1680 1587/1587/1679 1618/1618/1710 1617/1617/1711
f 1587/1587/1679 1588/1588/1681 1619/1619/1712 1618/1618/1710
f 1588/1588/1681 1589/1589/1682 1620/1620/1713 1619/1619/1712
f 1589/1589/1682 1590/1590/1683 1621/1621/1714 1620/1620/1713
f 1590/1590/1683 1591/1591/1684 1622/1622/1715 1621/1621/1714
f 1591/1591/1684 1592/1592/1685 1623/1623/1716 1622/1622/1715
f 1592/1592/1685 1593/1593/1686 1624/1624/1717 1623/1623/1716
f 1593/1593/1686 1594/1594/1687 1625/1625/1718 1624/1624/1717
f 1594/1594/1687 1595/1595/1688 1626/1626/1719 1625/1625/1718
f 1595/1595/1688 1596/1596/1689 1627/1627/1720 1626/1626/1719
f 1596/1596/1689 1597/1597/1690 1628/1628/1721 1627/1627/1720
f 1597/1597/1690 1598/1598/1691 1629/1629/1722 1628/1628/1721
f 1598/1598/1691 1599/1599/1692 1630/1630/1723 1629/1629/1722
f 1599/1599/1692 1600/1600/1693 1631/1631/1724 1630/1630/1723
f 1600/1600/1693 1601/1601/1694 1632/1632/1725 1631/1631/1724
f 1601/1601/1694 1602/1602/1695 1633/1633/1726 1632/1632/1725
f 1602/1602/1695 1603/1603/1696 1634/1634/1727 1633/1633/1726
f 1603/1603/1696 1604/1604/1697 1635/1635/1728 1634/1634/1727
f 1604/1604/1697 1605/1605/1698 1636/1636/1729 1635/1635/1728
f 1605/1605/1698 1606/1606/1699 1637/1637/1730 1636/1636/1729
f 1606/1606/1699 1607/1607/1700 1638/1638/1731 1637/1637/1730
f 1607/1607/1700 1608/1608/1701 1639/1639/1732 1638/1638/1731
f 1608/1608/1701 1609/1609/1702 1640/1640/1733 1639/1639/1732
f 1609/1609/1702 1610/1610/1703 1641/1641/1734 1640/1640/1733
f 1610/1610/1703 1611/1611/1704 1642/1642/1735 1641/1641/1734
f 1611/1611/1704 1612/1612/1705 1643/1643/1736 1642/1642/1735
f 1612/1612/1705 1613/1613/1706 1644/1644/1737 1643/1643/1736
f 1613/1613/1706 1614/1614/1707 1645/1645/1738 1644/1644/1737
f 1614/1614/1707 1615/1615/1708 1646/1646/1739 1645/1645/1738
f 1615/1615/1708 1616/1616/1709 1647/1647/1740 1646/1646/1739
f 1617/1617/1711 1618/1618/1710 1649/1649/1741 1648/1648/1742
f 1618/1618/1710 1619/1619/1712 1650/1650/1743 1649/1649/1741
f 1619/1619/1712 1620/1620/1713 1651/1651/1744 1650/1650/1743
f 1620/1620/1713 1621/1621/1714 1652/1652/1745 1651/1651/1744
f 1621/1621/1714 1622/1622/1715 1653/1653/1746 1652/1652/1745
f 1622/1622/1715 1623/1623/1716 1654/1654/1747 1653/1653/1746
f 1623/1623/1716 1624/1624/1717 1655/1655/1748 1654/1654/1747
f 1624/1624/1717 1625/1625/1718 1656/1656/1749 1655/1655/1748
f 1625/1625/1718 1626/1626/1719 1657/1657/1750 1656/1656/1749
f 1626/1626/1719 1627/1627/1720 1658/1658/1751 1657/1657/1750
f 1627/1627/1720 1628/1628/1721 1659/1659/1752 1658/1658/1751
f 1628/1628/1721 1629/1629/1722 1660/1660/1753 1659/1659/1752
f 1629/1629/1722 1630/1630/1723 1661/1661/1754 1660/1660/1753
f 1630/1630/1723 1631/1631/1724 1662/1662/1755 1661/1661/1754
f 1631/1631/1724 1632/1632/1725 1663/1663/1756 1662/1662/1755
f 1632/1632/1725 1633/1633/1726 1664/1664/1757 1663/1663/1756
f 1633/1633/1726 1634/1634/1727 1665/1665/1758 1664/1664/1757
f 1634/1634/1727 1635/1635/1728 1666/1666/1759 1665/1665/1758
f 1635/1635/1728 1636/1636/1729 1667/1667/1760 1666/1666/1759
f 1636/1636/1729 1637/1637/1730 1668/1668/1761 1667/1667/1760
f 1637/1637/1730 1638/1638/1731 1669/1669/1762 1668/1668/1761
f 1638/1638/1731 1639/1639/1732 1670/1670/1763 1669/1669/1762
f 1639/1639/1732 1640/1640/1733 1671/1671/1764 1670/1670/1763
f 1640/1640/1733 1641/1641/1734 1672/1672/1765 1671/1671/1764
f 1641/1641/1734 1642/1642/1735 1673/1673/1766 1672/1672/1765
f 1642/1642/1735 1643/1643/1736 1674/1674/1767 1673/1673/1766
f 1643/1643/1736 1644/1644/1737 1675/1675/1768 1674/1674/1767
f 1644/1644/1737 1645/1645/1738 1676/1676/1769 1675/1675/1768
f 1645/1645/1738 1646/1646/1739 1677/1677/1770 1676/1676/1769
f 1646/1646/1739 1647/1647/1740 1678/1678/1771 1677/1677/1770
f 1648/1648/1742 1649/1649/1741 1680/1680/1772 1679/1679/1773
f 1649/1649/1741 1650/1650/1743 1681/1681/1774 1680/1680/1772
f 1650/1650/1743 1651/1651/1744 1682/1682/1775 1681/1681/1774
f 1651/1651/1744 1652/1652/1745 1683/1683/1776 1682/1682/1775
f 1652/1652/1745 1653/1653/1746 1684/1684/1777 1683/1683/1776
f 1653/1653/1746 1654/1654/1747 1685/1685/1778 1684/1684/1777
f 1654/1654/1747 1655/1655/1748 1686/1686/1779 1685/1685/1778
f 1655/1655/1748 1656/1656/1749 1687/1687/1780 1686/1686/1779
f 1656/1656/1749 1657/1657/1750 1688/1688/1781 1687/1687/1780
f 1657/1657/1750 1658/1658/1751 1689/1689/1782 1688/1688/1781
f 1658/1658/1751 1659/1659/1752 1690/1690/1783 1689/1689/1782
f 1659/1659/1752 1660/1660/1753 1691/1691/1784 1690/1690/1783
f 1660/1660/1753 1661/1661/1754 1692/1692/1785 1691/1691/1784
f 1661/1661/1754 1662/1662/1755 1693/1693/1786 1692/1692/1785
f 1662/1662/1755 1663/1663/1756 1694/1694/1787 1693/1693/1786
f 1663/1663/1756 1664/1664/1757 1695/1695/1788 1694/1694/1787
f 1664/1664/1757 1665/1665/1758 1696/1696/1789 1695/1695/1788
f 1665/1665/1758 1666/1666/1759 1697/1697/1790 1696/1696/1789
f 1666/1666/1759 1667/1667/1760 1698/1698/1791 1697/1697/1790
f 1667/1667/1760 1668/1668/1761 1699/1699/1792 1698/1698/1791
f 1668/1668/1761 1669/1669/1762 1700/1700/1793 1699/1699/1792
f 1669/1669/1762 1670/1670/1763 1701/1701/1794 1700/1700/1793
f 1670/1670/1763 1671/1671/1764 1702/1702/1795 1701/1701/1794
f 1671/1671/1764 1672/1672/1765 1703/1703/1796 1702/1702/1795
f 1672/1672/1765 1673/1673/1766 1704/1704/1797 1703/1703/1796
f 1673/1673/1766 1674/1674/1767 1705/1705/1798 1704/1704/1797
f 1674/1674/1767 1675/1675/1768 1706/1706/1799 1705/1705/1798
f 1675/1675/1768 1676/1676/1769 1707/1707/1800 1706/1706/1799
f 1676/1676/1769 1677/1677/1770 1708/1708/1801 1707/1707/1800
f 1677/1677/1770 1678/1678/1771 1709/1709/1802 1708/1708/1801
f 1679/1679/1773 1680/1680/1772 1711/1711/1803 1710/1710/1804
f 1680/1680/1772 1681/1681/1774 1712/1712/1805 1711/1711/1803
f 1681/1681/1774 1682/1682/1775 1713/1713/1806 1712/1712/1805
f 1682/1682/1775 1683/1683/1776 1714/1714/1807 1713/1713/1806
f 1683/1683/1776 1684/1684/1777 1715/1715/1808 1714/1714/1807
f 1684/1684/1777 1685/1685/1778 1716/1716/1809 1715/1715/1808
f 1685/1685/1778 1686/1686/1779 1717/1717/1810 1716/1716/1809
f 1686/1686/1779 1687/1687/1780 1718/1718/1811 1717/1717/1810
f 1687/1687/1780 1688/1688/1781 1719/1719/1812 1718/1718/1811
f 1688/1688/1781 1689/1689/1782 1720/1720/1813 1719/1719/1812
f 1689/1689/1782 1690/1690/1783 1721/1721/1814 1720/1720/1813
f 1690/1690/1783 1691/1691/1784 1722/1722/1815 1721/1721/1814
f 1691/1691/1784 1692/1692/1785 1723/1723/1816 1722/1722/1815
f 1692/1692/1785 1693/1693/1786 1724/1724/1817 1723/1723/1816
f 1693/1693/1786 1694/1694/1787 1725/1725/1818 1724/1724/1817
f 1694/1694/1787 1695/1695/1788 1726/1726/1819 1725/1725/1818
f 1695/1695/1788 1696/1696/1789 1727/1727/1820 1726/1726/1819
f 1696/1696/1789 1697/1697/1790 1728/1728/1821 1727/1727/1820
f 1697/1697/1790 1698/1698/1791 1729/1729/1822 1728/1728/1821
f 1698/1698/1791 1699/1699/1792 1730/1730/1823 1729/1729/1822
f 1699/1699/1792 1700/1700/1793 1731/1731/1824 1730/1730/1823
f 1700/1700/1793 1701/1701/1794 1732/1732/1825 1731/1731/1824
f 1701/1701/1794 1702/1702/1795 1733/1733/1826 1732/1732/1825
f 1702/1702/1795 1703/1703/1796 1734/1734/1827 1733/1733/1826
f 1703/1703/1796 1704/1704/1797 1735/1735/1828 1734/1734/1827
f 1704/1704/1797 1705/1705/1798 1736/1736/1829 1735/1735/1828
f 1705/1705/1798 1706/1706/1799 1737/1737/1830 1736/1736/1829
f 1706/1706/1799 1707/1707/1800 1738/1738/1831 1737/1737/1830
f 1707/1707/1800 1708/1708/1801 1739/1739/1832 1738/1738/1831
f 1708/1708/1801 1709/1709/1802 1740/1740/1833 1739/1739/1832
f 1710/1710/1804 1711/1711/1803 1742/1742/1834 1741/1741/1835
f 1711/1711/1803 1712/1712/1805 1743/1743/1836 1742/1742/1834
f 1712/1712/1805 1713/1713/1806 1744/1744/1837 1743/1743/1836
f 1713/1713/1806 1714/1714/1807 1745/1745/1838 1744/1744/1837
f 1714/1714/1807 1715/1715/1808 1746/1746/1839 1745/1745/1838
f 1715/1715/1808 1716/1716/1809 1747/1747/1840 1746/1746/1839
f 1716/1716/1809 1717/1717/1810 1748/1748/1841 1747/1747/1840
f 1717/1717/1810 1718/1718/1811 1749/1749/1842 1748/1748/1841
f 1718/1718/1811 1719/1719/1812 1750/1750/1843 1749/1749/1842
f 1719/1719/1812 1720/1720/1813 1751/1751/1844 1750/1750/1843
f 1720/1720/1813 1721/1721/1814 1752/1752/1845 1751/1751/1844
f 1721/1721/1814 1722/1722/1815 1753/1753/1846 1752/1752/1845
f 1722/1722/1815 1723/1723/1816 1754/1754/1847 1753/1753/1846
f 1723/1723/1816 1724/1724/1817 1755/1755/1848 1754/1754/1847
f 1724/1724/1817 1725/1725/1818 1756/1756/1849 1755/1755/1848
f 1725/1725/1818 1726/1726/1819 1757/1757/1850 1756/1756/1849
f 1726/1726/1819 1727/1727/1820 1758/1758/1851 1757/1757/1850
f 1727/1727/1820 1728/1728/1821 1759/1759/1852 1758/1758/1851
f 1728/1728/1821 1729/1729/1822 1760/1760/1853 1759/1759/1852
f 1729/1729/1822 1730/1730/1823 1761/1761/1854 1760/1760/1853
f 1730/1730/1823 1731/1731/1824 1762/1762/1855 1761/1761/1854
f 1731/1731/1824 1732/1732/1825 1763/1763/1856 1762/1762/1855
f 1732/1732/1825 1733/1733/1826 1764/1764/1857 1763/1763/1856
f 1733/1733/1826 1734/1734/1827 1765/1765/1858 1764/1764/1857
f 1734/1734/1827 1735/1735/1828 1766/1766/1859 1765/1765/1858
f 1735/1735/1828 1736/1736/1829 1767/1767/1860 1766/1766/1859
f 1736/1736/1829 1737/1737/1830 1768/1768/1861 1767/1767/1860
f 1737/1737/1830 1738/1738/1831 1769/1769/1862 1768/1768/1861
f 1738/1738/1831 1739/1739/1832 1770/1770/1863 1769/1769/1862
f 1739/1739/1832 1740/1740/1833 1771/1771/1864 1770/1770/1863
f 1741/1741/1835 1742/1742/1834 1773/1773/1865 1772/1772/1866
f 1742/1742/1834 1743/1743/1836 1774/1774/1867 1773/1773/1865
f 1743/1743/1836 1744/1744/1837 1775/1775/1868 1774/1774/1867
f 1744/1744/1837 1745/1745/1838 1776/1776/1869 1775/1775/1868
f 1745/1745/1838 1746/1746/1839 1777/1777/1870 1776/1776/1869
f 1746/1746/1839 1747/1747/1840 1778/1778/1871 1777/1777/1870
f 1747/1747/1840 1748/1748/1841 1779/1779/1872 1778/1778/1871
f 1748/1748/1841 1749/1749/1842 1780/1780/1873 1779/1779/1872
f 1749/1749/1842 1750/1750/1843 1781/1781/1874 1780/1780/1873
f 1750/1750/1843 1751/1751/1844 1782/1782/1875 1781/1781/1874
f 1751/1751/1844 1752/1752/1845 1783/1783/1876 1782/1782/1875
f 1752/1752/1845 1753/1753/1846 1784/1784/1877 1783/1783/1876
f 1753/1753/1846 1754/1754/1847 1785/1785/1878 1784/1784/1877
f 1754/1754/1847 1755/1755/1848 1786/1786/1879 1785/1785/1878
f 1755/1755/1848 1756/1756/1849 1787/1787/1880 1786/1786/1879
f 1756/1756/1849 1757/1757/1850 1788/1788/1881 1787/1787/1880
f 1757/1757/1850 1758/1758/1851 1789/1789/1882 1788/1788/1881
f 1758/1758/1851 1759/1759/1852 1790/1790/1883 1789/1789/1882
f 1759/1759/1852 1760/1760/1853 1791/1791/1884 1790/1790/1883
f 1760/1760/1853 1761/1761/1854 1792/1792/1885 1791/1791/1884
f 1761/1761/1854 1762/1762/1855 1793/1793/1886 1792/1792/1885
f 1762/1762/1855 1763/1763/1856 1794/1794/1887 1793/1793/1886
f 1763/1763/1856 1764/1764/1857 1795/1795/1888 1794/1794/1887
f 1764/1764/1857 1765/1765/1858 1796/1796/1889 1795/1795/1888
f 1765/1765/1858 1766/1766/1859 1797/1797/1890 1796/1796/1889
f 1766/1766/1859 1767/1767/1860 1798/1798/1891 1797/1797/1890
f 1767/1767/1860 1768/1768/1861 1799/1799/1892 1798/1798/1891
f 1768/1768/1861 1769/1769/1862 1800/1800/1893 1799/1799/1892
f 1769/1769/1862 1770/1770/1863 1801/1801/1894 1800/1800/1893
f 1770/1770/1863 1771/1771/1864 1802/1802/1895 1801/1801/1894
f 1772/1772/1866 1773/1773/1865 1804/1804/1896 1803/1803/1897
f 1773/1773/1865 1774/1774/1867 1805/1805/1898 1804/1804/1896
f 1774/1774/1867 1775/1775/1868 1806/1806/1899 1805/1805/1898
f 1775/1775/1868 1776/1776/1869 1807/1807/1900 1806/1806/1899
f 1776/1776/1869 1777/1777/1870 1808/1808/1901 1807/1807/1900
f 1777/1777/1870 1778/1778/1871 1809/1809/1902 1808/1808/1901
f 1778/1778/1871 1779/1779/1872 1810/1810/1903 1809/1809/1902
f 1779/1779/1872 1780/1780/1873 1811/1811/1904 1810/1810/1903
f 1780/1780/1873 1781/1781/1874 1812/1812/1905 1811/1811/1904
f 1781/1781/1874 1782/1782/1875 1813/1813/1906 1812/1812/1905
f 1782/1782/1875 1783/1783/1876 1814/1814/1907 1813/1813/1906
f 1783/1783/1876 1784/1784/1877 1815/1815/1908 1814/1814/1907
f 1784/1784/1877 1785/1785/1878 1816/1816/1909 1815/1815/1908
f 1785/1785/1878 1786/1786/1879 1817/1817/1910 1816/1816/1909
f 1786/1786/1879 1787/1787/1880 1818/1818/1911 1817/1817/1910
f 1787/1787/1880 1788/1788/1881 1819/1819/1912 1818/1818/1911
f 1788/1788/1881 1789/1789/1882 1820/1820/1913 1819/1819/1912
f 1789/1789/1882 1790/1790/1883 1821/1821/1914 1820/1820/1913
f 1790/1790/1883 1791/1791/1884 1822/1822/1915 1821/1821/1914
f 1791/1791/1884 1792/1792/1885 1823/1823/1916 1822/1822/1915
f 1792/1792/1885 1793/1793/1886 1824/1824/1917 1823/1823/1916
f 1793/1793/1886 1794/1794/1887 1825/1825/1918 1824/1824/1917
f 1794/1794/1887 1795/1795/1888 1826/1826/1919 1825/1825/1918
f 1795/1795/1888 1796/1796/1889 1827/1827/1920 1826/1826/1919
f 1796/1796/1889 1797/1797/1890 1828/1828/1921 1827/1827/1920
f 1797/1797/1890 1798/1798/1891 1829/1829/1922 1828/1828/1921
f 1798/1798/1891 1799/1799/1892 1830/1830/1923 1829/1829/1922
f 1799/1799/1892 1800/1800/1893 1831/1831/1924 1830/1830/1923
f 1800/1800/1893 1801/1801/1894 1832/1832/1925 1831/1831/1924
f 1801/1801/1894 1802/1802/1895 1833/1833/1926 1832/1832/1925
f 1803/1803/1897 1804/1804/1896 1835/1835/1927 1834/1834/1928
f 1804/1804/1896 1805/1805/1898 1836/1836/1929 1835/1835/1927
f 1805/1805/1898 1806/1806/1899 1837/1837/1930 1836/1836/1929
f 1806/1806/1899 1807/1807/1900 1838/1838/1931 1837/1837/1930
f 1807/1807/1900 1808/1808/1901 1839/1839/1932 1838/1838/1931
f 1808/1808/1901 1809/1809/1902 1840/1840/1933 1839/1839/1932
f 1809/1809/1902 1810/1810/1903 1841/1841/1934 1840/1840/1933
f 1810/1810/1903 1811/1811/1904 1842/1842/1935 1841/1841/1934
f 1811/1811/1904 1812/1812/1905 1843/1843/1936 1842/1842/1935
f 1812/1812/1905 1813/1813/1906 1844/1844/1937 1843/1843/1936
f 1813/1813/1906 1814/1814/1907 1845/1845/1938 1844/1844/1937
f 1814/1814/1907 1815/1815/1908 1846/1846/1939 1845/1845/1938
f 1815/1815/1908 1816/1816/1909 1847/1847/1940 1846/1846/1939
f 1816/1816/1909 1817/1817/1910 1848/1848/1941 1847/1847/1940
f 1817/1817/1910 1818/1818/1911 1849/1849/1942 1848/1848/1941
f 1818/1818/1911 1819/1819/1912 1850/1850/1943 1849/1849/1942
f 1819/1819/1912 1820/1820/1913 1851/1851/1944 1850/1850/1943
f 1820/1820/1913 1821/1821/1914 1852/1852/1945 1851/1851/1944
f 1821/1821/1914 1822/1822/1915 1853/1853/1946 1852/1852/1945
f 1822/1822/1915 1823/1823/1916 1854/1854/1947 1853/1853/1946
f 1823/1823/1916 1824/1824/1917 1855/1855/1948 1854/1854/1947
f 1824/1824/1917 1825/1825/1918 1856/1856/1949 1855/1855/1948
f 1825/1825/1918 1826/1826/1919 1857/1857/1950 1856/1856/1949
f 1826/1826/1919 1827/1827/1920 1858/1858/1951 1857/1857/1950
f 1827/1827/1920 1828/1828/1921 1859/1859/1952 1858/1858/1951
f 1828/1828/1921 1829/1829/1922 1860/1860/1953 1859/1859/1952
f 1829/1829/1922 1830/1830/1923 1861/1861/1954 1860/1860/1953
f 1830/1830/1923 1831/1831/1924 1862/1862/1955 1861/1861/1954
f 1831/1831/1924 1832/1832/1925 1863/1863/1956 1862/1862/1955
f 1832/1832/1925 1833/1833/1926 1864/1864/1957 1863/1863/1956
f 1834/1834/1928 1835/1835/1927 1866/1866/1958 1865/1865/1959
f 1835/1835/1927 1836/1836/1929 1867/1867/1960 1866/1866/1958
f 1836/1836/1929 1837/1837/1930 1868/1868/1961 1867/1867/1960
f 1837/1837/1930 1838/1838/1931 1869/1869/1962 1868/1868/1961
f 1838/1838/1931 1839/1839/1932 1870/1870/1963 1869/1869/1962
f 1839/1839/1932 1840/1840/1933 1871/1871/1964 1870/1870/1963
f 1840/1840/1933 1841/1841/1934 1872/1872/1965 1871/1871/1964
f 1841/1841/1934 1842/1842/1935 1873/1873/1966 1872/1872/1965
f 1842/1842/1935 1843/1843/1936 1874/1874/1967 1873/1873/1966
f 1843/1843/1936 1844/1844/1937 1875/1875/1968 1874/1874/1967
f 1844/1844/1937 1845/1845/1938 1876/1876/1969 1875/1875/1968
f 1845/1845/1938 1846/1846/1939 1877/1877/1970 1876/1876/1969
f 1846/1846/1939 1847/1847/1940 1878/1878/1971 1877/1877/1970
f 1847/1847/1940 1848/1848/1941 1879/1879/1972 1878/1878/1971
f 1848/1848/1941 1849/1849/1942 1880/1880/1973 1879/1879/1972
f 1849/1849/1942 1850/1850/1943 1881/1881/1974 1880/1880/1973
f 1850/1850/1943 1851/1851/1944 1882/1882/1975 1881/1881/1974
f 1851/1851/1944 1852/1852/1945 1883/1883/1976 1882/1882/1975
f 1852/1852/1945 1853/1853/1946 1884/1884/1977 1883/1883/1976
f 1853/1853/1946 1854/1854/1947 1885/1885/1978 1884/1884/1977
f 1854/1854/1947 1855/1855/1948 1886/1886/1979 1885/1885/1978
f 1855/1855/1948 1856/1856/1949 1887/1887/1980 1886/1886/1979
f 1856/1856/1949 1857/1857/1950 1888/1888/1981 1887/1887/1980
f 1857/1857/1950 1858/1858/1951 1889/1889/1982 1888/1888/1981
f 1858/1858/1951 1859/1859/1952 1890/1890/1983 1889/1889/1982
f 1859/1859/1952 1860/1860/1953 1891/1891/1984 1890/1890/1983
f 1860/1860/1953 1861/1861/1954 1892/1892/1985 1891/1891/1984
f 1861/1861/1954 1862/1862/1955 1893/1893/1986 1892/1892/1985
f 1862/1862/1955 1863/1863/1956 1894/1894/1987 1893/1893/1986
f 1863/1863/1956 1864/1864/1957 1895/1895/1988 1894/1894/1987
f 1865/1865/1959 1866/1866/1958 1897/1897/1989 1896/1896/1990
f 1866/1866/1958 1867/1867/1960 1898/1898/1991 1897/1897/1989
f 1867/1867/1960 1868/1868/1961 1899/1899/1992 1898/1898/1991
f 1868/1868/1961 1869/1869/1962 1900/1900/1993 1899/1899/1992
f 1869/1869/1962 1870/1870/1963 1901/1901/1994 1900/1900/1993
f 1870/1870/1963 1871/1871/1964 1902/1902/1995 1901/1901/1994
f 1871/1871/1964 1872/1872/1965 1903/1903/1996 1902/1902/1995
f 1872/1872/1965 1873/1873/1966 1904/1904/1997 1903/1903/1996
f 1873/1873/1966 1874/1874/1967 1905/1905/1998 1904/1904/1997
f 1874/1874/1967 1875/1875/1968 1906/1906/1999 1905/1905/1998
f 1875/1875/1968 1876/1876/1969 1907/1907/2000 1906/1906/1999
f 1876/1876/1969 1877/1877/1970 1908/1908/2001 1907/1907/2000
f 1877/1877/1970 1878/1878/1971 1909/1909/2002 1908/1908/2001
f 1878/1878/1971 1879/1879/1972 1910/1910/2003 1909/1909/2002
f 1879/1879/1972 1880/1880/1973 1911/1911/2004 1910/1910/2003
f 1880/1880/1973 1881/1881/1974 1912/1912/2005 1911/1911/2004
f 1881/1881/1974 1882/1882/1975 1913/1913/2006 1912/1912/2005
f 1882/1882/1975 1883/1883/1976 1914/1914/2007 1913/1913/2006
f 1883/1883/1976 1884/1884/1977 1915/1915/2008 1914/1914/2007
f 1884/1884/1977 1885/1885/1978 1916/1916/2009 1915/1915/2008
f 1885/1885/1978 1886/1886/1979 1917/1917/2010 1916/1916/2009
f 1886/1886/1979 1887/1887/1980 1918/1918/2011 1917/1917/2010
f 1887/1887/1980 1888/1888/1981 1919/1919/2012 1918/1918/2011
f 1888/1888/1981 1889/1889/1982 1920/1920/2013 1919/1919/2012
f 1889/1889/1982 1890/1890/1983 1921/1921/2014 1920/1920/2013
f 1890/1890/1983 1891/1891/1984 1922/1922/2015 1921/1921/2014
f 1891/1891/1984 1892/1892/1985 1923/1923/2016 1922/1922/2015
f 1892/1892/1985 1893/1893/1986 1924/1924/2017 1923/1923/2016
f 1893/1893/1986 1894/1894/1987 1925/1925/2018 1924/1924/2017
f 1894/1894/1987 1895/1895/1988 1926/1926/2019 1925/1925/2018
f 1896/1896/1990 1897/1897/1989 1928/1928/2020 1927/1927/2021
f 1897/1897/1989 1898/1898/1991 1929/1929/2022 1928/1928/2020
f 1898/1898/1991 1899/1899/1992 1930/1930/2023 1929/1929/2022
f 1899/1899/1992 1900/1900/1993 1931/1931/2024 1930/1930/2023
f 1900/1900/1993 1901/1901/1994 1932/1932/2025 1931/1931/2024
f 1901/1901/1994 1902/1902/1995 1933/1933/2026 1932/1932/2025
f 1902/1902/1995 1903/1903/1996 1934/1934/2027 1933/1933/2026
f 1903/1903/1996 1904/1904/1997 1935/1935/2028 1934/1934/2027
f 1904/1904/1997 1905/1905/1998 1936/1936/2029 1935/1935/2028
f 1905/1905/1998 1906/1906/1999 1937/1937/2030 1936/1936/2029
f 1906/1906/1999 1907/1907/2000 1938/1938/2031 1937/1937/2030
f 1907/1907/2000 1908/1908/2001 1939/1939/2032 1938/1938/2031
f 1908/1908/2001 1909/1909/2002 1940/1940/2033 1939/1939/2032
f 1909/1909/2002 1910/1910/2003 1941/1941/2034 1940/1940/2033
f 1910/1910/2003 1911/1911/2004 1942/1942/2035 1941/1941/2034
f 1911/1911/2004 1912/1912/2005 1943/1943/2036 1942/1942/2035
f 1912/1912/2005 1913/1913/2006 1944/1944/2037 1943/1943/2036
f 1913/1913/2006 1914/1914/2007 1945/1945/2038 1944/1944/2037
f 1914/1914/2007 1915/1915/2008 1946/1946/2039 1945/1945/2038
f 1915/1915/2008 1916/1916/2009 1947/1947/2040 1946/1946/2039
f 1916/1916/2009 1917/1917/2010 1948/1948/2041 1947/1947/2040
f 1917/1917/2010 1918/1918/2011 1949/1949/2042 1948/1948/2041
f 1918/1918/2011 1919/1919/2012 1950/1950/2043 1949/1949/2042
f 1919/1919/2012 1920/1920/2013 1951/1951/2044 1950/1950/2043
f 1920/1920/2013 1921/1921/2014 1952/1952/2045 1951/1951/2044
f 1921/1921/2014 1922/1922/2015 1953/1953/2046 1952/1952/2045
f 1922/1922/2015 1923/1923/2016 1954/1954/2047 1953/1953/2046
f 1923/1923/2016 1924/1924/2017 1955/1955/2048 1954/1954/2047
f 1924/1924/2017 1925/1925/2018 1956/1956/2049 1955/1955/2048
f 1925/1925/2018 1926/1926/2019 1957/1957/2050 1956/1956/2049
f 1927/1927/2021 1928/1928/2020 1959/1959/2051 1958/1958/2052
f 1928/1928/2020 1929/1929/2022 1960/1960/2053 1959/1959/2051
f 1929/1929/2022 1930/1930/2023 1961/1961/2054 1960/1960/2053
f 1930/1930/2023 1931/1931/2024 1962/1962/2055 1961/1961/2054
f 1931/1931/2024 1932/1932/2025 1963/1963/2056 1962/1962/2055
f 1932/1932/2025 1933/1933/2026 1964/1964/2057 1963/1963/2056
f 1933/1933/2026 1934/1934/2027 1965/1965/2058 1964/1964/2057
f 1934/1934/2027 1935/1935/2028 1966/1966/2059 1965/1965/2058
f 1935/1935/2028 1936/1936/2029 1967/1967/2060 1966/1966/2059
f 1936/1936/2029 1937/1937/2030 1968/1968/2061 1967/1967/2060
f 1937/1937/2030 1938/1938/2031 1969/1969/2062 1968/1968/2061
f 1938/1938/2031 1939/1939/2032 1970/1970/2063 1969/1969/2062
f 1939/1939/2032 1940/1940/2033 1971/1971/2064 1970/1970/2063
f 1940/1940/2033 1941/1941/2034 1972/1972/2065 1971/1971/2064
f 1941/1941/2034 1942/1942/2035 1973/1973/2066 1972/1972/2065
f 1942/1942/2035 1943/1943/2036 1974/1974/2067 1973/1973/2066
f 1943/1943/2036 1944/1944/2037 1975/1975/2068 1974/1974/2067
f 1944/1944/2037 1945/1945/2038 1976/1976/2069 1975/1975/2068
f 1945/1945/2038 1946/1946/2039 1977/1977/2070 1976/1976/2069
f 1946/1946/2039 1947/1947/2040 1978/1978/2071 1977/1977/2070
f 1947/1947/2040 1948/1948/2041 1979/1979/2072 1978/1978/2071
f 1948/1948/2041 1949/1949/2042 1980/1980/2073 1979/1979/2072
f 1949/1949/2042 1950/1950/2043 1981/1981/2074 1980/1980/2073
f 1950/1950/2043 1951/1951/2044 1982/1982/2075 1981/1981/2074
f 1951/1951/2044 1952/1952/2045 1983/1983/2076 1982/1982/2075
f 1952/1952/2045 1953/1953/2046 1984/1984/2077 1983/1983/2076
f 1953/1953/2046 1954/1954/2047 1985/1985/2078 1984/1984/2077
f 1954/1954/2047 1955/1955/2048 1986/1986/2079 1985/1985/2078
f 1955/1955/2048 1956/1956/2049 1987/1987/2080 1986/1986/2079
f 1956/1956/2049 1957/1957/2050 1988/1988/2081 1987/1987/2080
f 1958/1958/2052 1959/1959/2051 1990/1990/2082 1989/1989/2083
f 1959/1959/2051 1960/1960/2053 1991/1991/2084 1990/1990/2082
f 1960/1960/2053 1961/1961/2054 1992/1992/2085 1991/1991/2084
f 1961/1961/2054 1962/1962/2055 1993/1993/2086 1992/1992/2085
f 1962/1962/2055 1963/1963/2056 1994/1994/2087 1993/1993/2086
f 1963/1963/2056 1964/1964/2057 1995/1995/2088 1994/1994/2087
f 1964/1964/2057 1965/1965/2058 1996/1996/2089 1995/1995/2088
f 1965/1965/2058 1966/1966/2059 1997/1997/2090 1996/1996/2089
f 1966/1966/2059 1967/1967/2060 1998/1998/2091 1997/1997/2090
f 1967/1967/2060 1968/1968/2061 1999/1999/2092 1998/1998/2091
f 1968/1968/2061 1969/1969/2062 2000/2000/2093 1999/1999/2092
f 1969/1969/2062 1970/1970/2063 2001/2001/2094 2000/2000/2093
f 1970/1970/2063 1971/1971/2064 2002/2002/2095 2001/2001/2094
f 1971/1971/2064 1972/1972/2065 2003/2003/2096 2002/2002/2095
f 1972/1972/2065 1973/1973/2066 2004/2004/2097 2003/2003/2096
f 1973/1973/2066 1974/1974/2067 2005/2005/2098 2004/2004/2097
f 1974/1974/2067 1975/1975/2068 2006/2006/2099 2005/2005/2098
f 1975/1975/2068 1976/1976/2069 2007/2007/2100 2006/2006/2099
f 1976/1976/2069 1977/1977/2070 2008/2008/2101 2007/2007/2100
f 1977/1977/2070 1978/1978/2071 2009/2009/2102 2008/2008/2101
f 1978/1978/2071 1979/1979/2072 2010/2010/2103 2009/2009/2102
f 1979/1979/2072 1980/1980/2073 2011/2011/2104 2010/2010/2103
f 1980/1980/2073 1981/1981/2074 2012/2012/2105 2011/2011/2104
f 1981/1981/2074 1982/1982/2075 2013/2013/2106 2012/2012/2105
f 1982/1982/2075 1983/1983/2076 2014/2014/2107 2013/2013/2106
f 1983/1983/2076 1984/1984/2077 2015/2015/2108 2014/2014/2107
f 1984/1984/2077 1985/1985/2078 2016/2016/2109 2015/2015/2108
f 1985/1985/2078 1986/1986/2079 2017/2017/2110 2016/2016/2109
f 1986/1986/2079 1987/1987/2080 2018/2018/2111 2017/2017/2110
f 1987/1987/2080 1988/1988/2081 2019/2019/2112 2018/2018/2111
f 1989/1989/2083 1990/1990/2082 2021/2021/2113 2020/2020/2114
f 1990/1990/2082 1991/1991/2084 2022/2022/2115 2021/2021/2113
f 1991/1991/2084 1992/1992/2085 2023/2023/2116 2022/2022/2115
f 1992/1992/2085 1993/1993/2086 2024/2024/2117 2023/2023/2116
f 1993/1993/2086 1994/1994/2087 2025/2025/2118 2024/2024/2117
f 1994/1994/2087 1995/1995/2088 2026/2026/2119 2025/2025/2118
f 1995/1995/2088 1996/1996/2089 2027/2027/2120 2026/2026/2119
f 1996/1996/2089 1997/1997/2090 2028/2028/2121 2027/2027/2120
f 1997/1997/2090 1998/1998/2091 2029/2029/2122 2028/2028/2121
f 1998/1998/2091 1999/1999/2092 2030/2030/2123 2029/2029/2122
f 1999/1999/2092 2000/2000/2093 2031/2031/2124 2030/2030/2123
f 2000/2000/2093 2001/2001/2094 2032/2032/2125 2031/2031/2124
f 2001/2001/2094 2002/2002/2095 2033/2033/2126 2032/2032/2125
f 2002/2002/2095 2003/2003/2096 2034/2034/2127 2033/2033/2126
f 2003/2003/2096 2004/2004/2097 2035/2035/2128 2034/2034/2127
f 2004/2004/2097 2005/2005/2098 2036/2036/2129 2035/2035/2128
f 2005/2005/2098 2006/2006/2099 2037/2037/2130 2036/2036/2129
f 2006/2006/2099 2007/2007/2100 2038/2038/2131 2037/2037/2130
f 2007/2007/2100 2008/2008/2101 2039/2039/2132 2038/2038/2131
f 2008/2008/2101 2009/2009/2102 2040/2040/2133 2039/2039/2132
f 2009/2009/2102 2010/2010/2103 2041/2041/2134 2040/2040/2133
f 2010/2010/2103 2011/2011/2104 2042/2042/2135 2041/2041/2134
f 2011/2011/2104 2012/2012/2105 2043/2043/2136 2042/2042/2135
f 2012/2012/2105 2013/2013/2106 2044/2044/2137 2043/2043/2136
f 2013/2013/2106 2014/2014/2107 2045/2045/2138 2044/2044/2137
f 2014/2014/2107 2015/2015/2108 2046/2046/2139 2045/2045/2138
f 2015/2015/2108 2016/2016/2109 2047/2047/2140 2046/2046/2139
f 2016/2016/2109 2017/2017/2110 2048/2048/2141 2047/2047/2140
f 2017/2017/2110 2018/2018/2111 2049/2049/2142 2048/2048/2141
f 2018/2018/2111 2019/2019/2112 2050/2050/2143 2049/2049/2142
f 2020/2020/2114 2021/2021/2113 2052/2052/2144 2051/2051/2145
f 2021/2021/2113 2022/2022/2115 2053/2053/2146 2052/2052/2144
f 2022/2022/2115 2023/2023/2116 2054/2054/2147 2053/2053/2146
f 2023/2023/2116 2024/2024/2117 2055/2055/2148 2054/2054/2147
f 2024/2024/2117 2025/2025/2118 2056/2056/2149 2055/2055/2148
f 2025/2025/2118 2026/2026/2119 2057/2057/2150 2056/2056/2149
f 2026/2026/2119 2027/2027/2120 2058/2058/2151 2057/2057/2150
f 2027/2027/2120 2028/2028/2121 2059/2059/2152 2058/2058/2151
f 2028/2028/2121 2029/2029/2122 2060/2060/2153 2059/2059/2152
f 2029/2029/2122 2030/2030/2123 2061/2061/2154 2060/2060/2153
f 2030/2030/2123 2031/2031/2124 2062/2062/2155 2061/2061/2154
f 2031/2031/2124 2032/2032/2125 2063/2063/2156 2062/2062/2155
f 2032/2032/2125 2033/2033/2126 2064/2064/2157 2063/2063/2156
f 2033/2033/2126 2034/2034/2127 2065/2065/2158 2064/2064/2157
f 2034/2034/2127 2035/2035/2128 2066/2066/2159 2065/2065/2158
f 2035/2035/2128 2036/2036/2129 2067/2067/2160 2066/2066/2159
f 2036/2036/2129 2037/2037/2130 2068/2068/2161 2067/2067/2160
f 2037/2037/2130 2038/2038/2131 2069/2069/2162 2068/2068/2161
f 2038/2038/2131 2039/2039/2132 2070/2070/2163 2069/2069/2162
f 2039/2039/2132 2040/2040/2133 2071/2071/2164 2070/2070/2163
f 2040/2040/2133 2041/2041/2134 2072/2072/2165 2071/2071/2164
f 2041/2041/2134 2042/2042/2135 2073/2073/2166 2072/2072/2165
f 2042/2042/2135 2043/2043/2136 2074/2074/2167 2073/2073/2166
f 2043/2043/2136 2044/2044/2137 2075/2075/2168 2074/2074/2167
f 2044/2044/2137 2045/2045/2138 2076/2076/2169 2075/2075/2168
f 2045/2045/2138 2046/2046/2139 2077/2077/2170 2076/2076/2169
f 2046/2046/2139 2047/2047/2140 2078/2078/2171 2077/2077/2170
f 2047/2047/2140 2048/2048/2141 2079/2079/2172 2078/2078/2171
f 2048/2048/2141 2049/2049/2142 2080/2080/2173 2079/2079/2172
f 2049/2049/2142 2050/2050/2143 2081/2081/2174 2080/2080/2173
f 2051/2051/2145 2052/2052/2144 2083/2083/2175 2082/2082/2176
f 2052/2052/2144 2053/2053/2146 2084/2084/2177 2083/2083/2175
f 2053/2053/2146 2054/2054/2147 2085/2085/2178 2084/2084/2177
f 2054/2054/2147 2055/2055/2148 2086/2086/2179 2085/2085/2178
f 2055/2055/2148 2056/2056/2149 2087/2087/2180 2086/2086/2179
f 2056/2056/2149 2057/2057/2150 2088/2088/2181 2087/2087/2180
f 2057/2057/2150 2058/2058/2151 2089/2089/2182 2088/2088/2181
f 2058/2058/2151 2059/2059/2152 2090/2090/2183 2089/2089/2182
f 2059/2059/2152 2060/2060/2153 2091/2091/2184 2090/2090/2183
f 2060/2060/2153 2061/2061/2154 2092/2092/2185 2091/2091/2184
f 2061/2061/2154 2062/2062/2155 2093/2093/2186 2092/2092/2185
f 2062/2062/2155 2063/2063/2156 2094/2094/2187 2093/2093/2186
f 2063/2063/2156 2064/2064/2157 2095/2095/2188 2094/2094/2187
f 2064/2064/2157 2065/2065/2158 2096/2096/2189 2095/2095/2188
f 2065/2065/2158 2066/2066/2159 2097/2097/2190 2096/2096/2189
f 2066/2066/2159 2067/2067/2160 2098/2098/2191 2097/2097/2190
f 2067/2067/2160 2068/2068/2161 2099/2099/2192 2098/2098/2191
f 2068/2068/2161 2069/2069/2162 2100/2100/2193 2099/2099/2192
f 2069/2069/2162 2070/2070/2163 2101/2101/2194 2100/2100/2193
f 2070/2070/2163 2071/2071/2164 2102/2102/2195 2101/2101/2194
f 2071/2071/2164 2072/2072/2165 2103/2103/2196 2102/2102/2195
f 2072/2072/2165 2073/2073/2166 2104/2104/2197 2103/2103/2196
f 2073/2073/2166 2074/2074/2167 2105/2105/2198 2104/2104/2197
f 2074/2074/2167 2075/2075/2168 2106/2106/2199 2105/2105/2198
f 2075/2075/2168 2076/2076/2169 2107/2107/2200 2106/2106/2199
f 2076/2076/2169 2077/2077/2170 2108/2108/2201 2107/2107/2200
f 2077/2077/2170 2078/2078/2171 2109/2109/2202 2108/2108/2201
f 2078/2078/2171 2079/2079/2172 2110/2110/2203 2109/2109/2202
f 2079/2079/2172 2080/2080/2173 2111/2111/2204 2110/2110/2203
f 2080/2080/2173 2081/2081/2174 2112/2112/2205 2111/2111/2204
f 2082/2082/2176 2083/2083/2175 2114/2114/2206 2113/2113/2207
f 2083/2083/2175 2084/2084/2177 2115/2115/2208 2114/2114/2206
f 2084/2084/2177 2085/2085/2178 2116/2116/2209 2115/2115/2208
f 2085/2085/2178 2086/2086/2179 2117/2117/2210 2116/2116/2209
f 2086/2086/2179 2087/2087/2180 2118/2118/2211 2117/2117/2210
f 2087/2087/2180 2088/2088/2181 2119/2119/2212 2118/2118/2211
f 2088/2088/2181 2089/2089/2182 2120/2120/2213 2119/2119/2212
f 2089/2089/2182 2090/2090/2183 2121/2121/2214 2120/2120/2213
f 2090/2090/2183 2091/2091/2184 2122/2122/2215 2121/2121/2214
f 2091/2091/2184 2092/2092/2185 2123/2123/2216 2122/2122/2215
f 2092/2092/2185 2093/2093/2186 2124/2124/2217 2123/2123/2216
f 2093/2093/2186 2094/2094/2187 2125/2125/2218 2124/2124/2217
f 2094/2094/2187 2095/2095/2188 2126/2126/2219 2125/2125/2218
f 2095/2095/2188 2096/2096/2189 2127/2127/2220 2126/2126/2219
f 2096/2096/2189 2097/2097/2190 2128/2128/2221 2127/2127/2220
f 2097/2097/2190 2098/2098/2191 2129/2129/2222 2128/2128/2221
f 2098/2098/2191 2099/2099/2192 2130/2130/2223 2129/2129/2222
f 2099/2099/2192 2100/2100/2193 2131/2131/2224 2130/2130/2223
f 2100/2100/2193 2101/2101/2194 2132/2132/2225 2131/2131/2224
f 2101/2101/2194 2102/2102/2195 2133/2133/2226 2132/2132/2225
f 2102/2102/2195 2103/2103/2196 2134/2134/2227 2133/2133/2226
f 2103/2103/2196 2104/2104/2197 2135/2135/2228 2134/2134/2227
f 2104/2104/2197 2105/2105/2198 2136/2136/2229 2135/2135/2228
f 2105/2105/2198 2106/2106/2199 2137/2137/2230 2136/2136/2229
f 2106/2106/2199 2107/2107/2200 2138/2138/2231 2137/2137/2230
f 2107/2107/2200 2108/2108/2201 2139/2139/2232 2138/2138/2231
f 2108/2108/2201 2109/2109/2202 2140/2140/2233 2139/2139/2232
f 2109/2109/2202 2110/2110/2203 2141/2141/2234 2140/2140/2233
f 2110/2110/2203 2111/2111/2204 2142/2142/2235 2141/2141/2234
f 2111/2111/2204 2112/2112/2205 2143/2143/2236 2142/2142/2235
f 2113/2113/2207 2114/2114/2206 2145/2145/2237 2144/2144/2238
f 2114/2114/2206 2115/2115/2208 2146/2146/2239 2145/2145/2237
f 2115/2115/2208 2116/2116/2209 2147/2147/2240 2146/2146/2239
f 2116/2116/2209 2117/2117/2210 2148/2148/2241 2147/2147/2240
f 2117/2117/2210 2118/2118/2211 2149/2149/2242 2148/2148/2241
f 2118/2118/2211 2119/2119/2212 2150/2150/2243 2149/2149/2242
f 2119/2119/2212 2120/2120/2213 2151/2151/2244 2150/2150/2243
f 2120/2120/2213 2121/2121/2214 2152/2152/2245 2151/2151/2244
f 2121/2121/2214 2122/2122/2215 2153/2153/2246 2152/2152/2245
f 2122/2122/2215 2123/2123/2216 2154/2154/2247 2153/2153/2246
f 2123/2123/2216 2124/2124/2217 2155/2155/2248 2154/2154/2247
f 2124/2124/2217 2125/2125/2218 2156/2156/2249 2155/2155/2248
f 2125/2125/2218 2126/2126/2219 2157/2157/2250 2156/2156/2249
f 2126/2126/2219 2127/2127/2220 2158/2158/2251 2157/2157/2250
f 2127/2127/2220 2128/2128/2221 2159/2159/2252 2158/2158/2251
f 2128/2128/2221 2129/2129/2222 2160/2160/2253 2159/2159/2252
f 2129/2129/2222 2130/2130/2223 2161/2161/2254 2160/2160/2253
f 2130/2130/2223 2131/2131/2224 2162/2162/2255 2161/2161/2254
f 2131/2131/2224 2132/2132/2225 2163/2163/2256 2162/2162/2255
f 2132/2132/2225 2133/2133/2226 2164/2164/2257 2163/2163/2256
f 2133/2133/2226 2134/2134/2227 2165/2165/2258 2164/2164/2257
f 2134/2134/2227 2135/2135/2228 2166/2166/2259 2165/2165/2258
f 2135/2135/2228 2136/2136/2229 2167/2167/2260 2166/2166/2259
f 2136/2136/2229 2137/2137/2230 2168/2168/2261 2167/2167/2260
f 2137/2137/2230 2138/2138/2231 2169/2169/2262 2168/2168/2261
f 2138/2138/2231 2139/2139/2232 2170/2170/2263 2169/2169/2262
f 2139/2139/2232 2140/2140/2233 2171/2171/2264 2170/2170/2263
f 2140/2140/2233 2141/2141/2234 2172/2172/2265 2171/2171/2264
f 2141/2141/2234 2142/2142/2235 2173/2173/2266 2172/2172/2265
f 2142/2142/2235 2143/2143/2236 2174/2174/2267 2173/2173/2266
f 2144/2144/2238 2145/2145/2237 2176/2176/2268 2175/2175/2269
f 2145/2145/2237 2146/2146/2239 2177/2177/2270 2176/2176/2268
f 2146/2146/2239 2147/2147/2240 2178/2178/2271 2177/2177/2270
f 2147/2147/2240 2148/2148/2241 2179/2179/2272 2178/2178/2271
f 2148/2148/2241 2149/2149/2242 2180/2180/2273 2179/2179/2272
f 2149/2149/2242 2150/2150/2243 2181/2181/2274 2180/2180/2273
f 2150/2150/2243 2151/2151/2244 2182/2182/2275 2181/2181/2274
f 2151/2151/2244 2152/2152/2245 2183/2183/2276 2182/2182/2275
f 2152/2152/2245 2153/2153/2246 2184/2184/2277 2183/2183/2276
f 2153/2153/2246 2154/2154/2247 2185/2185/2278 2184/2184/2277
f 2154/2154/2247 2155/2155/2248 2186/2186/2279 2185/2185/2278
f 2155/2155/2248 2156/2156/2249 2187/2187/2280 2186/2186/2279
f 2156/2156/2249 2157/2157/2250 2188/2188/2281 2187/2187/2280
f 2157/2157/2250 2158/2158/2251 2189/2189/2282 2188/2188/2281
f 2158/2158/2251 2159/2159/2252 2190/2190/2283 2189/2189/2282
f 2159/2159/2252 2160/2160/2253 2191/2191/2284 2190/2190/2283
f 2160/2160/2253 2161/2161/2254 2192/2192/2285 2191/2191/2284
f 2161/2161/2254 2162/2162/2255 2193/2193/2286 2192/2192/2285
f 2162/2162/2255 2163/2163/2256 2194/2194/2287 2193/2193/2286
f 2163/2163/2256 2164/2164/2257 2195/2195/2288 2194/2194/2287
f 2164/2164/2257 2165/2165/2258 2196/2196/2289 2195/2195/2288
f 2165/2165/2258 2166/2166/2259 2197/2197/2290 2196/2196/2289
f 2166/2166/2259 2167/2167/2260 2198/2198/2291 2197/2197/2290
f 2167/2167/2260 2168/2168/2261 2199/2199/2292 2198/2198/2291
f 2168/2168/2261 2169/2169/2262 2200/2200/2293 2199/2199/2292
f 2169/2169/2262 2170/2170/2263 2201/2201/2294 2200/2200/2293
f 2170/2170/2263 2171/2171/2264 2202/2202/2295 2201/2201/2294
f 2171/2171/2264 2172/2172/2265 2203/2203/2296 2202/2202/2295
f 2172/2172/2265 2173/2173/2266 2204/2204/2297 2203/2203/2296
f 2173/2173/2266 2174/2174/2267 2205/2205/2298 2204/2204/2297
f 2175/2175/2269 2176/2176/2268 2207/2207/2299 2206/2206/2300
f 2176/2176/2268 2177/2177/2270 2208/2208/2301 2207/2207/2299
f 2177/2177/2270 2178/2178/2271 2209/2209/2302 2208/2208/2301
f 2178/2178/2271 2179/2179/2272 2210/2210/2303 2209/2209/2302
f 2179/2179/2272 2180/2180/2273 2211/2211/2304 2210/2210/2303
f 2180/2180/2273 2181/2181/2274 2212/2212/2305 2211/2211/2304
f 2181/2181/2274 2182/2182/2275 2213/2213/2306 2212/2212/2305
f 2182/2182/2275 2183/2183/2276 2214/2214/2307 2213/2213/2306
f 2183/2183/2276 2184/2184/2277 2215/2215/2308 2214/2214/2307
f 2184/2184/2277 2185/2185/2278 2216/2216/2309 2215/2215/2308
f 2185/2185/2278 2186/2186/2279 2217/2217/2310 2216/2216/2309
f 2186/2186/2279 2187/2187/2280 2218/2218/2311 2217/2217/2310
f 2187/2187/2280 2188/2188/2281 2219/2219/2312 2218/2218/2311
f 2188/2188/2281 2189/2189/2282 2220/2220/2313 2219/2219/2312
f 2189/2189/2282 2190/2190/2283 2221/2221/2314 2220/2220/2313
f 2190/2190/2283 2191/2191/2284 2222/2222/2315 2221/2221/2314
f 2191/2191/2284 2192/2192/2285 2223/2223/2316 2222/2222/2315
f 2192/2192/2285 2193/2193/2286 2224/2224/2317 2223/2223/2316
f 2193/2193/2286 2194/2194/2287 2225/2225/2318 2224/2224/2317
f 2194/2194/2287 2195/2195/2288 2226/2226/2319 2225/2225/2318
f 2195/2195/2288 2196/2196/2289 2227/2227/2320 2226/2226/2319
f 2196/2196/2289 2197/2197/2290 2228/2228/2321 2227/2227/2320
f 2197/2197/2290 2198/2198/2291 2229/2229/2322 2228/2228/2321
f 2198/2198/2291 2199/2199/2292 2230/2230/2323 2229/2229/2322
f 2199/2199/2292 2200/2200/2293 2231/2231/2324 2230/2230/2323
f 2200/2200/2293 2201/2201/2294 2232/2232/2325 2231/2231/2324
f 2201/2201/2294 2202/2202/2295 2233/2233/2326 2232/2232/2325
f 2202/2202/2295 2203/2203/2296 2234/2234/2327 2233/2233/2326
f 2203/2203/2296 2204/2204/2297 2235/2235/2328 2234/2234/2327
f 2204/2204/2297 2205/2205/2298 2236/2236/2329 2235/2235/2328
f 2206/2206/2300 2207/2207/2299 2238/2238/2330 2237/2237/2331
f 2207/2207/2299 2208/2208/2301 2239/2239/2332 2238/2238/2330
f 2208/2208/2301 2209/2209/2302 2240/2240/2333 2239/2239/2332
f 2209/2209/2302 2210/2210/2303 2241/2241/2334 2240/2240/2333
f 2210/2210/2303 2211/2211/2304 2242/2242/2335 2241/2241/2334
f 2211/2211/2304 2212/2212/2305 2243/2243/2336 2242/2242/2335
f 2212/2212/2305 2213/2213/2306 2244/2244/2337 2243/2243/2336
f 2213/2213/2306 2214/2214/2307 2245/2245/2338 2244/2244/2337
f 2214/2214/2307 2215/2215/2308 2246/2246/2339 2245/2245/2338
f 2215/2215/2308 2216/2216/2309 2247/2247/2340 2246/2246/2339
f 2216/2216/2309 2217/2217/2310 2248/2248/2341 2247/2247/2340
f 2217/2217/2310 2218/2218/2311 2249/2249/2342 2248/2248/2341
f 2218/2218/2311 2219/2219/2312 2250/2250/2343 2249/2249/2342
f 2219/2219/2312 2220/2220/2313 2251/2251/2344 2250/2250/2343
f 2220/2220/2313 2221/2221/2314 2252/2252/2345 2251/2251/2344
f 2221/2221/2314 2222/2222/2315 2253/2253/2346 2252/2252/2345
f 2222/2222/2315 2223/2223/2316 2254/2254/2347 2253/2253/2346
f 2223/2223/2316 2224/2224/2317 2255/2255/2348 2254/2254/2347
f 2224/2224/2317 2225/2225/2318 2256/2256/2349 2255/2255/2348
f 2225/2225/2318 2226/2226/2319 2257/2257/2350 2256/2256/2349
f 2226/2226/2319 2227/2227/2320 2258/2258/2351 2257/2257/2350
f 2227/2227/2320 2228/2228/2321 2259/2259/2352 2258/2258/2351
f 2228/2228/2321 2229/2229/2322 2260/2260/2353 2259/2259/2352
f 2229/2229/2322 2230/2230/2323 2261/2261/2354 2260/2260/2353
f 2230/2230/2323 2231/2231/2324 2262/2262/2355 2261/2261/2354
f 2231/2231/2324 2232/2232/2325 2263/2263/2356 2262/2262/2355
f 2232/2232/2325 2233/2233/2326 2264/2264/2357 2263/2263/2356
f 2233/2233/2326 2234/2234/2327 2265/2265/2358 2264/2264/2357
f 2234/2234/2327 2235/2235/2328 2266/2266/2359 2265/2265/2358
f 2235/2235/2328 2236/2236/2329 2267/2267/2360 2266/2266/2359
f 2237/2237/2331 2238/2238/2330 2269/2269/2361 2268/2268/2362
f 2238/2238/2330 2239/2239/2332 2270/2270/2363 2269/2269/2361
f 2239/2239/2332 2240/2240/2333 2271/2271/2364 2270/2270/2363
f 2240/2240/2333 2241/2241/2334 2272/2272/2365 2271/2271/2364
f 2241/2241/2334 2242/2242/2335 2273/2273/2366 2272/2272/2365
f 2242/2242/2335 2243/2243/2336 2274/2274/2367 2273/2273/2366
f 2243/2243/2336 2244/2244/2337 2275/2275/2368 2274/2274/2367
f 2244/2244/2337 2245/2245/2338 2276/2276/2369 2275/2275/2368
f 2245/2245/2338 2246/2246/2339 2277/2277/2370 2276/2276/2369
f 2246/2246/2339 2247/2247/2340 2278/2278/2371 2277/2277/2370
f 2247/2247/2340 2248/2248/2341 2279/2279/2372 2278/2278/2371
f 2248/2248/2341 2249/2249/2342 2280/2280/2373 2279/2279/2372
f 2249/2249/2342 2250/2250/2343 2281/2281/2374 2280/2280/2373
f 2250/2250/2343 2251/2251/2344 2282/2282/2375 2281/2281/2374
f 2251/2251/2344 2252/2252/2345 2283/2283/2376 2282/2282/2375
f 2252/2252/2345 2253/2253/2346 2284/2284/2377 2283/2283/2376
f 2253/2253/2346 2254/2254/2347 2285/2285/2378 2284/2284/2377
f 2254/2254/2347 2255/2255/2348 2286/2286/2379 2285/2285/2378
f 2255/2255/2348 2256/2256/2349 2287/2287/2380 2286/2286/2379
f 2256/2256/2349 2257/2257/2350 2288/2288/2381 2287/2287/2380
f 2257/2257/2350 2258/2258/2351 2289/2289/2382 2288/2288/2381
f 2258/2258/2351 2259/2259/2352 2290/2290/2383 2289/2289/2382
f 2259/2259/2352 2260/2260/2353 2291/2291/2384 2290/2290/2383
f 2260/2260/2353 2261/2261/2354 2292/2292/2385 2291/2291/2384
f 2261/2261/2354 2262/2262/2355 2293/2293/2386 2292/2292/2385
f 2262/2262/2355 2263/2263/2356 2294/2294/2387 2293/2293/2386
f 2263/2263/2356 2264/2264/2357 2295/2295/2388 2294/2294/2387
f 2264/2264/2357 2265/2265/2358 2296/2296/2389 2295/2295/2388
f 2265/2265/2358 2266/2266/2359 2297/2297/2390 2296/2296/2389
f 2266/2266/2359 2267/2267/2360 2298/2298/2391 2297/2297/2390
f 2268/2268/2362 2269/2269/2361 6/2300/2392 5/2299/2393
f 2269/2269/2361 2270/2270/2363 7/2301/2394 6/2300/2392
f 2270/2270/2363 2271/2271/2364 8/2302/2395 7/2301/2394
f 2271/2271/2364 2272/2272/2365 9/2303/2396 8/2302/2395
f 2272/2272/2365 2273/2273/2366 10/2304/2397 9/2303/2396
f 2273/2273/2366 2274/2274/2367 11/2305/2398 10/2304/2397
f 2274/2274/2367 2275/2275/2368 12/2306/2399 11/2305/2398
f 2275/2275/2368 2276/2276/2369 13/2307/2400 12/2306/2399
f 2276/2276/2369 2277/2277/2370 14/2308/2401 13/2307/2400
f 2277/2277/2370 2278/2278/2371 15/2309/2402 14/2308/2401
f 2278/2278/2371 2279/2279/2372 16/2310/2403 15/2309/2402
f 2279/2279/2372 2280/2280/2373 17/2311/2404 16/2310/2403
f 2280/2280/2373 2281/2281/2374 18/2312/2405 17/2311/2404
f 2281/2281/2374 2282/2282/2375 19/2313/2406 18/2312/2405
f 2282/2282/2375 2283/2283/2376 20/2314/2407 19/2313/2406
f 2283/2283/2376 2284/2284/2377 21/2315/2408 20/2314/2407
f 2284/2284/2377 2285/2285/2378 22/2316/2409 21/2315/2408
f 2285/2285/2378 2286/2286/2379 23/2317/2410 22/2316/2409
f 2286/2286/2379 2287/2287/2380 24/2318/2411 23/2317/2410
f 2287/2287/2380 2288/2288/2381 25/2319/2412 24/2318/2411
f 2288/2288/2381 2289/2289/2382 26/2320/2413 25/2319/2412
f 2289/2289/2382 2290/2290/2383 27/2321/2414 26/2320/2413
f 2290/2290/2383 2291/2291/2384 28/2322/2415 27/2321/2414
f 2291/2291/2384 2292/2292/2385 29/2323/2416 28/2322/2415
f 2292/2292/2385 2293/2293/2386 30/2324/2417 29/2323/2416
f 2293/2293/2386 2294/2294/2387 31/2325/2418 30/2324/2417
f 2294/2294/2387 2295/2295/2388 32/2326/2419 31/2325/2418
f 2295/2295/2388 2296/2296/2389 33/2327/2420 32/2326/2419
f 2296/2296/2389 2297/2297/2390 34/2328/2421 33/2327/2420
f 2297/2297/2390 2298/2298/2391 35/2329/2422 34/2328/2421
s 5
f 1275/2331/2423 1244/2330/2424 1213/2365/2425 2299/2366/2426
f 1306/2332/2427 1275/2331/2423 2299/2366/2426 2300/2367/2428
f 1337/2333/2429 1306/2332/2427 2300/2367/2428 2301/2368/2430
f 1368/2334/2431 1337/2333/2429 2301/2368/2430 2302/2369/2432
f 1399/2335/2433 1368/2334/2431 2302/2369/2432 2303/2370/2434
f 1430/2336/2435 1399/2335/2433 2303/2370/2434 2304/2371/2436
f 1461/2337/2437 1430/2336/2435 2304/2371/2436 2305/2372/2438
f 1492/2338/2439 1461/2337/2437 2305/2372/2438 2306/2373/2440
f 1523/2339/2441 1492/2338/2439 2306/2373/2440 2307/2374/2442
f 1554/2340/2443 1523/2339/2441 2307/2374/2442 2308/2375/2444
f 1585/2341/2445 1554/2340/2443 2308/2375/2444 2309/2376/2446
f 1616/2342/2447 1585/2341/2445 2309/2376/2446 2310/2377/2448
f 1647/2343/2449 1616/2342/2447 2310/2377/2448 2311/2378/2450
f 1678/2344/2451 1647/2343/2449 2311/2378/2450 2312/2379/2452
f 1709/2345/2453 1678/2344/2451 2312/2379/2452 2313/2380/2454
f 1740/2346/2455 1709/2345/2453 2313/2380/2454 2314/2381/2456
f 1771/2347/2457 1740/2346/2455 2314/2381/2456 2315/2382/2458
f 1802/2348/2459 1771/2347/2457 2315/2382/2458 2316/2383/2460
f 1833/2349/2461 1802/2348/2459 2316/2383/2460 2317/2384/2462
f 1864/2350/2463 1833/2349/2461 2317/2384/2462 2318/2385/2464
f 1895/2351/2465 1864/2350/2463 2318/2385/2464 2319/2386/2466
f 1926/2352/2467 1895/2351/2465 2319/2386/2466 2320/2387/2468
f 1957/2353/2469 1926/2352/2467 2320/2387/2468 2321/2388/2470
f 1988/2354/2471 1957/2353/2469 2321/2388/2470 2322/2389/2472
f 2019/2355/2473 1988/2354/2471 2322/2389/2472 2323/2390/2474
f 2050/2356/2475 2019/2355/2473 2323/2390/2474 2324/2391/2476
f 2081/2357/2477 2050/2356/2475 2324/2391/2476 2325/2392/2478
f 2112/2358/2479 2081/2357/2477 2325/2392/2478 2326/2393/2480
f 2143/2359/2481 2112/2358/2479 2326/2393/2480 2327/2394/2482
f 2174/2360/2483 2143/2359/2481 2327/2394/2482 2328/2395/2484
f 2205/2361/2485 2174/2360/2483 2328/2395/2484 2329/2396/2486
f 2236/2362/2487 2205/2361/2485 2329/2396/2486 2330/2397/2488
f 2267/2363/2489 2236/2362/2487 2330/2397/2488 2331/2398/2490
f 2298/2364/2491 2267/2363/2489 2331/2398/2490 2332/2399/2492
f 35/35/2493 2298/2364/2491 2332/2399/2492 66/66/2494
f 2299/2366/2426 1213/2365/2425 1182/2400/2495 1151/2401/2496
f 2300/2367/2428 2299/2366/2426 1151/2401/2496 1120/2402/2497
f 2301/2368/2430 2300/2367/2428 1120/2402/2497 1089/2403/2498
f 2302/2369/2432 2301/2368/2430 1089/2403/2498 1058/2404/2499
f 2303/2370/2434 2302/2369/2432 1058/2404/2499 1027/2405/2500
f 2304/2371/2436 2303/2370/2434 1027/2405/2500 996/2406/2501
f 2305/2372/2438 2304/2371/2436 996/2406/2501 965/2407/2502
f 2306/2373/2440 2305/2372/2438 965/2407/2502 934/2408/2503
f 2307/2374/2442 2306/2373/2440 934/2408/2503 903/2409/2504
f 2308/2375/2444 2307/2374/2442 903/2409/2504 872/2410/2505
f 2309/2376/2446 2308/2375/2444 872/2410/2505 841/2411/2506
f 2310/2377/2448 2309/2376/2446 841/2411/2506 810/2412/2507
f 2311/2378/2450 2310/2377/2448 810/2412/2507 779/2413/2508
f 2312/2379/2452 2311/2378/2450 779/2413/2508 748/2414/2509
f 2313/2380/2454 2312/2379/2452 748/2414/2509 717/2415/2510
f 2314/2381/2456 2313/2380/2454 717/2415/2510 686/2416/2511
f 2315/2382/2458 2314/2381/2456 686/2416/2511 655/2417/2512
f 2316/2383/2460 2315/2382/2458 655/2417/2512 624/2418/2513
f 2317/2384/2462 2316/2383/2460 624/2418/2513 593/2419/2514
f 2318/2385/2464 2317/2384/2462 593/2419/2514 562/2420/2515
f 2319/2386/2466 2318/2385/2464 562/2420/2515 531/2421/2516
f 2320/2387/2468 2319/2386/2466 531/2421/2516 500/2422/2517
f 2321/2388/2470 2320/2387/2468 500/2422/2517 469/2423/2518
f 2322/2389/2472 2321/2388/2470 469/2423/2518 438/2424/2519
f 2323/2390/2474 2322/2389/2472 438/2424/2519 407/2425/2520
f 2324/2391/2476 2323/2390/2474 407/2425/2520 376/2426/2521
f 2325/2392/2478 2324/2391/2476 376/2426/2521 345/2427/2522
f 2326/2393/2480 2325/2392/2478 345/2427/2522 314/2428/2523
f 2327/2394/2482 2326/2393/2480 314/2428/2523 283/2429/2524
f 2328/2395/2484 2327/2394/2482 283/2429/2524 252/2430/2525
f 2329/2396/2486 2328/2395/2484 252/2430/2525 221/2431/2526
f 2330/2397/2488 2329/2396/2486 221/2431/2526 190/2432/2527
f 2331/2398/2490 2330/2397/2488 190/2432/2527 159/2433/2528
f 2332/2399/2492 2331/2398/2490 159/2433/2528 128/2434/2529
f 66/66/2494 2332/2399/2492 128/2434/2529 97/97/2530
s 6
f 1214/2435/2531 1245/2436/2532 2333/2471/2533 1183/2470/2534
f 1245/2436/2532 1276/2437/2535 2334/2472/2536 2333/2471/2533
f 1276/2437/2535 1307/2438/2537 2335/2473/2538 2334/2472/2536
f 1307/2438/2537 1338/2439/2539 2336/2474/2540 2335/2473/2538
f 1338/2439/2539 1369/2440/2541 2337/2475/2542 2336/2474/2540
f 1369/2440/2541 1400/2441/2543 2338/2476/2544 2337/2475/2542
f 1400/2441/2543 1431/2442/2545 2339/2477/2546 2338/2476/2544
f 1431/2442/2545 1462/2443/2547 2340/2478/2548 2339/2477/2546
f 1462/2443/2547 1493/2444/2549 2341/2479/2550 2340/2478/2548
f 1493/2444/2549 1524/2445/2551 2342/2480/2552 2341/2479/2550
f 1524/2445/2551 1555/2446/2553 2343/2481/2554 2342/2480/2552
f 1555/2446/2553 1586/2447/2555 2344/2482/2556 2343/2481/2554
f 1586/2447/2555 1617/2448/2557 2345/2483/2558 2344/2482/2556
f 1617/2448/2557 1648/2449/2559 2346/2484/2560 2345/2483/2558
f 1648/2449/2559 1679/2450/2561 2347/2485/2562 2346/2484/2560
f 1679/2450/2561 1710/2451/2563 2348/2486/2564 2347/2485/2562
f 1710/2451/2563 1741/2452/2565 2349/2487/2566 2348/2486/2564
f 1741/2452/2565 1772/2453/2567 2350/2488/2568 2349/2487/2566
f 1772/2453/2567 1803/2454/2569 2351/2489/2570 2350/2488/2568
f 1803/2454/2569 1834/2455/2571 2352/2490/2572 2351/2489/2570
f 1834/2455/2571 1865/2456/2573 2353/2491/2574 2352/2490/2572
f 1865/2456/2573 1896/2457/2575 2354/2492/2576 2353/2491/2574
f 1896/2457/2575 1927/2458/2577 2355/2493/2578 2354/2492/2576
f 1927/2458/2577 1958/2459/2579 2356/2494/2580 2355/2493/2578
f 1958/2459/2579 1989/2460/2581 2357/2495/2582 2356/2494/2580
f 1989/2460/2581 2020/2461/2583 2358/2496/2584 2357/2495/2582
f 2020/2461/2583 2051/2462/2585 2359/2497/2586 2358/2496/2584
f 2051/2462/2585 2082/2463/2587 2360/2498/2588 2359/2497/2586
f 2082/2463/2587 2113/2464/2589 2361/2499/2590 2360/2498/2588
f 2113/2464/2589 2144/2465/2591 2362/2500/2592 2361/2499/2590
f 2144/2465/2591 2175/2466/2593 2363/2501/2594 2362/2500/2592
f 2175/2466/2593 2206/2467/2595 2364/2502/2596 2363/2501/2594
f 2206/2467/2595 2237/2468/2597 2365/2503/2598 2364/2502/2596
f 2237/2468/2597 2268/2469/2599 2366/2504/2600 2365/2503/2598
f 2268/2469/2599 5/5/2601 36/36/2602 2366/2504/2600
f 1183/2470/2534 2333/2471/2533 1121/2506/2603 1152/2505/2604
f 2333/2471/2533 2334/2472/2536 1090/2507/2605 1121/2506/2603
f 2334/2472/2536 2335/2473/2538 1059/2508/2606 1090/2507/2605
f 2335/2473/2538 2336/2474/2540 1028/2509/2607 1059/2508/2606
f 2336/2474/2540 2337/2475/2542 997/2510/2608 1028/2509/2607
f 2337/2475/2542 2338/2476/2544 966/2511/2609 997/2510/2608
f 2338/2476/2544 2339/2477/2546 935/2512/2610 966/2511/2609
f 2339/2477/2546 2340/2478/2548 904/2513/2611 935/2512/2610
f 2340/2478/2548 2341/2479/2550 873/2514/2612 904/2513/2611
f 2341/2479/2550 2342/2480/2552 842/2515/2613 873/2514/2612
f 2342/2480/2552 2343/2481/2554 811/2516/2614 842/2515/2613
f 2343/2481/2554 2344/2482/2556 780/2517/2615 811/2516/2614
f 2344/2482/2556 2345/2483/2558 749/2518/2616 780/2517/2615
f 2345/2483/2558 2346/2484/2560 718/2519/2617 749/2518/2616
f 2346/2484/2560 2347/2485/2562 687/2520/2618 718/2519/2617
f 2347/2485/2562 2348/2486/2564 656/2521/2619 687/2520/2618
f 2348/2486/2564 2349/2487/2566 625/2522/2620 656/2521/2619
f 2349/2487/2566 2350/2488/2568 594/2523/2621 625/2522/2620
f 2350/2488/2568 2351/2489/2570 563/2524/2622 594/2523/2621
f 2351/2489/2570 2352/2490/2572 532/2525/2623 563/2524/2622
f 2352/2490/2572 2353/2491/2574 501/2526/2624 532/2525/2623
f 2353/2491/2574 2354/2492/2576 470/2527/2625 501/2526/2624
f 2354/2492/2576 2355/2493/2578 439/2528/2626 470/2527/2625
f 2355/2493/2578 2356/2494/2580 408/2529/2627 439/2528/2626
f 2356/2494/2580 2357/2495/2582 377/2530/2628 408/2529/2627
f 2357/2495/2582 2358/2496/2584 346/2531/2629 377/2530/2628
f 2358/2496/2584 2359/2497/2586 315/2532/2630 346/2531/2629
f 2359/2497/2586 2360/2498/2588 284/2533/2631 315/2532/2630
f 2360/2498/2588 2361/2499/2590 253/2534/2632 284/2533/2631
f 2361/2499/2590 2362/2500/2592 222/2535/2633 253/2534/2632
f 2362/2500/2592 2363/2501/2594 191/2536/2634 222/2535/2633
f 2363/2501/2594 2364/2502/2596 160/2537/2635 191/2536/2634
f 2364/2502/2596 2365/2503/2598 129/2538/2636 160/2537/2635
f 2365/2503/2598 2366/2504/2600 98/2539/2637 129/2538/2636
f 2366/2504/2600 36/36/2602 67/67/2638 98/2539/2637
